
> @agent-native/docs@ prebuild C:\Users\james\orgs\oss\jami-studio\packages\docs
> vitest run app/components/docBlocks.validate.test.tsx


 RUN  v4.1.9 C:/Users/james/orgs/oss/jami-studio/packages/docs


 Test Files  1 passed (1)
      Tests  12 passed (12)
   Start at  23:35:22
   Duration  37.17s (transform 4.31s, setup 0ms, import 25.81s, tests 11.17s, environment 0ms)


> @agent-native/docs@ build C:\Users\james\orgs\oss\jami-studio\packages\docs
> agent-native build

Building (React Router framework mode)...
(node:108792) [DEP0190] DeprecationWarning: Passing args to a child process with shell option true can lead to security vulnerabilities, as the arguments are not escaped, only concatenated.
(Use `node --trace-deprecation ...` to show where the warning was created)
Using Vite Environment API
[36mvite v8.1.0 [32mbuilding client environment for production...[36m[39m
[2K
transforming...[38;5;147m[LARGE_BARREL_MODULES] [0m../../node_modules/.pnpm/@tabler+icons-react@3.44.0_react@19.2.7/node_modules/@tabler/icons-react/dist/esm/tabler-icons-react.mjs has 6149 re-exports. Eagerly resolving every entry can significantly slow down the build. Consider using `@rolldown/plugin-transform-imports` to rewrite imports at the source level so the barrel file is never loaded.
 [38;5;240m Γöé[0m 
 [38;5;240m Γöé[0m [38;5;115mHelp[0m: See https://github.com/rolldown/plugins/tree/main/packages/transform-imports for usage.

Γ£ô 4161 modules transformed.
rendering chunks...
computing gzip size...
build/client/.vite/manifest.json                                600.49 kB Γöé gzip:  51.44 kB
build/client/assets/global-C8bLlqbI.css                         269.78 kB Γöé gzip:  41.60 kB
build/client/assets/apps.mail-BoS6ixfU.js                         0.03 kB Γöé gzip:   0.05 kB
build/client/assets/apps.plan-BdKCQY10.js                         0.03 kB Γöé gzip:   0.05 kB
build/client/assets/apps.clips-BOmn4_aV.js                        0.03 kB Γöé gzip:   0.05 kB
build/client/assets/apps.forms-z33w1LWN.js                        0.03 kB Γöé gzip:   0.05 kB
build/client/assets/apps.design-Ca1bD4Q8.js                       0.03 kB Γöé gzip:   0.05 kB
build/client/assets/apps.slides-BtocsTQy.js                       0.03 kB Γöé gzip:   0.05 kB
build/client/assets/apps.content-CpX0Dnw1.js                      0.04 kB Γöé gzip:   0.06 kB
build/client/assets/apps.calendar-fDME2PJX.js                     0.04 kB Γöé gzip:   0.06 kB
build/client/assets/apps.dispatch-BYNggIIM.js                     0.04 kB Γöé gzip:   0.06 kB
build/client/assets/apps.analytics-BDeK-dWI.js                    0.04 kB Γöé gzip:   0.06 kB
build/client/assets/python-6UJTEiNq.js                            0.05 kB Γöé gzip:   0.07 kB
build/client/assets/css-w8EpOoys.js                               0.05 kB Γöé gzip:   0.07 kB
build/client/assets/jsx-CvEBvUGu.js                               0.05 kB Γöé gzip:   0.07 kB
build/client/assets/markdown-BK4fiefF.js                          0.05 kB Γöé gzip:   0.07 kB
build/client/assets/sql-CTgCyGNT.js                               0.05 kB Γöé gzip:   0.07 kB
build/client/assets/tsx-DQVdcHE3.js                               0.05 kB Γöé gzip:   0.07 kB
build/client/assets/_locale.apps-Deu6yCk5.js                      0.06 kB Γöé gzip:   0.07 kB
build/client/assets/apps-Deu6yCk5.js                              0.06 kB Γöé gzip:   0.07 kB
build/client/assets/html-Dt93wDtY.js                              0.06 kB Γöé gzip:   0.07 kB
build/client/assets/json-D07Q6QJg.js                              0.06 kB Γöé gzip:   0.07 kB
build/client/assets/yaml-BZYT55zA.js                              0.06 kB Γöé gzip:   0.07 kB
build/client/assets/_index-DeKIEoxS.js                            0.06 kB Γöé gzip:   0.07 kB
build/client/assets/_locale._index-DeKIEoxS.js                    0.06 kB Γöé gzip:   0.07 kB
build/client/assets/_locale.download-CCwLvDq6.js                  0.06 kB Γöé gzip:   0.07 kB
build/client/assets/download-CCwLvDq6.js                          0.06 kB Γöé gzip:   0.07 kB
build/client/assets/_locale.templates-DjTr4iDN.js                 0.06 kB Γöé gzip:   0.08 kB
build/client/assets/templates-DjTr4iDN.js                         0.06 kB Γöé gzip:   0.08 kB
build/client/assets/javascript-BFaT6aUC.js                        0.06 kB Γöé gzip:   0.08 kB
build/client/assets/typescript-DBULQYIm.js                        0.06 kB Γöé gzip:   0.08 kB
build/client/assets/bash-CkBkju7Y.js                              0.06 kB Γöé gzip:   0.08 kB
build/client/assets/shellscript-CkBkju7Y.js                       0.06 kB Γöé gzip:   0.08 kB
build/client/assets/github-dark-default-Dk3Gj2bt.js               0.07 kB Γöé gzip:   0.08 kB
build/client/assets/github-light-default-CC-h3suv.js              0.07 kB Γöé gzip:   0.08 kB
build/client/assets/_locale.templates._index-CrIkyWuZ.js          0.07 kB Γöé gzip:   0.08 kB
build/client/assets/templates._index-CrIkyWuZ.js                  0.07 kB Γöé gzip:   0.08 kB
build/client/assets/_locale.skills-_xn4pdzv.js                    0.07 kB Γöé gzip:   0.08 kB
build/client/assets/skills-_xn4pdzv.js                            0.07 kB Γöé gzip:   0.08 kB
build/client/assets/_locale.apps._index-Birm_0CL.js               0.07 kB Γöé gzip:   0.09 kB
build/client/assets/_locale.docs._index-Lw6edTs6.js               0.07 kB Γöé gzip:   0.09 kB
build/client/assets/apps._index-Birm_0CL.js                       0.07 kB Γöé gzip:   0.09 kB
build/client/assets/docs._index-Lw6edTs6.js                       0.07 kB Γöé gzip:   0.09 kB
build/client/assets/_locale.templates.mail-CNoHSOXW.js            0.08 kB Γöé gzip:   0.09 kB
build/client/assets/_locale.templates.plan-B1okNrck.js            0.08 kB Γöé gzip:   0.09 kB
build/client/assets/templates.mail-CNoHSOXW.js                    0.08 kB Γöé gzip:   0.09 kB
build/client/assets/templates.plan-B1okNrck.js                    0.08 kB Γöé gzip:   0.09 kB
build/client/assets/_locale.apps._slug-BjnbKM9S.js                0.08 kB Γöé gzip:   0.09 kB
build/client/assets/_locale.templates._slug-BjnbKM9S.js           0.08 kB Γöé gzip:   0.09 kB
build/client/assets/_locale.templates.clips-BtQsrR2D.js           0.08 kB Γöé gzip:   0.09 kB
build/client/assets/_locale.templates.forms-Bw5Bu6J3.js           0.08 kB Γöé gzip:   0.09 kB
build/client/assets/apps._slug-BjnbKM9S.js                        0.08 kB Γöé gzip:   0.09 kB
build/client/assets/templates._slug-BjnbKM9S.js                   0.08 kB Γöé gzip:   0.09 kB
build/client/assets/templates.clips-BtQsrR2D.js                   0.08 kB Γöé gzip:   0.09 kB
build/client/assets/templates.forms-Bw5Bu6J3.js                   0.08 kB Γöé gzip:   0.09 kB
build/client/assets/_locale.templates.design-DbDglS7V.js          0.08 kB Γöé gzip:   0.09 kB
build/client/assets/_locale.templates.slides-RQeKGmq-.js          0.08 kB Γöé gzip:   0.09 kB
build/client/assets/templates.design-DbDglS7V.js                  0.08 kB Γöé gzip:   0.09 kB
build/client/assets/templates.slides-RQeKGmq-.js                  0.08 kB Γöé gzip:   0.09 kB
build/client/assets/_locale.templates.content-BSic38f_.js         0.08 kB Γöé gzip:   0.09 kB
build/client/assets/templates.content-BSic38f_.js                 0.08 kB Γöé gzip:   0.09 kB
build/client/assets/_locale.docs._slug-C6Jheoto.js                0.08 kB Γöé gzip:   0.09 kB
build/client/assets/_locale.templates.calendar-ZVTFoHhg.js        0.08 kB Γöé gzip:   0.09 kB
build/client/assets/_locale.templates.dispatch-Di5XgH8m.js        0.08 kB Γöé gzip:   0.09 kB
build/client/assets/docs._locale._slug-C6Jheoto.js                0.08 kB Γöé gzip:   0.09 kB
build/client/assets/templates.calendar-ZVTFoHhg.js                0.08 kB Γöé gzip:   0.09 kB
build/client/assets/templates.dispatch-Di5XgH8m.js                0.08 kB Γöé gzip:   0.09 kB
build/client/assets/_locale.templates.analytics-BiLBBRzI.js       0.08 kB Γöé gzip:   0.09 kB
build/client/assets/templates.analytics-BiLBBRzI.js               0.08 kB Γöé gzip:   0.09 kB
build/client/assets/_index-B2Qfc1Pj.js                            0.08 kB Γöé gzip:   0.10 kB
build/client/assets/docs.core-philosophy-D2LY06Ik.js              0.09 kB Γöé gzip:   0.11 kB
build/client/assets/docs.database-adapters-D2LY06Ik.js            0.09 kB Γöé gzip:   0.11 kB
build/client/assets/array-BifhSqXX.js                             0.10 kB Γöé gzip:   0.11 kB
build/client/assets/_locale.apps.mail-BtNgJXXR.js                 0.11 kB Γöé gzip:   0.11 kB
build/client/assets/_locale.apps.plan-DCbZz6_K.js                 0.11 kB Γöé gzip:   0.11 kB
build/client/assets/apps.mail-BtNgJXXR.js                         0.11 kB Γöé gzip:   0.11 kB
build/client/assets/apps.plan-DCbZz6_K.js                         0.11 kB Γöé gzip:   0.11 kB
build/client/assets/channel-B1UNzVoR.js                           0.11 kB Γöé gzip:   0.12 kB
build/client/assets/_locale.apps.clips-C7WX6N11.js                0.11 kB Γöé gzip:   0.11 kB
build/client/assets/_locale.apps.forms--rJhjBf3.js                0.11 kB Γöé gzip:   0.11 kB
build/client/assets/apps.clips-C7WX6N11.js                        0.11 kB Γöé gzip:   0.11 kB
build/client/assets/apps.forms--rJhjBf3.js                        0.11 kB Γöé gzip:   0.11 kB
build/client/assets/_locale.apps.design-CTC3sjMr.js               0.11 kB Γöé gzip:   0.11 kB
build/client/assets/_locale.apps.slides-BgJFLMoB.js               0.11 kB Γöé gzip:   0.11 kB
build/client/assets/apps.design-CTC3sjMr.js                       0.11 kB Γöé gzip:   0.11 kB
build/client/assets/apps.slides-BgJFLMoB.js                       0.11 kB Γöé gzip:   0.11 kB
build/client/assets/_locale.apps.content-PrwlprlM.js              0.12 kB Γöé gzip:   0.11 kB
build/client/assets/apps.content-PrwlprlM.js                      0.12 kB Γöé gzip:   0.11 kB
build/client/assets/_locale.apps.calendar-Bq_O8Kfx.js             0.12 kB Γöé gzip:   0.11 kB
build/client/assets/_locale.apps.dispatch-CqyUV0YK.js             0.12 kB Γöé gzip:   0.11 kB
build/client/assets/apps.calendar-Bq_O8Kfx.js                     0.12 kB Γöé gzip:   0.11 kB
build/client/assets/apps.dispatch-CqyUV0YK.js                     0.12 kB Γöé gzip:   0.11 kB
build/client/assets/pie-LRSECV5Y-Du2ESaB9.js                      0.12 kB Γöé gzip:   0.12 kB
build/client/assets/info-J43DQDTF-EkqUtbHa.js                     0.12 kB Γöé gzip:   0.12 kB
build/client/assets/_locale.apps.analytics-BLzryAX0.js            0.12 kB Γöé gzip:   0.12 kB
build/client/assets/apps.analytics-BLzryAX0.js                    0.12 kB Γöé gzip:   0.12 kB
build/client/assets/radar-GUYGQ44K-DQ7T9csu.js                    0.12 kB Γöé gzip:   0.12 kB
build/client/assets/packet-YPE3B663-q0lDkd7B.js                   0.12 kB Γöé gzip:   0.12 kB
build/client/assets/treemap-LRROVOQU-BfiJpkcL.js                  0.12 kB Γöé gzip:   0.12 kB
build/client/assets/wardley-L42UT6IY-Dl64Or6b.js                  0.12 kB Γöé gzip:   0.13 kB
build/client/assets/gitGraph-WXDBUCRP-tDuqgquB.js                 0.12 kB Γöé gzip:   0.13 kB
build/client/assets/treeView-BLDUP644-V9FTq6y5.js                 0.12 kB Γöé gzip:   0.13 kB
build/client/assets/architecture-7EHR7CIX-DWcPqqdB.js             0.13 kB Γöé gzip:   0.13 kB
build/client/assets/eventmodeling-FCH6USID-Cn1QMK26.js            0.13 kB Γöé gzip:   0.13 kB
build/client/assets/percentages-BXMCSKIN-C30tE4Dt.js              0.13 kB Γöé gzip:   0.12 kB
build/client/assets/init-D6jRqBbL.js                              0.14 kB Γöé gzip:   0.12 kB
build/client/assets/image-GAAHSSAO-DUQFv664.js                    0.14 kB Γöé gzip:   0.13 kB
build/client/assets/apps-PAHI1EyM.js                              0.15 kB Γöé gzip:   0.14 kB
build/client/assets/templates-PAHI1EyM.js                         0.15 kB Γöé gzip:   0.14 kB
build/client/assets/_locale-B1oj4LOC.js                           0.16 kB Γöé gzip:   0.14 kB
build/client/assets/chunk-QZHKN3VN-Db_zUbCC.js                    0.18 kB Γöé gzip:   0.15 kB
build/client/assets/subset-shared.chunk-BTh8BD_f.js               0.18 kB Γöé gzip:   0.15 kB
build/client/assets/chunk-4BX2VUAB-CdnuERfC.js                    0.21 kB Γöé gzip:   0.16 kB
build/client/assets/chunk-55IACEB6-Ob_nSarW.js                    0.22 kB Γöé gzip:   0.19 kB
build/client/assets/IconAppWindow-dmJztvi5.js                     0.28 kB Γöé gzip:   0.20 kB
build/client/assets/IconTerminal2-CBtUAY4S.js                     0.29 kB Γöé gzip:   0.21 kB
build/client/assets/chunk-FMBD7UC4-CluAPB_L.js                    0.35 kB Γöé gzip:   0.26 kB
build/client/assets/subset-worker.chunk-DFzglICi.js               0.36 kB Γöé gzip:   0.28 kB
build/client/assets/IconCopy-1C_MDCF7.js                          0.40 kB Γöé gzip:   0.25 kB
build/client/assets/jsx-runtime-Rxp_5k5a.js                       0.42 kB Γöé gzip:   0.29 kB
build/client/assets/IconBrandGithub-DNMX7QA8.js                   0.43 kB Γöé gzip:   0.28 kB
build/client/assets/file-open-7c801643-DZtJT5zp.js                0.44 kB Γöé gzip:   0.31 kB
build/client/assets/file-open-002ab408-BHUWm0Sh.js                0.52 kB Γöé gzip:   0.32 kB
build/client/assets/chunk-2J33WTMH-pU53kst1.js                    0.53 kB Γöé gzip:   0.38 kB
build/client/assets/codeowners-C8r90Shi.js                        0.54 kB Γöé gzip:   0.31 kB
build/client/assets/directory-open-01563666-D4xXyWb_.js           0.58 kB Γöé gzip:   0.36 kB
build/client/assets/chunk-SRAX5OIU-CR3kV5WR.js                    0.59 kB Γöé gzip:   0.38 kB
build/client/assets/infoDiagram-5YYISTIA-OmK2BWXc.js              0.61 kB Γöé gzip:   0.40 kB
build/client/assets/chunk-Z3N5DIM6-D9TMVU7m.js                    0.64 kB Γöé gzip:   0.42 kB
build/client/assets/stateDiagram-v2-BHNVJYJU-BZQB7_ta.js          0.67 kB Γöé gzip:   0.41 kB
build/client/assets/file-save-3189631c-CO9S4HFW.js                0.69 kB Γöé gzip:   0.44 kB
build/client/assets/IconLock-Bs5b8azT.js                          0.69 kB Γöé gzip:   0.31 kB
build/client/assets/shellsession-C15C-S8n.js                      0.71 kB Γöé gzip:   0.43 kB
build/client/assets/tsv-sltzmVWM.js                               0.73 kB Γöé gzip:   0.33 kB
build/client/assets/classDiagram-4FO5ZUOK-LvOYtH3o.js             0.74 kB Γöé gzip:   0.44 kB
build/client/assets/classDiagram-v2-Q7XG4LA2-LvOYtH3o.js          0.74 kB Γöé gzip:   0.44 kB
build/client/assets/package-lifecycle-CdJ7FgP0.js                 0.82 kB Γöé gzip:   0.56 kB
build/client/assets/package-lifecycle-BuQ8Iswd.js                 0.83 kB Γöé gzip:   0.56 kB
build/client/assets/createReactComponent-B8UB_rC_.js              0.83 kB Γöé gzip:   0.46 kB
build/client/assets/html-derivative-BkWst3oJ.js                   0.84 kB Γöé gzip:   0.45 kB
build/client/assets/file-save-745eba88-Bwdfz6OZ.js                0.85 kB Γöé gzip:   0.49 kB
build/client/assets/package-lifecycle-ssanq15T.js                 0.90 kB Γöé gzip:   0.49 kB
build/client/assets/docs._slug-e58Uym8_.js                        0.90 kB Γöé gzip:   0.50 kB
build/client/assets/en-B4ZKOASM-CMREMHRs.js                       0.90 kB Γöé gzip:   0.48 kB
build/client/assets/package-lifecycle-DlhlwlY-.js                 0.93 kB Γöé gzip:   0.49 kB
build/client/assets/line-4O-NLqmy.js                              0.94 kB Γöé gzip:   0.47 kB
build/client/assets/package-lifecycle-Bjyz7K2o.js                 0.94 kB Γöé gzip:   0.51 kB
build/client/assets/chunk-L5ZTLDWV-DYfXQZ_v.js                    0.95 kB Γöé gzip:   0.58 kB
build/client/assets/popover-uOD87-kR.js                           0.96 kB Γöé gzip:   0.52 kB
build/client/assets/docs._index-MunlXMfz.js                       0.97 kB Γöé gzip:   0.53 kB
build/client/assets/git-rebase-CYhhJE-z.js                        0.98 kB Γöé gzip:   0.44 kB
build/client/assets/package-lifecycle-CoDomXUZ.js                 0.98 kB Γöé gzip:   0.54 kB
build/client/assets/qmldir-DCQb3MpD.js                            0.99 kB Γöé gzip:   0.44 kB
build/client/assets/package-lifecycle-nmsiy6Zl.js                 1.00 kB Γöé gzip:   0.59 kB
build/client/assets/docs._locale._slug-BpPwQkAo.js                1.06 kB Γöé gzip:   0.58 kB
build/client/assets/package-lifecycle-BHFtcAbY.js                 1.09 kB Γöé gzip:   0.62 kB
build/client/assets/package-lifecycle-BqY8Fb_Z.js                 1.12 kB Γöé gzip:   0.59 kB
build/client/assets/csv-Dx-8-gkx.js                               1.13 kB Γöé gzip:   0.36 kB
build/client/assets/ordinal-hYBb2elL.js                           1.17 kB Γöé gzip:   0.56 kB
build/client/assets/git-commit-BSykSTBG.js                        1.22 kB Γöé gzip:   0.52 kB
build/client/assets/seo-DlzKm_pO.js                               1.32 kB Γöé gzip:   0.49 kB
build/client/assets/core-BaRG9P12.js                              1.32 kB Γöé gzip:   0.62 kB
build/client/assets/xsl-CqGOLsp0.js                               1.36 kB Γöé gzip:   0.50 kB
build/client/assets/dotenv-_5a1GRtc.js                            1.41 kB Γöé gzip:   0.52 kB
build/client/assets/sparql-D_iOobhT.js                            1.47 kB Γöé gzip:   0.81 kB
build/client/assets/directory-open-4ed118d0-1i309Asm.js           1.51 kB Γöé gzip:   0.76 kB
build/client/assets/ini-B5eOa1yu.js                               1.51 kB Γöé gzip:   0.49 kB
build/client/assets/chunk-ZUYEQ4TG-BzFOpW--.js                    1.57 kB Γöé gzip:   0.88 kB
build/client/assets/package-lifecycle-CacZV4Ph.js                 1.65 kB Γöé gzip:   0.68 kB
build/client/assets/fortran-fixed-form-DEKoE2YW.js                1.66 kB Γöé gzip:   0.68 kB
build/client/assets/docker-IyjqRm3v.js                            1.73 kB Γöé gzip:   0.59 kB
build/client/assets/hxml-B0Qn7Nwc.js                              1.74 kB Γöé gzip:   0.87 kB
build/client/assets/desktop-Dlh5hvp9.js                           1.82 kB Γöé gzip:   0.75 kB
build/client/assets/chunk-NZK2D7GU-C-vfsSyH.js                    1.83 kB Γöé gzip:   0.90 kB
build/client/assets/chunk-ND2GUHAM-B0Rh9HeI.js                    1.93 kB Γöé gzip:   0.86 kB
build/client/assets/chunk-BSJP7CBP-WYTXG67J.js                    2.09 kB Γöé gzip:   0.81 kB
build/client/assets/erb-Dj5FDUbc.js                               2.13 kB Γöé gzip:   0.62 kB
build/client/assets/wenyan-C8pVoKbM.js                            2.15 kB Γöé gzip:   1.08 kB
build/client/assets/dist-BNStdrZv.js                              2.16 kB Γöé gzip:   0.97 kB
build/client/assets/jssm-DXw9l8Rf.js                              2.23 kB Γöé gzip:   0.61 kB
build/client/assets/templates._index-D6mlVX4C.js                  2.30 kB Γöé gzip:   0.94 kB
build/client/assets/edge-DFTuv8sa.js                              2.30 kB Γöé gzip:   0.67 kB
build/client/assets/path-BWPyau1x.js                              2.31 kB Γöé gzip:   0.99 kB
build/client/assets/reg-CRGYupPL.js                               2.33 kB Γöé gzip:   0.69 kB
build/client/assets/package-lifecycle-D3DRjAFU.js                 2.49 kB Γöé gzip:   1.14 kB
build/client/assets/diff-woXpYk--.js                              2.56 kB Γöé gzip:   0.68 kB
build/client/assets/gleam-CSRkHgEL.js                             2.57 kB Γöé gzip:   0.81 kB
build/client/assets/hy-CZbG8q4J.js                                2.64 kB Γöé gzip:   1.17 kB
build/client/assets/diagram-5GNKFQAL-COvO-45D.js                  2.78 kB Γöé gzip:   1.34 kB
build/client/assets/openscad-BUDT5pXO.js                          2.81 kB Γöé gzip:   1.00 kB
build/client/assets/log-BNLmms1o.js                               2.84 kB Γöé gzip:   0.89 kB
build/client/assets/roundRect-D01gJrlt.js                         2.87 kB Γöé gzip:   0.99 kB
build/client/assets/json-Bayx99Rp.js                              2.88 kB Γöé gzip:   0.81 kB
build/client/assets/cairo-DLTphjLi.js                             2.93 kB Γöé gzip:   0.80 kB
build/client/assets/berry-DKpUyyne.js                             2.99 kB Γöé gzip:   0.80 kB
build/client/assets/jsonl-CmCQp5Yx.js                             3.00 kB Γöé gzip:   0.78 kB
build/client/assets/jsonc-CYpm1nAK.js                             3.10 kB Γöé gzip:   0.78 kB
build/client/assets/logo-Cluzi2Zq.js                              3.12 kB Γöé gzip:   1.46 kB
build/client/assets/po-BiJDBrnU.js                                3.23 kB Γöé gzip:   0.90 kB
build/client/assets/json5-BR5RXkoi.js                             3.24 kB Γöé gzip:   0.82 kB
build/client/assets/mipsasm-BMqwQI7S.js                           3.25 kB Γöé gzip:   1.17 kB
build/client/assets/tasl-DMoTqEGO.js                              3.28 kB Γöé gzip:   0.84 kB
build/client/assets/genie-CV2tkWYe.js                             3.34 kB Γöé gzip:   1.20 kB
build/client/assets/rel-BtDbiS_P.js                               3.36 kB Γöé gzip:   1.10 kB
build/client/assets/vala-zf12oZj6.js                              3.36 kB Γöé gzip:   1.18 kB
build/client/assets/splunk-BC2Px7Mm.js                            3.42 kB Γöé gzip:   1.51 kB
build/client/assets/arc-Co3-77hf.js                               3.47 kB Γöé gzip:   1.46 kB
build/client/assets/hurl-JvZK2nhs.js                              3.51 kB Γöé gzip:   1.09 kB
build/client/assets/fluent-C03EYrpw.js                            3.60 kB Γöé gzip:   0.89 kB
build/client/assets/ssh-config-BgfXC-Er.js                        3.61 kB Γöé gzip:   1.59 kB
build/client/assets/jsonnet-CJTPZ8u_.js                           3.61 kB Γöé gzip:   1.03 kB
build/client/assets/kdl-CsD5j6eV.js                               3.62 kB Γöé gzip:   1.03 kB
build/client/assets/narrat-_X_XdTYD.js                            3.66 kB Γöé gzip:   1.09 kB
build/client/assets/glsl-RkrJN0pR.js                              3.69 kB Γöé gzip:   1.45 kB
build/client/assets/turtle-ByJddavk.js                            3.69 kB Γöé gzip:   0.96 kB
build/client/assets/zenscript-BnlCZFoB.js                         3.90 kB Γöé gzip:   1.28 kB
build/client/assets/ron-VUp2lXgN.js                               3.90 kB Γöé gzip:   0.97 kB
build/client/assets/pure-agent-apps-CFp1OwyP.js                   3.93 kB Γöé gzip:   2.01 kB
build/client/assets/pure-agent-apps-DKaWURhg.js                   3.95 kB Γöé gzip:   2.02 kB
build/client/assets/gn-ilITqXS6.js                                3.99 kB Γöé gzip:   1.47 kB
build/client/assets/routing-wi5oTLMn.js                           4.00 kB Γöé gzip:   1.79 kB
build/client/assets/routing-VvWI459t.js                           4.00 kB Γöé gzip:   1.79 kB
build/client/assets/pascal-4ZHwLPI5.js                            4.14 kB Γöé gzip:   1.67 kB
build/client/assets/diagram-LMA3HP47-Czh2EK--.js                  4.23 kB Γöé gzip:   1.82 kB
build/client/assets/routing-CnJ1kaZT.js                           4.24 kB Γöé gzip:   1.59 kB
build/client/assets/pure-agent-apps-rmg2jHMR.js                   4.35 kB Γöé gzip:   1.85 kB
build/client/assets/routing-CqegdCkF.js                           4.38 kB Γöé gzip:   1.70 kB
build/client/assets/routing-Bll274vs.js                           4.41 kB Γöé gzip:   1.66 kB
build/client/assets/http-BX_YxWFC.js                              4.41 kB Γöé gzip:   1.06 kB
build/client/assets/pure-agent-apps-Co0Jf9IL.js                   4.42 kB Γöé gzip:   2.04 kB
build/client/assets/tcl-CZd0xW_V.js                               4.42 kB Γöé gzip:   1.50 kB
build/client/assets/pure-agent-apps-Drn8H9VW.js                   4.47 kB Γöé gzip:   1.92 kB
build/client/assets/pure-agent-apps-DM-4eFDP.js                   4.48 kB Γöé gzip:   2.00 kB
build/client/assets/routing-DS4fxb7z.js                           4.49 kB Γöé gzip:   1.71 kB
build/client/assets/nextflow-BJtWHP5T.js                          4.50 kB Γöé gzip:   1.16 kB
build/client/assets/rosmsg-CAekHB0j.js                            4.51 kB Γöé gzip:   1.05 kB
build/client/assets/routing-DlRxKon3.js                           4.55 kB Γöé gzip:   1.84 kB
build/client/assets/pure-agent-apps--jFV5zkt.js                   4.57 kB Γöé gzip:   1.98 kB
build/client/assets/routing-DHu30QYn.js                           4.58 kB Γöé gzip:   1.75 kB
build/client/assets/defaultLocale-C8Fc0cco.js                     4.64 kB Γöé gzip:   2.12 kB
build/client/assets/polar-C7UOKdEL.js                             4.66 kB Γöé gzip:   1.12 kB
build/client/assets/sdbl-bTVj8UrX.js                              4.69 kB Γöé gzip:   2.00 kB
build/client/assets/fennel-DQxkIbk2.js                            4.76 kB Γöé gzip:   1.53 kB
build/client/assets/bibtex-Ci_nEsc7.js                            4.78 kB Γöé gzip:   0.83 kB
build/client/assets/pure-agent-apps-8WoR-0He.js                   4.88 kB Γöé gzip:   2.22 kB
build/client/assets/templates._slug-BBN4mwjJ.js                   4.97 kB Γöé gzip:   1.92 kB
build/client/assets/routing-BqQdIUlJ.js                           5.01 kB Γöé gzip:   1.86 kB
build/client/assets/llvm-Cm23YOpf.js                              5.04 kB Γöé gzip:   2.01 kB
build/client/assets/wgsl-BsKzXJz4.js                              5.13 kB Γöé gzip:   1.38 kB
build/client/assets/pure-agent-apps-DGgEnN-o.js                   5.16 kB Γöé gzip:   2.12 kB
build/client/assets/routing-iavWWB9O.js                           5.17 kB Γöé gzip:   1.94 kB
build/client/assets/pieDiagram-4H26LBE5-CrvmTrtO.js               5.22 kB Γöé gzip:   2.27 kB
build/client/assets/gdresource-C0sCabJj.js                        5.28 kB Γöé gzip:   1.33 kB
build/client/assets/zig-CMLA9XwU.js                               5.33 kB Γöé gzip:   1.55 kB
build/client/assets/qml-fSp-gAZa.js                               5.33 kB Γöé gzip:   1.38 kB
build/client/assets/dax-BkyTk9wS.js                               5.35 kB Γöé gzip:   2.21 kB
build/client/assets/bicep-CUHmPFLl.js                             5.37 kB Γöé gzip:   1.14 kB
build/client/assets/toolkit-observability-BaEGR2bg.js             5.40 kB Γöé gzip:   1.91 kB
build/client/assets/xml-DjZiUXzO.js                               5.44 kB Γöé gzip:   1.24 kB
build/client/assets/awk-BWXHIvNe.js                               5.45 kB Γöé gzip:   1.37 kB
build/client/assets/multi-tenancy-CDNIzvpb.js                     5.47 kB Γöé gzip:   2.60 kB
build/client/assets/linear-CwSbvK1R.js                            5.52 kB Γöé gzip:   2.25 kB
build/client/assets/multi-tenancy-FUu_i81s.js                     5.52 kB Γöé gzip:   2.58 kB
build/client/assets/toolkit-agent-ux-BvKu7p66.js                  5.52 kB Γöé gzip:   2.15 kB
build/client/assets/coq-BrsZFFmf.js                               5.54 kB Γöé gzip:   1.91 kB
build/client/assets/pure-agent-apps-CWtiRgTP.js                   5.57 kB Γöé gzip:   2.32 kB
build/client/assets/internationalization-CfuubHjR.js              5.61 kB Γöé gzip:   2.95 kB
build/client/assets/internationalization-DxlwPaOA.js              5.62 kB Γöé gzip:   2.97 kB
build/client/assets/jinja-Cbb6M03l.js                             5.62 kB Γöé gzip:   1.36 kB
build/client/assets/toolkit-command-navigation-CiEgbBPe.js        5.66 kB Γöé gzip:   1.95 kB
build/client/assets/multi-tenancy-DH4D-W7z.js                     5.69 kB Γöé gzip:   2.21 kB
build/client/assets/diagram-2AECGRRQ-CZDIIBUD.js                  5.76 kB Γöé gzip:   2.38 kB
build/client/assets/lean-CewbzKMR.js                              5.77 kB Γöé gzip:   1.91 kB
build/client/assets/using-your-agent-DC4DY5N7.js                  5.88 kB Γöé gzip:   2.40 kB
build/client/assets/moonbit-CaWjb8XO.js                           5.89 kB Γöé gzip:   1.67 kB
build/client/assets/powerquery-DNMTfnFr.js                        5.89 kB Γöé gzip:   1.51 kB
build/client/assets/toolkit-setup-connections-CZ0vCSOv.js         5.90 kB Γöé gzip:   2.09 kB
build/client/assets/shaderlab-TOUzSsQk.js                         5.91 kB Γöé gzip:   2.08 kB
build/client/assets/verilog-CiiDBU1e.js                           5.92 kB Γöé gzip:   1.89 kB
build/client/assets/cypher-ClKdZ_lG.js                            5.94 kB Γöé gzip:   1.71 kB
build/client/assets/file-uploads-D13hTZQQ.js                      6.04 kB Γöé gzip:   2.69 kB
build/client/assets/pure-agent-apps-BGj5YC5O.js                   6.05 kB Γöé gzip:   2.25 kB
build/client/assets/file-uploads-Z2KQ3kh8.js                      6.05 kB Γöé gzip:   2.68 kB
build/client/assets/vb-Djn5o6TS.js                                6.08 kB Γöé gzip:   2.33 kB
build/client/assets/internationalization-Bd6d3sdD.js              6.10 kB Γöé gzip:   2.69 kB
build/client/assets/durable-resume-D7aNTanQ.js                    6.12 kB Γöé gzip:   3.23 kB
build/client/assets/durable-resume-Ctfo1bkr.js                    6.12 kB Γöé gzip:   3.24 kB
build/client/assets/using-your-agent-UokVoR7_.js                  6.14 kB Γöé gzip:   3.09 kB
build/client/assets/toolkit-resources-D-ceh_hV.js                 6.15 kB Γöé gzip:   2.04 kB
build/client/assets/using-your-agent-L82ajdhg.js                  6.15 kB Γöé gzip:   3.10 kB
build/client/assets/multi-tenancy-DKaxS6zQ.js                     6.16 kB Γöé gzip:   2.36 kB
build/client/assets/cli-adapters-BBGxTJ-C.js                      6.20 kB Γöé gzip:   2.77 kB
build/client/assets/cli-adapters-BvC5Q3Oe.js                      6.21 kB Γöé gzip:   2.76 kB
build/client/assets/routing-B8lnts-u.js                           6.21 kB Γöé gzip:   1.98 kB
build/client/assets/red-CJ3rzSJv.js                               6.25 kB Γöé gzip:   1.59 kB
build/client/assets/min-dark-BSWPekZh.js                          6.28 kB Γöé gzip:   1.70 kB
build/client/assets/multi-tenancy-DvaQMrnD.js                     6.29 kB Γöé gzip:   2.62 kB
build/client/assets/internationalization-z8yxRIq3.js              6.30 kB Γöé gzip:   3.02 kB
build/client/assets/multi-tenancy-Cn8Kd2Jh.js                     6.31 kB Γöé gzip:   2.41 kB
build/client/assets/gdshader-CBce3t8t.js                          6.31 kB Γöé gzip:   1.72 kB
build/client/assets/multi-tenancy-B66KXWe5.js                     6.32 kB Γöé gzip:   2.49 kB
build/client/assets/prisma-BsRQq5mF.js                            6.32 kB Γöé gzip:   1.38 kB
build/client/assets/ara-4CJ0cIlV.js                               6.35 kB Γöé gzip:   1.80 kB
build/client/assets/cli-adapters-_aFu17Di.js                      6.38 kB Γöé gzip:   2.43 kB
build/client/assets/clojure-DqKBuwfJ.js                           6.40 kB Γöé gzip:   1.41 kB
build/client/assets/postcss-BXeXVLqQ.js                           6.41 kB Γöé gzip:   1.90 kB
build/client/assets/toml-CcmNWLt0.js                              6.41 kB Γöé gzip:   1.28 kB
build/client/assets/toolkit-org-team-Cq56kMEn.js                  6.42 kB Γöé gzip:   2.22 kB
build/client/assets/internationalization-BCjz_l_z.js              6.44 kB Γöé gzip:   2.73 kB
build/client/assets/internationalization-Bnzexx53.js              6.45 kB Γöé gzip:   2.92 kB
build/client/assets/solarized-light-DSh2HLQt.js                   6.47 kB Γöé gzip:   1.71 kB
build/client/assets/multi-tenancy-TdkLCC7Z.js                     6.49 kB Γöé gzip:   2.49 kB
build/client/assets/proto-DB4EqR-F.js                             6.54 kB Γöé gzip:   1.41 kB
build/client/assets/file-uploads-CEFjxPEf.js                      6.54 kB Γöé gzip:   2.49 kB
build/client/assets/file-uploads-BOM9kLhH.js                      6.55 kB Γöé gzip:   2.76 kB
build/client/assets/file-uploads-BN9VhnST.js                      6.56 kB Γöé gzip:   2.48 kB
build/client/assets/blueprint-installer-CaR7fiKc.js               6.56 kB Γöé gzip:   3.13 kB
build/client/assets/blueprint-installer-BBqqOOWE.js               6.57 kB Γöé gzip:   3.10 kB
build/client/assets/smalltalk-B16xEiuN.js                         6.58 kB Γöé gzip:   1.61 kB
build/client/assets/durable-resume-BoMF6sw-.js                    6.60 kB Γöé gzip:   2.77 kB
build/client/assets/r-DDxZbcbu.js                                 6.60 kB Γöé gzip:   1.83 kB
build/client/assets/using-your-agent-BW6EKFwQ.js                  6.60 kB Γöé gzip:   2.75 kB
build/client/assets/cli-adapters-ZEJ73fld.js                      6.60 kB Γöé gzip:   2.55 kB
build/client/assets/file-uploads-Bo53cSLY.js                      6.62 kB Γöé gzip:   2.55 kB
build/client/assets/using-your-agent-C7vq0GyI.js                  6.62 kB Γöé gzip:   2.76 kB
build/client/assets/SearchModal-fsn5TfTv.js                       6.64 kB Γöé gzip:   2.48 kB
build/client/assets/cli-adapters-X6IXCvMr.js                      6.70 kB Γöé gzip:   2.58 kB
build/client/assets/internationalization-BU68c8_K.js              6.71 kB Γöé gzip:   2.80 kB
build/client/assets/processors-RaabUpXI.js                        6.72 kB Γöé gzip:   3.24 kB
build/client/assets/processors-S4A0CTM0.js                        6.74 kB Γöé gzip:   3.26 kB
build/client/assets/talonscript-CohzipZa.js                       6.75 kB Γöé gzip:   1.48 kB
build/client/assets/cli-adapters-DFJGkGls.js                      6.77 kB Γöé gzip:   2.68 kB
build/client/assets/cli-adapters-Cn_MXMmo.js                      6.80 kB Γöé gzip:   2.88 kB
build/client/assets/solarized-dark-DV17i1UV.js                    6.84 kB Γöé gzip:   1.78 kB
build/client/assets/cli-adapters-cQeUf4a0.js                      6.84 kB Γöé gzip:   2.64 kB
build/client/assets/blueprint-installer-BdAYfcMC.js               6.86 kB Γöé gzip:   2.68 kB
build/client/assets/internationalization-JcBGa4Ts.js              6.88 kB Γöé gzip:   2.87 kB
build/client/assets/toolkit-history-BkQpY03E.js                   6.88 kB Γöé gzip:   2.37 kB
build/client/assets/file-uploads-C1vxZm_t.js                      6.89 kB Γöé gzip:   2.56 kB
build/client/assets/riscv-Ckw8ddFX.js                             6.90 kB Γöé gzip:   1.97 kB
build/client/assets/soy-9gMD-FTW.js                               6.92 kB Γöé gzip:   1.62 kB
build/client/assets/min-light-DDpmG2fV.js                         6.96 kB Γöé gzip:   1.88 kB
build/client/assets/using-your-agent-BNFOzLzg.js                  7.04 kB Γöé gzip:   3.00 kB
build/client/assets/using-your-agent-hPDS29hb.js                  7.06 kB Γöé gzip:   2.91 kB
build/client/assets/toolkit-settings-D2Vp63YB.js                  7.10 kB Γöé gzip:   2.66 kB
build/client/assets/using-your-agent-By0-Ibhf.js                  7.11 kB Γöé gzip:   3.10 kB
build/client/assets/scheme-DQCgrYNe.js                            7.16 kB Γöé gzip:   2.04 kB
build/client/assets/file-uploads-n4S5mNvg.js                      7.17 kB Γöé gzip:   2.70 kB
build/client/assets/processors-C8zK-RH8.js                        7.18 kB Γöé gzip:   2.79 kB
build/client/assets/multi-tenancy-BngUGoSu.js                     7.19 kB Γöé gzip:   2.81 kB
build/client/assets/hlsl-Cvrh5tZx.js                              7.25 kB Γöé gzip:   2.18 kB
build/client/assets/file-uploads-CZcX6hE0.js                      7.25 kB Γöé gzip:   2.77 kB
build/client/assets/toolkit-comments-review-CTWZesYC.js           7.26 kB Γöé gzip:   2.43 kB
build/client/assets/cli-adapters-DbhIPxGU.js                      7.26 kB Γöé gzip:   2.88 kB
build/client/assets/cli-adapters-CVFN91Jn.js                      7.34 kB Γöé gzip:   2.91 kB
build/client/assets/durable-resume-6IKNxOwq.js                    7.35 kB Γöé gzip:   3.05 kB
build/client/assets/file-uploads-nnfc92SP.js                      7.35 kB Γöé gzip:   2.90 kB
build/client/assets/multi-tenancy-KBROSl_U.js                     7.38 kB Γöé gzip:   2.69 kB
build/client/assets/internationalization-CKmDyFuC.js              7.39 kB Γöé gzip:   3.18 kB
build/client/assets/blueprint-installer-TGjjXSbi.js               7.44 kB Γöé gzip:   2.90 kB
build/client/assets/durable-resume-B741XjaM.js                    7.45 kB Γöé gzip:   3.10 kB
build/client/assets/qss-Fe1Jh2GI.js                               7.46 kB Γöé gzip:   2.57 kB
build/client/assets/blueprint-installer-ByOKmt5a.js               7.51 kB Γöé gzip:   2.93 kB
build/client/assets/durable-resume-CHoqjWhU.js                    7.59 kB Γöé gzip:   3.41 kB
build/client/assets/audit-log-xe1qFkZP.js                         7.61 kB Γöé gzip:   3.95 kB
build/client/assets/audit-log-B8ov93Zs.js                         7.63 kB Γöé gzip:   3.98 kB
build/client/assets/durable-resume-CKRx9gG4.js                    7.63 kB Γöé gzip:   3.21 kB
build/client/assets/blueprint-installer-CSeYczEd.js               7.64 kB Γöé gzip:   3.05 kB
build/client/assets/voice-input-gOxQTXqI.js                       7.68 kB Γöé gzip:   3.90 kB
build/client/assets/blueprint-installer-BqkZkTfE.js               7.72 kB Γöé gzip:   3.16 kB
build/client/assets/voice-input-CpTliCEY.js                       7.73 kB Γöé gzip:   3.88 kB
build/client/assets/blueprint-installer-CJxHeing.js               7.75 kB Γöé gzip:   3.22 kB
build/client/assets/audit-log-CSbye0BF.js                         7.76 kB Γöé gzip:   3.29 kB
build/client/assets/download-BV1SS11A.js                          7.78 kB Γöé gzip:   2.80 kB
build/client/assets/durable-resume-CC4WmQth.js                    7.82 kB Γöé gzip:   3.36 kB
build/client/assets/systemd-BxMlprV5.js                           7.86 kB Γöé gzip:   2.54 kB
build/client/assets/monokai-CdkpiU2Y.js                           7.88 kB Γöé gzip:   1.90 kB
build/client/assets/internationalization-xHddYTMj.js              7.89 kB Γöé gzip:   3.11 kB
build/client/assets/processors-BsrzALKl.js                        7.90 kB Γöé gzip:   3.22 kB
build/client/assets/processors-D-vrGuy9.js                        7.91 kB Γöé gzip:   3.32 kB
build/client/assets/processors-B5VKelWQ.js                        7.92 kB Γöé gzip:   3.05 kB
build/client/assets/human-approval-DfE_IC5T.js                    7.94 kB Γöé gzip:   3.93 kB
build/client/assets/human-approval-C8AOzdhG.js                    7.94 kB Γöé gzip:   3.93 kB
build/client/assets/voice-input-CF-TwUIi.js                       7.97 kB Γöé gzip:   3.29 kB
build/client/assets/automation-connectors-AlwpiyAX.js             7.99 kB Γöé gzip:   3.34 kB
build/client/assets/observational-memory-DvBilMt4.js              8.01 kB Γöé gzip:   3.64 kB
build/client/assets/using-your-agent-_6AGFouK.js                  8.01 kB Γöé gzip:   3.06 kB
build/client/assets/observational-memory-Ci_OeSKf.js              8.04 kB Γöé gzip:   3.65 kB
build/client/assets/regexp-D8XYK1vR.js                            8.04 kB Γöé gzip:   1.46 kB
build/client/assets/processors-x14_tCZf.js                        8.07 kB Γöé gzip:   3.06 kB
build/client/assets/skills-BIFPyU73.js                            8.13 kB Γöé gzip:   2.63 kB
build/client/assets/processors-BhPhdXyT.js                        8.20 kB Γöé gzip:   3.20 kB
build/client/assets/using-your-agent-CbIhE9bw.js                  8.23 kB Γöé gzip:   3.30 kB
build/client/assets/haml-CAKRWg32.js                              8.33 kB Γöé gzip:   1.85 kB
build/client/assets/human-approval-BG8TiLh5.js                    8.36 kB Γöé gzip:   3.34 kB
build/client/assets/typst-DI99ib-x.js                             8.38 kB Γöé gzip:   1.66 kB
build/client/assets/toolkit-collaboration-Bv3mRo33.js             8.46 kB Γöé gzip:   2.48 kB
build/client/assets/vue-html-DV1LtiiS.js                          8.47 kB Γöé gzip:   1.68 kB
build/client/assets/plsql-DGHpHOYJ.js                             8.50 kB Γöé gzip:   2.99 kB
build/client/assets/observational-memory-BSFliTXz.js              8.53 kB Γöé gzip:   3.10 kB
build/client/assets/si-LK-N5RQ5JYF-Dzt8ENmL.js                    8.58 kB Γöé gzip:   3.36 kB
build/client/assets/az-AZ-76LH7QW2-Dk10U_99.js                    8.61 kB Γöé gzip:   3.59 kB
build/client/assets/dart-CnvKMtbv.js                              8.61 kB Γöé gzip:   1.99 kB
build/client/assets/audit-log-i8qOjdef.js                         8.63 kB Γöé gzip:   3.59 kB
build/client/assets/voice-input-Bctal5R1.js                       8.64 kB Γöé gzip:   3.59 kB
build/client/assets/voice-input-eK0Jkyh3.js                       8.67 kB Γöé gzip:   3.58 kB
build/client/assets/durable-resume-BAR4a6dH.js                    8.72 kB Γöé gzip:   3.64 kB
build/client/assets/processors-C1578fxk.js                        8.73 kB Γöé gzip:   3.52 kB
build/client/assets/audit-log-DIJoaKSO.js                         8.75 kB Γöé gzip:   3.67 kB
build/client/assets/agent-web-surfaces-BOjTgxA-.js                8.75 kB Γöé gzip:   4.03 kB
build/client/assets/agent-web-surfaces-CrHjlcC8.js                8.77 kB Γöé gzip:   4.02 kB
build/client/assets/horizon-CE9ld1lL.js                           8.77 kB Γöé gzip:   1.94 kB
build/client/assets/kotlin-DhhofPvG.js                            8.77 kB Γöé gzip:   2.12 kB
build/client/assets/horizon-bright-DSNQnXHK.js                    8.78 kB Γöé gzip:   1.96 kB
build/client/assets/human-approval-BZmGgBO7.js                    8.84 kB Γöé gzip:   3.56 kB
build/client/assets/voice-input-BrULKJj3.js                       8.91 kB Γöé gzip:   3.90 kB
build/client/assets/blueprint-installer-CeaBeZ08.js               8.92 kB Γöé gzip:   3.18 kB
build/client/assets/agent-web-surfaces-CXyxCEiv.js                8.95 kB Γöé gzip:   3.44 kB
build/client/assets/make-Dixweg8N.js                              8.95 kB Γöé gzip:   1.76 kB
build/client/assets/voice-input-nIPPANxV.js                       8.95 kB Γöé gzip:   3.78 kB
build/client/assets/andromeeda-vGVdxbeo.js                        9.01 kB Γöé gzip:   2.35 kB
build/client/assets/voice-input-d0mrRCwH.js                       9.06 kB Γöé gzip:   3.74 kB
build/client/assets/sas-DZLP6r7_.js                               9.06 kB Γöé gzip:   3.82 kB
build/client/assets/audit-log-z0S4JDmk.js                         9.06 kB Γöé gzip:   4.11 kB
build/client/assets/zh-HK-E62DVLB3-yolMx4eY.js                    9.08 kB Γöé gzip:   4.10 kB
build/client/assets/dark-plus-Cs2F2srj.js                         9.09 kB Γöé gzip:   2.10 kB
build/client/assets/blueprint-installer-D-7J7Ydu.js               9.09 kB Γöé gzip:   3.45 kB
build/client/assets/slack-dark-DnToyrRv.js                        9.11 kB Γöé gzip:   1.96 kB
build/client/assets/TemplateCard-BtkN_XxK.js                      9.11 kB Γöé gzip:   2.62 kB
build/client/assets/cli-adapters-rzf8Y3eg.js                      9.11 kB Γöé gzip:   2.98 kB
build/client/assets/human-approval-MDYK108V.js                    9.16 kB Γöé gzip:   3.67 kB
build/client/assets/audit-log-CJruZed1.js                         9.18 kB Γöé gzip:   3.94 kB
build/client/assets/audit-log-BOw2G17j.js                         9.28 kB Γöé gzip:   3.87 kB
build/client/assets/sass-DXrisJhu.js                              9.28 kB Γöé gzip:   2.48 kB
build/client/assets/processors-lGcb8hFf.js                        9.28 kB Γöé gzip:   3.47 kB
build/client/assets/file-uploads-DSdv_aYs.js                      9.29 kB Γöé gzip:   2.92 kB
build/client/assets/plastic-DQwYfKfQ.js                           9.29 kB Γöé gzip:   1.96 kB
build/client/assets/template-chat-BOJx1viF.js                     9.39 kB Γöé gzip:   4.31 kB
build/client/assets/progress-BrdoeGIc.js                          9.39 kB Γöé gzip:   4.31 kB
build/client/assets/durable-resume-Dh396-gR.js                    9.40 kB Γöé gzip:   3.49 kB
build/client/assets/progress-yLbbArsR.js                          9.41 kB Γöé gzip:   4.29 kB
build/client/assets/progress-DVDkOg3F.js                          9.42 kB Γöé gzip:   3.66 kB
build/client/assets/slack-ochin-B2OO5cIa.js                       9.42 kB Γöé gzip:   2.08 kB
build/client/assets/observational-memory-CKjSDivW.js              9.43 kB Γöé gzip:   3.39 kB
build/client/assets/human-approval-Brw9rN6L.js                    9.44 kB Γöé gzip:   3.85 kB
build/client/assets/template-chat-g0rxKo3c.js                     9.45 kB Γöé gzip:   4.30 kB
build/client/assets/agent-mentions-BzqRicU6.js                    9.50 kB Γöé gzip:   4.27 kB
build/client/assets/template-chat-2ULuZFdq.js                     9.52 kB Γöé gzip:   3.67 kB
build/client/assets/agent-mentions-CfMCmBSr.js                    9.57 kB Γöé gzip:   4.26 kB
build/client/assets/observational-memory-D3UTitMk.js              9.60 kB Γöé gzip:   3.73 kB
build/client/assets/human-approval-C3zhIOfi.js                    9.64 kB Γöé gzip:   3.94 kB
build/client/assets/tex-4PKXC4SF.js                               9.67 kB Γöé gzip:   3.06 kB
build/client/assets/human-approval-Bf-Ga2be.js                    9.68 kB Γöé gzip:   3.98 kB
build/client/assets/jison-B1NmkyO9.js                             9.69 kB Γöé gzip:   1.87 kB
build/client/assets/observational-memory-CZUGTwOY.js              9.74 kB Γöé gzip:   3.45 kB
build/client/assets/toolkit-sharing-D1EhzYzQ.js                   9.81 kB Γöé gzip:   2.82 kB
build/client/assets/multi-tenancy-BiNQnRx9.js                     9.83 kB Γöé gzip:   2.90 kB
build/client/assets/cmake-Bj61d0ZC.js                             9.84 kB Γöé gzip:   3.37 kB
build/client/assets/jami-studio-toolkit-BF9qHd8e.js               9.85 kB Γöé gzip:   3.11 kB
build/client/assets/jami-studio-toolkit-BfSKJ8Vp.js               9.85 kB Γöé gzip:   3.11 kB
build/client/assets/jami-studio-toolkit-BwwM0f2L.js               9.85 kB Γöé gzip:   3.11 kB
build/client/assets/jami-studio-toolkit-CBysXLWP.js               9.85 kB Γöé gzip:   3.11 kB
build/client/assets/jami-studio-toolkit-DOSuSU1N.js               9.85 kB Γöé gzip:   3.11 kB
build/client/assets/jami-studio-toolkit-D_WT4s6_.js               9.85 kB Γöé gzip:   3.11 kB
build/client/assets/jami-studio-toolkit-Dw22uh2i.js               9.85 kB Γöé gzip:   3.11 kB
build/client/assets/jami-studio-toolkit-WuzR6iPc.js               9.85 kB Γöé gzip:   3.11 kB
build/client/assets/jami-studio-toolkit-mWYD3w3f.js               9.85 kB Γöé gzip:   3.11 kB
build/client/assets/jami-studio-toolkit-q-SsP3Yv.js               9.85 kB Γöé gzip:   3.11 kB
build/client/assets/agent-web-surfaces-CHyuu4Vv.js                9.88 kB Γöé gzip:   3.82 kB
build/client/assets/observational-memory-GGJhVoyI.js              9.90 kB Γöé gzip:   3.69 kB
build/client/assets/observational-memory-Vk2n5s1k.js              9.90 kB Γöé gzip:   3.63 kB
build/client/assets/light-plus-DVQuIRkW.js                        9.93 kB Γöé gzip:   2.27 kB
build/client/assets/frames-B2aa-PaO.js                           10.01 kB Γöé gzip:   4.54 kB
build/client/assets/agent-web-surfaces-xd0uEY4i.js               10.02 kB Γöé gzip:   4.12 kB
build/client/assets/hcl-Dh228itO.js                              10.04 kB Γöé gzip:   1.93 kB
build/client/assets/voice-input-BUzf8fpe.js                      10.06 kB Γöé gzip:   4.16 kB
build/client/assets/agent-web-surfaces-7yZtLbZa.js               10.10 kB Γöé gzip:   4.02 kB
build/client/assets/kk-KZ-P5N5QNE5-BjZfh3-0.js                   10.12 kB Γöé gzip:   4.19 kB
build/client/assets/progress-DVtnYKCr.js                         10.13 kB Γöé gzip:   4.04 kB
build/client/assets/frames-CDUiu59S.js                           10.15 kB Γöé gzip:   4.53 kB
build/client/assets/kaa-6HZHGXH3-ChA5PLfR.js                     10.17 kB Γöé gzip:   4.18 kB
build/client/assets/agent-web-surfaces-D776sHO1.js               10.19 kB Γöé gzip:   3.85 kB
build/client/assets/progress-DoCDI_f8.js                         10.26 kB Γöé gzip:   4.09 kB
build/client/assets/agent-web-surfaces-BAz4m9uN.js               10.29 kB Γöé gzip:   3.97 kB
build/client/assets/internationalization-B28swXLd.js             10.31 kB Γöé gzip:   3.30 kB
build/client/assets/rst-BgBvAmL1.js                              10.31 kB Γöé gzip:   2.25 kB
build/client/assets/pkl-ot-7Btpt.js                              10.36 kB Γöé gzip:   1.37 kB
build/client/assets/beancount-D-usSTwE.js                        10.36 kB Γöé gzip:   1.43 kB
build/client/assets/progress-B5HvB5w_.js                         10.36 kB Γöé gzip:   4.24 kB
build/client/assets/voice-input-QfcDYUAB.js                      10.40 kB Γöé gzip:   3.99 kB
build/client/assets/durable-background-runs-DTTwwgCg.js          10.41 kB Γöé gzip:   4.57 kB
build/client/assets/nextflow-groovy-DJMQeKeT.js                  10.43 kB Γöé gzip:   2.13 kB
build/client/assets/toolkit-ui-CHffoEMe.js                       10.44 kB Γöé gzip:   3.11 kB
build/client/assets/progress-B8oXlSl6.js                         10.45 kB Γöé gzip:   4.21 kB
build/client/assets/dream-maker-DW3nJb8Q.js                      10.46 kB Γöé gzip:   2.25 kB
build/client/assets/raku-B3gFvitq.js                             10.46 kB Γöé gzip:   2.94 kB
build/client/assets/template-chat-Dmk5TlMX.js                    10.52 kB Γöé gzip:   3.99 kB
build/client/assets/agent-mentions-Ct4Z2uF0.js                   10.52 kB Γöé gzip:   3.99 kB
build/client/assets/stateDiagram-AJRCARHV-BHdx8ldX.js            10.52 kB Γöé gzip:   3.69 kB
build/client/assets/yaml-DI2M5x3K.js                             10.56 kB Γöé gzip:   2.31 kB
build/client/assets/audit-log-DeTZj1We.js                        10.60 kB Γöé gzip:   4.03 kB
build/client/assets/template-chat-p1ZtGYEc.js                    10.60 kB Γöé gzip:   4.19 kB
build/client/assets/jami-studio-toolkit-Dx2TV2TJ.js              10.61 kB Γöé gzip:   3.32 kB
build/client/assets/evals-BhZ12VXL.js                            10.61 kB Γöé gzip:   4.48 kB
build/client/assets/evals-fJ2uuxIk.js                            10.62 kB Γöé gzip:   4.47 kB
build/client/assets/diagram-KO2AKTUF-C1CLB0on.js                 10.62 kB Γöé gzip:   4.10 kB
build/client/assets/mermaid-parser.core-BHiHGbyl.js              10.63 kB Γöé gzip:   2.98 kB
build/client/assets/template-chat-uRYdauOb.js                    10.64 kB Γöé gzip:   4.08 kB
build/client/assets/progress-z9oN8WMu.js                         10.65 kB Γöé gzip:   4.42 kB
build/client/assets/agent-mentions-B-Me5DUg.js                   10.66 kB Γöé gzip:   3.95 kB
build/client/assets/template-chat-CT43LqPd.js                    10.69 kB Γöé gzip:   4.35 kB
build/client/assets/just-Djd8Bs-X.js                             10.81 kB Γöé gzip:   2.60 kB
build/client/assets/agent-mentions-BmEGuuTa.js                   10.82 kB Γöé gzip:   4.01 kB
build/client/assets/audit-log-rUXo2AQT.js                        10.83 kB Γöé gzip:   4.37 kB
build/client/assets/human-approval-Bw4cBgzi.js                   10.84 kB Γöé gzip:   4.20 kB
build/client/assets/template-chat-mKuilldq.js                    10.89 kB Γöé gzip:   4.11 kB
build/client/assets/durable-background-runs-BCRLm-yt.js          10.93 kB Γöé gzip:   4.12 kB
build/client/assets/elm-DXF9Q64M.js                              10.94 kB Γöé gzip:   2.09 kB
build/client/assets/agent-mentions-bbQLwanW.js                   10.96 kB Γöé gzip:   4.24 kB
build/client/assets/frames-DLDsSqqM.js                           10.96 kB Γöé gzip:   4.16 kB
build/client/assets/observational-memory-i6zcjbWi.js             10.98 kB Γöé gzip:   4.07 kB
build/client/assets/agent-mentions-BJqR-7fG.js                   11.08 kB Γöé gzip:   4.13 kB
build/client/assets/generative-ui-D8Lv6Xvh.js                    11.09 kB Γöé gzip:   4.26 kB
build/client/assets/agent-mentions-ub_JXMff.js                   11.16 kB Γöé gzip:   4.40 kB
build/client/assets/github-light-EUqPIrTm.js                     11.18 kB Γöé gzip:   2.49 kB
build/client/assets/dagre-BM42HDAG-T7rkKb8n.js                   11.24 kB Γöé gzip:   4.18 kB
build/client/assets/prolog-iXnhIJG7.js                           11.34 kB Γöé gzip:   3.84 kB
build/client/assets/human-approval-CHJC_Jav.js                   11.35 kB Γöé gzip:   4.15 kB
build/client/assets/terraform-DswuEJGm.js                        11.38 kB Γöé gzip:   2.51 kB
build/client/assets/writing-agent-instructions-CtqAA_gb.js       11.39 kB Γöé gzip:   5.40 kB
build/client/assets/github-dark-C-LZuMrd.js                      11.40 kB Γöé gzip:   2.53 kB
build/client/assets/recurring-jobs-Y--rMVX6.js                   11.42 kB Γöé gzip:   4.90 kB
build/client/assets/recurring-jobs-BmecFXR_.js                   11.42 kB Γöé gzip:   4.91 kB
build/client/assets/puppet-CDv2pdJW.js                           11.43 kB Γöé gzip:   2.10 kB
build/client/assets/writing-agent-instructions-Bc77w5rn.js       11.45 kB Γöé gzip:   5.43 kB
build/client/assets/frames-CsgnxDco.js                           11.48 kB Γöé gzip:   4.63 kB
build/client/assets/laserwave-C_8bwKvT.js                        11.49 kB Γöé gzip:   2.57 kB
build/client/assets/observational-memory-CllQ3DKn.js             11.52 kB Γöé gzip:   3.92 kB
build/client/assets/progress-DbHz_TvM.js                         11.55 kB Γöé gzip:   4.66 kB
build/client/assets/frames-CO-QpAcI.js                           11.61 kB Γöé gzip:   4.26 kB
build/client/assets/agent-web-surfaces-CI7bMa6v.js               11.62 kB Γöé gzip:   4.40 kB
build/client/assets/progress-ClptUYnF.js                         11.62 kB Γöé gzip:   4.49 kB
build/client/assets/frames-CNg6p0cB.js                           11.62 kB Γöé gzip:   4.33 kB
build/client/assets/evals-CmBDyqUW.js                            11.67 kB Γöé gzip:   3.99 kB
build/client/assets/agent-web-surfaces-7XUMKJC-.js               11.71 kB Γöé gzip:   4.20 kB
build/client/assets/evals-CA1o1Zhz.js                            11.77 kB Γöé gzip:   4.16 kB
build/client/assets/recurring-jobs-BNcWiaAU.js                   11.78 kB Γöé gzip:   4.24 kB
build/client/assets/evals-BZaLRBOj.js                            11.82 kB Γöé gzip:   4.53 kB
build/client/assets/using-your-agent-p_jxgrPy.js                 11.89 kB Γöé gzip:   3.41 kB
build/client/assets/frames-BvHdIppm.js                           11.90 kB Γöé gzip:   4.47 kB
build/client/assets/gherkin-DExj1W_8.js                          11.93 kB Γöé gzip:   5.04 kB
build/client/assets/evals-CpV0kGw5.js                            11.97 kB Γöé gzip:   4.20 kB
build/client/assets/evals-XXNKDzC7.js                            11.97 kB Γöé gzip:   4.26 kB
build/client/assets/wasm-ByWQv1Qj.js                             12.00 kB Γöé gzip:   2.17 kB
build/client/assets/writing-agent-instructions-BORMRDhB.js       12.00 kB Γöé gzip:   4.55 kB
build/client/assets/frames-ZJXQnUP4.js                           12.02 kB Γöé gzip:   4.74 kB
build/client/assets/hjson-CxZEssPk.js                            12.04 kB Γöé gzip:   1.64 kB
build/client/assets/cloneable-saas-CTuKYsUC.js                   12.07 kB Γöé gzip:   5.31 kB
build/client/assets/workspace-management-D5_koUVm.js             12.07 kB Γöé gzip:   5.22 kB
build/client/assets/evals-Byf-js7B.js                            12.08 kB Γöé gzip:   4.38 kB
build/client/assets/workspace-management-B8fQyb6B.js             12.09 kB Γöé gzip:   5.20 kB
build/client/assets/cloneable-saas-BmCi9rc9.js                   12.11 kB Γöé gzip:   4.56 kB
build/client/assets/handlebars-DomCzC3N.js                       12.16 kB Γöé gzip:   2.38 kB
build/client/assets/processors-BPozSAGS.js                       12.19 kB Γöé gzip:   3.69 kB
build/client/assets/cloneable-saas-D3M66lgo.js                   12.20 kB Γöé gzip:   5.32 kB
build/client/assets/template-chat-CombA-Mr.js                    12.36 kB Γöé gzip:   4.58 kB
build/client/assets/apache-U0d_L8uA.js                           12.44 kB Γöé gzip:   3.71 kB
build/client/assets/lt-LT-XHIRWOB4-Bs-TQRVk.js                   12.50 kB Γöé gzip:   5.37 kB
build/client/assets/template-chat-BguV0MEG.js                    12.56 kB Γöé gzip:   4.45 kB
build/client/assets/agent-mentions-GCY5FhuX.js                   12.72 kB Γöé gzip:   4.43 kB
build/client/assets/vesper-DdrHHSXu.js                           12.73 kB Γöé gzip:   1.99 kB
build/client/assets/onboarding-1o-9xxE5.js                       12.76 kB Γöé gzip:   5.68 kB
build/client/assets/onboarding-BR3XFVAM.js                       12.76 kB Γöé gzip:   5.73 kB
build/client/assets/agent-mentions-Af0z5JLr.js                   12.79 kB Γöé gzip:   4.59 kB
build/client/assets/bat-Bo4NYOV-.js                              12.88 kB Γöé gzip:   3.22 kB
build/client/assets/recurring-jobs-BtnVy4WC.js                   12.99 kB Γöé gzip:   4.63 kB
build/client/assets/fish-BJitypiv.js                             13.03 kB Γöé gzip:   1.73 kB
build/client/assets/getting-started-CJqEyjCE.js                  13.03 kB Γöé gzip:   5.23 kB
build/client/assets/workspace-management-BeusmyY5.js             13.04 kB Γöé gzip:   4.51 kB
build/client/assets/getting-started-Dro4bnAr.js                  13.09 kB Γöé gzip:   5.24 kB
build/client/assets/recurring-jobs-QFKl17cS.js                   13.09 kB Γöé gzip:   4.93 kB
build/client/assets/cloneable-saas-CFHcodYu.js                   13.16 kB Γöé gzip:   4.89 kB
build/client/assets/evals-D-4UXbx0.js                            13.17 kB Γöé gzip:   4.65 kB
build/client/assets/v-DETTlOr0.js                                13.20 kB Γöé gzip:   2.73 kB
build/client/assets/recurring-jobs-Dyejroh9.js                   13.24 kB Γöé gzip:   4.65 kB
build/client/assets/evals-C__ct6Un.js                            13.26 kB Γöé gzip:   4.55 kB
build/client/assets/template-forms-CJgWNswV.js                   13.27 kB Γöé gzip:   5.04 kB
build/client/assets/database-B6W2hdd2.js                         13.28 kB Γöé gzip:   5.77 kB
build/client/assets/cloneable-saas-nPn9zN8b.js                   13.30 kB Γöé gzip:   4.93 kB
build/client/assets/template-forms-DvFl2h5K.js                   13.30 kB Γöé gzip:   5.02 kB
build/client/assets/blueprint-installer-BGT6fTYH.js              13.35 kB Γöé gzip:   3.50 kB
build/client/assets/database-C23WjqY9.js                         13.37 kB Γöé gzip:   5.76 kB
build/client/assets/getting-started-B1m3hPXf.js                  13.38 kB Γöé gzip:   4.75 kB
build/client/assets/recurring-jobs-BYiLm1yr.js                   13.40 kB Γöé gzip:   4.87 kB
build/client/assets/template-forms-DxApQqIB.js                   13.41 kB Γöé gzip:   4.26 kB
build/client/assets/durable-resume-s3fAVjD5.js                   13.47 kB Γöé gzip:   3.80 kB
build/client/assets/getting-started-BSVDB7OX.js                  13.48 kB Γöé gzip:   4.74 kB
build/client/assets/onboarding-BOyf1o9F.js                       13.50 kB Γöé gzip:   4.92 kB
build/client/assets/getting-started-DzqDeaBq.js                  13.57 kB Γöé gzip:   4.86 kB
build/client/assets/recurring-jobs-Cskii0xB.js                   13.60 kB Γöé gzip:   4.81 kB
build/client/assets/vitesse-light-VbXTXTou.js                    13.61 kB Γöé gzip:   3.03 kB
build/client/assets/aurora-x-CDeNXAV0.js                         13.65 kB Γöé gzip:   2.28 kB
build/client/assets/writing-agent-instructions-CRuiaUXh.js       13.67 kB Γöé gzip:   5.53 kB
build/client/assets/vitesse-black-fwtXNY1n.js                    13.67 kB Γöé gzip:   3.05 kB
build/client/assets/writing-agent-instructions-Dmo52NQo.js       13.67 kB Γöé gzip:   5.10 kB
build/client/assets/getting-started-Be7daHVq.js                  13.71 kB Γöé gzip:   4.84 kB
build/client/assets/frames-D4WF0yck.js                           13.72 kB Γöé gzip:   4.96 kB
build/client/assets/vitesse-dark-BZCL-v6S.js                     13.75 kB Γöé gzip:   3.06 kB
build/client/assets/pug-F6GBqy3V.js                              13.84 kB Γöé gzip:   2.58 kB
build/client/assets/cloneable-saas-DvdTmchn.js                   13.85 kB Γöé gzip:   5.26 kB
build/client/assets/vi-VN-M7AON7JQ-BwyfRvyA.js                   13.86 kB Γöé gzip:   5.79 kB
build/client/assets/workspace-management-GVeiq4Zq.js             13.89 kB Γöé gzip:   5.42 kB
build/client/assets/sandbox-adapters-CV2Lcv8L.js                 13.91 kB Γöé gzip:   5.14 kB
build/client/assets/getting-started-ByteCF8W.js                  13.92 kB Γöé gzip:   5.17 kB
build/client/assets/notifications-Bsbiwpji.js                    14.01 kB Γöé gzip:   5.44 kB
build/client/assets/synthwave-84-nFMaYfgc.js                     14.03 kB Γöé gzip:   2.85 kB
build/client/assets/notifications-DGYyp2Ha.js                    14.05 kB Γöé gzip:   5.44 kB
build/client/assets/frames-C1Babq64.js                           14.07 kB Γöé gzip:   4.76 kB
build/client/assets/workspace-management-CjvkRURY.js             14.07 kB Γöé gzip:   5.22 kB
build/client/assets/sandbox-adapters-BAg4PXpK.js                 14.07 kB Γöé gzip:   6.31 kB
build/client/assets/cloneable-saas-COyi4hkB.js                   14.13 kB Γöé gzip:   5.47 kB
build/client/assets/sandbox-adapters-MAy6ieXX.js                 14.14 kB Γöé gzip:   6.30 kB
build/client/assets/github-light-default-BXViO-2h.js             14.15 kB Γöé gzip:   3.02 kB
build/client/assets/writing-agent-instructions-D4GXFCbF.js       14.18 kB Γöé gzip:   5.18 kB
build/client/assets/cloneable-saas-CI4XRpaN.js                   14.18 kB Γöé gzip:   5.18 kB
build/client/assets/agent-teams-vdjJu8Hv.js                      14.24 kB Γöé gzip:   5.71 kB
build/client/assets/agent-teams-BtVnu8JB.js                      14.25 kB Γöé gzip:   5.70 kB
build/client/assets/clarity-SemFz856.js                          14.26 kB Γöé gzip:   2.46 kB
build/client/assets/writing-agent-instructions-CSIEAUZs.js       14.27 kB Γöé gzip:   5.48 kB
build/client/assets/github-light-high-contrast-B68TUdTA.js       14.27 kB Γöé gzip:   3.00 kB
build/client/assets/faq-FsG8LK3F.js                              14.33 kB Γöé gzip:   6.36 kB
build/client/assets/templates.slides-DcfIpnb1.js                 14.37 kB Γöé gzip:   2.73 kB
build/client/assets/getting-started-DQyHEbBB.js                  14.37 kB Γöé gzip:   5.27 kB
build/client/assets/templates.forms-DSzz64RV.js                  14.38 kB Γöé gzip:   2.73 kB
build/client/assets/templates.design-CR57BfSf.js                 14.39 kB Γöé gzip:   2.74 kB
build/client/assets/faq-CQW8qin_.js                              14.40 kB Γöé gzip:   6.34 kB
build/client/assets/da-DK-5WZEPLOC-BqXzdbki.js                   14.41 kB Γöé gzip:   6.08 kB
build/client/assets/github-dark-dimmed-Bx1FflLF.js               14.43 kB Γöé gzip:   3.11 kB
build/client/assets/github-dark-default-DXG-b-1a.js              14.43 kB Γöé gzip:   3.12 kB
build/client/assets/onboarding-DkfM4jhh.js                       14.45 kB Γöé gzip:   5.37 kB
build/client/assets/sharing-DN5Edg6j.js                          14.48 kB Γöé gzip:   6.16 kB
build/client/assets/getting-started-DAbXSHvd.js                  14.49 kB Γöé gzip:   5.10 kB
build/client/assets/onboarding-__1QDrIW.js                       14.52 kB Γöé gzip:   5.73 kB
build/client/assets/sharing-CTfY_ym6.js                          14.57 kB Γöé gzip:   6.16 kB
build/client/assets/agent-teams-l3jhZjCw.js                      14.59 kB Γöé gzip:   4.88 kB
build/client/assets/template-forms-B37D-vj3.js                   14.59 kB Γöé gzip:   5.02 kB
build/client/assets/github-dark-high-contrast-B_tTalzw.js        14.59 kB Γöé gzip:   3.07 kB
build/client/assets/writing-agent-instructions-BBLZnzpB.js       14.60 kB Γöé gzip:   5.38 kB
build/client/assets/workspace-management-rAJ1q2QC.js             14.71 kB Γöé gzip:   5.05 kB
build/client/assets/gnuplot-7GGW24-e.js                          14.77 kB Γöé gzip:   3.27 kB
build/client/assets/recurring-jobs-FJ7WpEgU.js                   14.78 kB Γöé gzip:   5.23 kB
build/client/assets/template-forms-B8JQ1fPE.js                   14.79 kB Γöé gzip:   4.66 kB
build/client/assets/onboarding-E4VXQXPZ.js                       14.80 kB Γöé gzip:   5.42 kB
build/client/assets/workspace-management-BW11lNMd.js             14.84 kB Γöé gzip:   5.02 kB
build/client/assets/template-forms-DpfJtMyr.js                   14.84 kB Γöé gzip:   4.76 kB
build/client/assets/notifications-8qi8tORL.js                    14.90 kB Γöé gzip:   4.73 kB
build/client/assets/onboarding-BHQ_xctU.js                       15.01 kB Γöé gzip:   5.66 kB
build/client/assets/database-CL7B7s93.js                         15.03 kB Γöé gzip:   5.45 kB
build/client/assets/rust-Cfkwpbl8.js                             15.06 kB Γöé gzip:   2.71 kB
build/client/assets/audit-log-B7t1-nLw.js                        15.07 kB Γöé gzip:   4.43 kB
build/client/assets/native-chat-ui-wYbO8MBN.js                   15.08 kB Γöé gzip:   5.95 kB
build/client/assets/native-chat-ui-CH1y2zFM.js                   15.12 kB Γöé gzip:   5.94 kB
build/client/assets/template-forms-C6Pt4aJM.js                   15.13 kB Γöé gzip:   4.95 kB
build/client/assets/database-ktUzo0yX.js                         15.14 kB Γöé gzip:   5.48 kB
build/client/assets/kusto-C7mF5XQf.js                            15.16 kB Γöé gzip:   3.92 kB
build/client/assets/progress-CX8IRwWb.js                         15.17 kB Γöé gzip:   4.74 kB
build/client/assets/recurring-jobs-DO80VDrg.js                   15.17 kB Γöé gzip:   5.15 kB
build/client/assets/actionscript-3--17pq3dv.js                   15.19 kB Γöé gzip:   2.67 kB
build/client/assets/notifications-CdSDnr1A.js                    15.21 kB Γöé gzip:   5.03 kB
build/client/assets/database-sAfvI3kn.js                         15.22 kB Γöé gzip:   5.74 kB
build/client/assets/notifications-C7WFR38B.js                    15.36 kB Γöé gzip:   5.40 kB
build/client/assets/template-forms-ChymUCkP.js                   15.37 kB Γöé gzip:   4.89 kB
build/client/assets/database-Ckn8mZKp.js                         15.38 kB Γöé gzip:   5.86 kB
build/client/assets/voice-input-D_WbYN5q.js                      15.39 kB Γöé gzip:   4.35 kB
build/client/assets/database-Cg0odYoj.js                         15.42 kB Γöé gzip:   5.60 kB
build/client/assets/sharing-C_aKrf7L.js                          15.48 kB Γöé gzip:   5.34 kB
build/client/assets/nix-IvuFDN5E.js                              15.50 kB Γöé gzip:   2.47 kB
build/client/assets/diagram-OG6HWLK6-C63MM-Cm.js                 15.52 kB Γöé gzip:   5.41 kB
build/client/assets/onboarding-Do34QjwT.js                       15.52 kB Γöé gzip:   5.72 kB
build/client/assets/th-TH-HPSO5L25-F7PeEZEn.js                   15.52 kB Γöé gzip:   5.19 kB
build/client/assets/workspace-management-DZsXjnRO.js             15.53 kB Γöé gzip:   5.28 kB
build/client/assets/notifications-BJBCIa7U.js                    15.57 kB Γöé gzip:   5.08 kB
build/client/assets/faq-CQSn1MeN.js                              15.58 kB Γöé gzip:   5.89 kB
build/client/assets/lua-D6Q8OerY.js                              15.59 kB Γöé gzip:   3.18 kB
build/client/assets/drop-in-agent-ChAGQP7V.js                    15.61 kB Γöé gzip:   6.76 kB
build/client/assets/luau-FMPmPwt6.js                             15.62 kB Γöé gzip:   3.39 kB
build/client/assets/drop-in-agent-CcvB7B8r.js                    15.63 kB Γöé gzip:   6.74 kB
build/client/assets/faq-CkQaCefd.js                              15.67 kB Γöé gzip:   5.87 kB
build/client/assets/human-approval-BtoCwkR5.js                   15.71 kB Γöé gzip:   4.44 kB
build/client/assets/native-chat-ui-D0J4EoG2.js                   15.73 kB Γöé gzip:   5.36 kB
build/client/assets/database-BhQ6KB3G.js                         15.77 kB Γöé gzip:   5.75 kB
build/client/assets/template-chat-DaiWjihr.js                    15.78 kB Γöé gzip:   4.76 kB
build/client/assets/abap-CLvhMVsD.js                             15.84 kB Γöé gzip:   5.93 kB
build/client/assets/notifications-DKplslXW.js                    15.88 kB Γöé gzip:   5.36 kB
build/client/assets/getting-started-Dttzqlgz.js                  15.91 kB Γöé gzip:   5.51 kB
build/client/assets/agent-web-surfaces-1oRHsHbU.js               15.94 kB Γöé gzip:   4.53 kB
build/client/assets/faq-BCgTi55K.js                              15.95 kB Γöé gzip:   5.91 kB
build/client/assets/nn-NO-6E72VCQL-CPKnRp20.js                   15.95 kB Γöé gzip:   6.72 kB
build/client/assets/drop-in-agent-DtdMMz8F.js                    16.00 kB Γöé gzip:   5.69 kB
build/client/assets/notifications-CzMRfYGZ.js                    16.01 kB Γöé gzip:   5.22 kB
build/client/assets/solidity-CKzVLygQ.js                         16.06 kB Γöé gzip:   3.09 kB
build/client/assets/template-calendar-DobG8kTA.js                16.07 kB Γöé gzip:   5.91 kB
build/client/assets/agent-teams-B4q2hqoO.js                      16.07 kB Γöé gzip:   5.40 kB
build/client/assets/getting-started-BfrVQzoA.js                  16.07 kB Γöé gzip:   5.06 kB
build/client/assets/matlab-D7qyCx1q.js                           16.07 kB Γöé gzip:   3.06 kB
build/client/assets/cloneable-saas-SxZzXaIj.js                   16.11 kB Γöé gzip:   5.66 kB
build/client/assets/template-calendar-BFdBKxov.js                16.12 kB Γöé gzip:   5.89 kB
build/client/assets/sandbox-adapters-DC2l-muP.js                 16.13 kB Γöé gzip:   5.95 kB
build/client/assets/observational-memory-BkIsfLbD.js             16.15 kB Γöé gzip:   4.17 kB
build/client/assets/cue-CE9AQfxI.js                              16.19 kB Γöé gzip:   2.04 kB
build/client/assets/workspace-management-CvL4KkHB.js             16.22 kB Γöé gzip:   5.61 kB
build/client/assets/faq-b_lDhGLN.js                              16.24 kB Γöé gzip:   6.22 kB
build/client/assets/elixir-mbfwMwxP.js                           16.26 kB Γöé gzip:   2.76 kB
build/client/assets/evals-B8NFsP1D.js                            16.29 kB Γöé gzip:   4.79 kB
build/client/assets/template-forms-CCXY_YS5.js                   16.38 kB Γöé gzip:   5.28 kB
build/client/assets/doctor-D65e-PH8.js                           16.39 kB Γöé gzip:   5.11 kB
build/client/assets/agent-teams-9zeCauA7.js                      16.40 kB Γöé gzip:   5.44 kB
build/client/assets/sandbox-adapters-BORZ0TY8.js                 16.43 kB Γöé gzip:   6.00 kB
build/client/assets/sandbox-adapters-BDLm7Smi.js                 16.47 kB Γöé gzip:   6.35 kB
build/client/assets/writing-agent-instructions-CS0zAUtY.js       16.49 kB Γöé gzip:   5.97 kB
build/client/assets/odin-B1RWQWA5.js                             16.50 kB Γöé gzip:   2.92 kB
build/client/assets/ts-tags-DnC94Srp.js                          16.54 kB Γöé gzip:   2.05 kB
build/client/assets/sharing-c_ILUKNo.js                          16.60 kB Γöé gzip:   6.16 kB
build/client/assets/template-calendar-CLNkwTFU.js                16.62 kB Γöé gzip:   5.19 kB
build/client/assets/agent-teams-Bc7YcktV.js                      16.68 kB Γöé gzip:   5.80 kB
build/client/assets/sharing-TQTfg29p.js                          16.70 kB Γöé gzip:   5.71 kB
build/client/assets/nl-NL-IS3SIHDZ-DF1HWmTr.js                   16.73 kB Γöé gzip:   6.92 kB
build/client/assets/writing-agent-instructions-Dq-OzL56.js       16.75 kB Γöé gzip:   5.70 kB
build/client/assets/onboarding-DAwcOVgI.js                       16.76 kB Γöé gzip:   6.08 kB
build/client/assets/agent-teams-2Ir3qqHy.js                      16.76 kB Γöé gzip:   5.79 kB
build/client/assets/notifications-CteWb3AQ.js                    16.77 kB Γöé gzip:   5.71 kB
build/client/assets/sandbox-adapters-CnhtrtuG.js                 16.77 kB Γöé gzip:   6.51 kB
build/client/assets/sharing-B7zJ0hgg.js                          16.79 kB Γöé gzip:   6.09 kB
build/client/assets/database-CxUlRnIs.js                         16.81 kB Γöé gzip:   6.11 kB
build/client/assets/faq-EZWX4I8C.js                              16.83 kB Γöé gzip:   6.26 kB
build/client/assets/native-chat-ui-BYPWXPdI.js                   16.86 kB Γöé gzip:   5.65 kB
build/client/assets/agent-mentions-BulEw-mk.js                   16.86 kB Γöé gzip:   4.66 kB
build/client/assets/sharing-BqvTS95-.js                          16.87 kB Γöé gzip:   5.79 kB
build/client/assets/templates.content-DPJWSOdR.js                16.88 kB Γöé gzip:   2.81 kB
build/client/assets/sandbox-adapters-DpY_2PRi.js                 16.88 kB Γöé gzip:   6.24 kB
build/client/assets/native-chat-ui-ClxLYLWa.js                   16.91 kB Γöé gzip:   5.93 kB
build/client/assets/agent-teams-Dti8yBfH.js                      16.92 kB Γöé gzip:   5.67 kB
build/client/assets/cross-app-sso-Cj4GIvUa.js                    16.93 kB Γöé gzip:   5.81 kB
build/client/assets/native-chat-ui-afkFbO-z.js                   16.93 kB Γöé gzip:   6.06 kB
build/client/assets/plan-plugin-CfDu6fiJ.js                      17.01 kB Γöé gzip:   7.10 kB
build/client/assets/workspace-management-B-c66fw7.js             17.03 kB Γöé gzip:   5.51 kB
build/client/assets/template-forms-jt3K6b3Y.js                   17.06 kB Γöé gzip:   5.18 kB
build/client/assets/cloneable-saas-D2mgJz8_.js                   17.08 kB Γöé gzip:   5.53 kB
build/client/assets/cross-app-sso-d3NDY6Oq.js                    17.08 kB Γöé gzip:   6.68 kB
build/client/assets/plan-plugin-BGBGASMe.js                      17.09 kB Γöé gzip:   7.09 kB
build/client/assets/kanagawa-wave-CTweb8Dz.js                    17.12 kB Γöé gzip:   2.90 kB
build/client/assets/kanagawa-lotus-BN08jTvb.js                   17.12 kB Γöé gzip:   2.90 kB
build/client/assets/kanagawa-dragon-CXtmUGW6.js                  17.12 kB Γöé gzip:   2.92 kB
build/client/assets/native-chat-ui-PHg6KsHl.js                   17.17 kB Γöé gzip:   5.72 kB
build/client/assets/faq-DmCJHL14.js                              17.23 kB Γöé gzip:   6.38 kB
build/client/assets/cross-app-sso-DZUeC4iW.js                    17.24 kB Γöé gzip:   6.68 kB
build/client/assets/sharing-CQUJja9K.js                          17.27 kB Γöé gzip:   5.96 kB
build/client/assets/ishikawaDiagram-YF4QCWOH-Xcdp_xsG.js         17.29 kB Γöé gzip:   6.52 kB
build/client/assets/plan-plugin-B8dW_O0U.js                      17.37 kB Γöé gzip:   6.17 kB
build/client/assets/onboarding-B6g0W-Q4.js                       17.48 kB Γöé gzip:   5.92 kB
build/client/assets/move-B1IS1UjX.js                             17.49 kB Γöé gzip:   3.06 kB
build/client/assets/notifications-D3c6lpw5.js                    17.53 kB Γöé gzip:   5.66 kB
build/client/assets/drop-in-agent-D3O9RxLS.js                    17.55 kB Γöé gzip:   6.39 kB
build/client/assets/native-chat-ui-Ch7SlTj0.js                   17.56 kB Γöé gzip:   5.88 kB
build/client/assets/my-MM-5M5IBNSE-BBr54PKa.js                   17.57 kB Γöé gzip:   5.29 kB
build/client/assets/template-calendar-Bt1MYiNR.js                17.67 kB Γöé gzip:   5.48 kB
build/client/assets/database-B_AWwclT.js                         17.69 kB Γöé gzip:   6.00 kB
build/client/assets/template-calendar-Dexu1tT0.js                17.74 kB Γöé gzip:   5.60 kB
build/client/assets/automations-COT2Pqwx.js                      17.84 kB Γöé gzip:   6.61 kB
build/client/assets/automations-DdlDLdqm.js                      17.85 kB Γöé gzip:   6.63 kB
build/client/assets/template-calendar-DDXqF4Du.js                17.87 kB Γöé gzip:   5.84 kB
build/client/assets/drop-in-agent-Boad7p9E.js                    17.88 kB Γöé gzip:   6.44 kB
build/client/assets/drop-in-agent-DnzQZxhu.js                    17.92 kB Γöé gzip:   6.78 kB
build/client/assets/template-calendar-Dh02COMI.js                17.98 kB Γöé gzip:   5.93 kB
build/client/assets/graphql-Dx9yv2mh.js                          18.08 kB Γöé gzip:   2.53 kB
build/client/assets/hu-HU-A5ZG7DT2-DxHNJVHv.js                   18.08 kB Γöé gzip:   7.58 kB
build/client/assets/liquid-ClXoR3fb.js                           18.10 kB Γöé gzip:   3.14 kB
build/client/assets/drop-in-agent-CXvL7dzT.js                    18.17 kB Γöé gzip:   6.69 kB
build/client/assets/svelte-CBTzubHh.js                           18.24 kB Γöé gzip:   3.14 kB
build/client/assets/template-calendar-COy6LwPP.js                18.34 kB Γöé gzip:   5.78 kB
build/client/assets/tracking-C6d4h3Uj.js                         18.37 kB Γöé gzip:   8.37 kB
build/client/assets/templates.plan-BrKvk7Zg.js                   18.37 kB Γöé gzip:   3.26 kB
build/client/assets/tracking-B7eyIMwM.js                         18.38 kB Γöé gzip:   6.85 kB
build/client/assets/sharing-vpPsoAVr.js                          18.40 kB Γöé gzip:   6.46 kB
build/client/assets/fi-FI-Z5N7JZ37-C_BioAR5.js                   18.40 kB Γöé gzip:   7.53 kB
build/client/assets/harness-agents-e_99_lpc.js                   18.44 kB Γöé gzip:   7.58 kB
build/client/assets/drop-in-agent-Dn7fzEK6.js                    18.49 kB Γöé gzip:   6.66 kB
build/client/assets/tracking-D9mvVILT.js                         18.50 kB Γöé gzip:   8.39 kB
build/client/assets/template-mail-BTGRKx4Q.js                    18.55 kB Γöé gzip:   6.12 kB
build/client/assets/templates.mail-DuAkcJpw.js                   18.56 kB Γöé gzip:   3.02 kB
build/client/assets/material-theme-Bm3Qr25_.js                   18.61 kB Γöé gzip:   3.10 kB
build/client/assets/material-theme-darker-2IIEA8gg.js            18.62 kB Γöé gzip:   3.10 kB
build/client/assets/material-theme-ocean-CHQ94UKr.js             18.62 kB Γöé gzip:   3.12 kB
build/client/assets/material-theme-lighter-uhdI0v04.js           18.63 kB Γöé gzip:   3.10 kB
build/client/assets/material-theme-palenight-B5W6OYN7.js         18.63 kB Γöé gzip:   3.11 kB
build/client/assets/template-slides-AeToVCf7.js                  18.64 kB Γöé gzip:   6.99 kB
build/client/assets/harness-agents-D9bsrNvU.js                   18.65 kB Γöé gzip:   7.55 kB
build/client/assets/template-slides-cR3SP-MM.js                  18.68 kB Γöé gzip:   6.95 kB
build/client/assets/local-file-mode-D215f09r.js                  18.68 kB Γöé gzip:   7.50 kB
build/client/assets/templates.dispatch-LAeswJV2.js               18.69 kB Γöé gzip:   3.02 kB
build/client/assets/kab-KAB-ZGHBKWFO-BU6Qj4hC.js                 18.78 kB Γöé gzip:   7.56 kB
build/client/assets/frames-Gk4xIlnd.js                           18.79 kB Γöé gzip:   4.99 kB
build/client/assets/local-file-mode-BXKyBpzv.js                  18.87 kB Γöé gzip:   7.48 kB
build/client/assets/server-BqUPMpm7.js                           18.87 kB Γöé gzip:   6.97 kB
build/client/assets/observability-Cx-SUMe6.js                    18.90 kB Γöé gzip:   8.04 kB
build/client/assets/harness-agents-DoUpyspS.js                   18.91 kB Γöé gzip:   6.56 kB
build/client/assets/template-mail-4YegmJVa.js                    18.91 kB Γöé gzip:   7.16 kB
build/client/assets/agent-teams-gJD9I8nB.js                      18.93 kB Γöé gzip:   6.12 kB
build/client/assets/templates.calendar-D8e5oj-2.js               18.93 kB Γöé gzip:   2.99 kB
build/client/assets/what-is-jami-CRk4DKvV.js                     18.94 kB Γöé gzip:   8.52 kB
build/client/assets/gdscript-Cp2uCuqX.js                         18.98 kB Γöé gzip:   3.75 kB
build/client/assets/zh-TW-RAJ6MFWO-i3lHDJYP.js                   18.99 kB Γöé gzip:   8.86 kB
build/client/assets/server-gxJN4N-L.js                           19.00 kB Γöé gzip:   6.99 kB
build/client/assets/templates.analytics-CHEDTw3o.js              19.01 kB Γöé gzip:   3.21 kB
build/client/assets/template-mail-BSRElEe-.js                    19.02 kB Γöé gzip:   7.14 kB
build/client/assets/sharing-DW3VMmPc.js                          19.02 kB Γöé gzip:   6.37 kB
build/client/assets/observability-DUdcLcHv.js                    19.03 kB Γöé gzip:   8.07 kB
build/client/assets/plan-plugin-vlCsAC8H.js                      19.04 kB Γöé gzip:   6.79 kB
build/client/assets/what-is-jami-DbriI4B7.js                     19.04 kB Γöé gzip:   8.50 kB
build/client/assets/zh-CN-LNUGB5OW-Cvu7QMNF.js                   19.05 kB Γöé gzip:   8.87 kB
build/client/assets/lv-LV-5QDEKY6T-mWh5Lnli.js                   19.14 kB Γöé gzip:   7.79 kB
build/client/assets/groovy-CacY0gHj.js                           19.17 kB Γöé gzip:   3.59 kB
build/client/assets/native-chat-ui-C8buIOf_.js                   19.24 kB Γöé gzip:   6.30 kB
build/client/assets/sandbox-adapters-YIH2uAaw.js                 19.26 kB Γöé gzip:   6.68 kB
build/client/assets/automations-BfefVB_c.js                      19.29 kB Γöé gzip:   6.12 kB
build/client/assets/cross-app-sso-Ct2WLQbi.js                    19.30 kB Γöé gzip:   6.39 kB
build/client/assets/sandbox-adapters-C18F2Aq1.js                 19.34 kB Γöé gzip:   6.89 kB
build/client/assets/server-CWL-xz_7.js                           19.35 kB Γöé gzip:   6.06 kB
build/client/assets/gl-ES-HMX3MZ6V-JpM15IVP.js                   19.39 kB Γöé gzip:   7.73 kB
build/client/assets/mcp-protocol-D_7Sq4ov.js                     19.45 kB Γöé gzip:   7.24 kB
build/client/assets/mcp-protocol-BDFeLvqh.js                     19.46 kB Γöé gzip:   7.27 kB
build/client/assets/template-analytics-1nV3C7j6.js               19.46 kB Γöé gzip:   7.88 kB
build/client/assets/cross-app-sso-mJ5K_IeX.js                    19.49 kB Γöé gzip:   6.66 kB
build/client/assets/tr-TR-DEFEU3FU-Bc3j-6Be.js                   19.51 kB Γöé gzip:   7.97 kB
build/client/assets/cs-CZ-2BRQDIVT-CCyOZzza.js                   19.52 kB Γöé gzip:   8.41 kB
build/client/assets/mdc-YubvBoa8.js                              19.54 kB Γöé gzip:   6.66 kB
build/client/assets/observability-BeEtIhXv.js                    19.54 kB Γöé gzip:   6.96 kB
build/client/assets/template-analytics-DfwtOrl7.js               19.57 kB Γöé gzip:   7.90 kB
build/client/assets/template-slides-RbwwzWm2.js                  19.58 kB Γöé gzip:   6.22 kB
build/client/assets/plan-plugin-l8E9GYfh.js                      19.62 kB Γöé gzip:   6.88 kB
build/client/assets/dispatch-DKB10b80.js                         19.63 kB Γöé gzip:   6.77 kB
build/client/assets/dispatch-oubZkAoa.js                         19.63 kB Γöé gzip:   7.93 kB
build/client/assets/pt-PT-UZXXM6DQ-DeAm_sHi.js                   19.65 kB Γöé gzip:   7.79 kB
build/client/assets/id-ID-SAP4L64H-DQxtW8Py.js                   19.68 kB Γöé gzip:   7.68 kB
build/client/assets/native-chat-ui-BBGYRNfv.js                   19.68 kB Γöé gzip:   6.31 kB
build/client/assets/dispatch-D9IQJriI.js                         19.70 kB Γöé gzip:   7.93 kB
build/client/assets/automations-BPmHo5uJ.js                      19.73 kB Γöé gzip:   6.38 kB
build/client/assets/agent-teams-BeegCyaV.js                      19.76 kB Γöé gzip:   6.02 kB
build/client/assets/local-file-mode-DKNtWa1F.js                  19.79 kB Γöé gzip:   6.87 kB
build/client/assets/ca-ES-6MX7JW3Y-BkxHfVZy.js                   19.79 kB Γöé gzip:   7.90 kB
build/client/assets/faq-DEbB8wjE.js                              19.81 kB Γöé gzip:   6.76 kB
build/client/assets/faq-V4Fu_DjD.js                              19.83 kB Γöé gzip:   6.54 kB
build/client/assets/oc-FR-POXYY2M6-MNDOof-W.js                   19.84 kB Γöé gzip:   7.79 kB
build/client/assets/creating-templates-Cf-QgP_5.js               19.86 kB Γöé gzip:   8.56 kB
build/client/assets/creating-templates-UOpejf_0.js               19.89 kB Γöé gzip:   8.54 kB
build/client/assets/automations-CuuU6BJZ.js                      19.90 kB Γöé gzip:   6.68 kB
build/client/assets/cross-app-sso-DNpUTIU4.js                    19.94 kB Γöé gzip:   6.84 kB
build/client/assets/plan-plugin-rReMuqJR.js                      20.00 kB Γöé gzip:   7.33 kB
build/client/assets/template-calendar-j-9bBB-T.js                20.04 kB Γöé gzip:   6.25 kB
build/client/assets/ayu-dark-DluEY0Gj.js                         20.07 kB Γöé gzip:   3.93 kB
build/client/assets/ayu-mirage-Bqwy1Gya.js                       20.08 kB Γöé gzip:   3.91 kB
build/client/assets/glimmer-js-BYOwjtfv.js                       20.08 kB Γöé gzip:   2.94 kB
build/client/assets/glimmer-ts-D0zqbj3Z.js                       20.08 kB Γöé gzip:   2.93 kB
build/client/assets/nb-NO-T6EIAALU-C6GJ2zXH.js                   20.10 kB Γöé gzip:   8.19 kB
build/client/assets/powershell-DshXNtvi.js                       20.14 kB Γöé gzip:   4.05 kB
build/client/assets/ayu-light-C3h-C4tm.js                        20.14 kB Γöé gzip:   3.89 kB
build/client/assets/cross-app-sso-DeKkfbrK.js                    20.15 kB Γöé gzip:   6.44 kB
build/client/assets/kanban-definition-UN3LZRKU-vf9f4zd8.js       20.18 kB Γöé gzip:   7.11 kB
build/client/assets/plan-plugin-CqWt_5K0.js                      20.25 kB Γöé gzip:   7.29 kB
build/client/assets/plan-plugin-Ml7wz_Nq.js                      20.26 kB Γöé gzip:   7.21 kB
build/client/assets/recurring-jobs-gUOk_PZw.js                   20.30 kB Γöé gzip:   5.46 kB
build/client/assets/he-IL-6SHJWFNN-CqxAiEEx.js                   20.32 kB Γöé gzip:   7.55 kB
build/client/assets/cross-app-sso-2EKBp6uy.js                    20.34 kB Γöé gzip:   6.71 kB
build/client/assets/viml-DvXPmvsu.js                             20.35 kB Γöé gzip:   6.73 kB
build/client/assets/automations-sqd4mg9Z.js                      20.35 kB Γöé gzip:   6.39 kB
build/client/assets/drop-in-agent-CdGysHc8.js                    20.37 kB Γöé gzip:   7.08 kB
build/client/assets/mcp-protocol-aN6yi3nA.js                     20.39 kB Γöé gzip:   6.50 kB
build/client/assets/drop-in-agent-O5KFYO1-.js                    20.40 kB Γöé gzip:   6.94 kB
build/client/assets/nushell-DcLAeLz5.js                          20.40 kB Γöé gzip:   5.21 kB
build/client/assets/multi-app-workspace-DrkGJDmq.js              20.46 kB Γöé gzip:   7.34 kB
build/client/assets/automations-BSWKEftP.js                      20.48 kB Γöé gzip:   6.57 kB
build/client/assets/tracking-B6m3U-ca.js                         20.49 kB Γöé gzip:   7.77 kB
build/client/assets/harness-agents-Bf9gti-F.js                   20.64 kB Γöé gzip:   7.15 kB
build/client/assets/creating-templates-_ZllBiDf.js               20.65 kB Γöé gzip:   7.67 kB
build/client/assets/template-mail-zJvbjUQM.js                    20.66 kB Γöé gzip:   6.77 kB
build/client/assets/template-slides-4mBYRek5.js                  20.73 kB Γöé gzip:   6.62 kB
build/client/assets/tracking-Ccb0svIS.js                         20.74 kB Γöé gzip:   8.09 kB
build/client/assets/bg-BG-XCXSNQG7-fsv4Ox_n.js                   20.76 kB Γöé gzip:   7.39 kB
build/client/assets/snazzy-light-4G7pJPwS.js                     20.77 kB Γöé gzip:   3.80 kB
build/client/assets/template-calendar-Ci3pGxAI.js                20.85 kB Γöé gzip:   6.15 kB
build/client/assets/twig-BW-rd03d.js                             20.90 kB Γöé gzip:   3.66 kB
build/client/assets/template-slides-CpQX45l7.js                  20.94 kB Γöé gzip:   6.94 kB
build/client/assets/harness-agents-CEZqJdb4.js                   20.98 kB Γöé gzip:   7.17 kB
build/client/assets/tracking-B-cCC_d5.js                         21.00 kB Γöé gzip:   8.32 kB
build/client/assets/automations-XugcTm_q.js                      21.00 kB Γöé gzip:   6.54 kB
build/client/assets/pt-BR-5N22H2LF-CsTipyJV.js                   21.04 kB Γöé gzip:   8.22 kB
build/client/assets/server-BaINlXHy.js                           21.04 kB Γöé gzip:   6.69 kB
build/client/assets/skills-guide-C-LZd_eJ.js                     21.05 kB Γöé gzip:   8.48 kB
build/client/assets/tracking-BxfxLjos.js                         21.05 kB Γöé gzip:   7.77 kB
build/client/assets/dracula-BHWKrbxM.js                          21.06 kB Γöé gzip:   3.99 kB
build/client/assets/dracula-soft-5eyTD99u.js                     21.07 kB Γöé gzip:   4.02 kB
build/client/assets/harness-agents-CZqgejpt.js                   21.09 kB Γöé gzip:   7.65 kB
build/client/assets/harness-agents-BxzwNV3C.js                   21.12 kB Γöé gzip:   7.51 kB
build/client/assets/skills-guide-Jbl_s6Ww.js                     21.12 kB Γöé gzip:   8.49 kB
build/client/assets/server-Mfmrg5kl.js                           21.14 kB Γöé gzip:   6.89 kB
build/client/assets/eu-ES-A7QVB2H4-Ddr-xLUz.js                   21.20 kB Γöé gzip:   8.23 kB
build/client/assets/harness-agents-N-dy7HNz.js                   21.21 kB Γöé gzip:   7.41 kB
build/client/assets/template-mail-CXuFy56E.js                    21.23 kB Γöé gzip:   6.88 kB
build/client/assets/server-DgF1j_f0.js                           21.25 kB Γöé gzip:   7.21 kB
build/client/assets/client-ItVVyOlt.js                           21.28 kB Γöé gzip:   8.49 kB
build/client/assets/client-DDDSQj5H.js                           21.33 kB Γöé gzip:   8.50 kB
build/client/assets/template-mail-CWypgZaw.js                    21.35 kB Γöé gzip:   7.18 kB
build/client/assets/es-ES-U4NZUMDT-Cp0jUkQ3.js                   21.35 kB Γöé gzip:   8.50 kB
build/client/assets/sl-SI-NN7IZMDC-B-3fYCkN.js                   21.36 kB Γöé gzip:   8.59 kB
build/client/assets/template-mail-CaU4Hyzp.js                    21.36 kB Γöé gzip:   7.24 kB
build/client/assets/security-0_Fye3Gk.js                         21.40 kB Γöé gzip:   9.22 kB
build/client/assets/server-kgQsLTOi.js                           21.41 kB Γöé gzip:   6.73 kB
build/client/assets/what-is-jami-DpvGQ-iP.js                     21.43 kB Γöé gzip:   8.00 kB
build/client/assets/template-slides-sBvipGA5.js                  21.45 kB Γöé gzip:   6.78 kB
build/client/assets/wit-DdvCle-K.js                              21.46 kB Γöé gzip:   2.87 kB
build/client/assets/security-D5RDRVHo.js                         21.46 kB Γöé gzip:   9.20 kB
build/client/assets/template-design-znTP0w-_.js                  21.47 kB Γöé gzip:   8.35 kB
build/client/assets/sv-SE-XGPEYMSR-DWQ0zZtz.js                   21.51 kB Γöé gzip:   8.56 kB
build/client/assets/template-slides-D3h4y_w7.js                  21.57 kB Γöé gzip:   7.12 kB
build/client/assets/notifications-DEkqkDql.js                    21.58 kB Γöé gzip:   5.87 kB
build/client/assets/tracking-BbYjWxi7.js                         21.59 kB Γöé gzip:   8.05 kB
build/client/assets/mcp-protocol-B-MOJ9pN.js                     21.60 kB Γöé gzip:   7.29 kB
build/client/assets/observability-aFZPRFm_.js                    21.66 kB Γöé gzip:   8.09 kB
build/client/assets/template-design-BUu-jjuL.js                  21.69 kB Γöé gzip:   8.41 kB
build/client/assets/rose-pine-BthvhNj6.js                        21.74 kB Γöé gzip:   3.86 kB
build/client/assets/rose-pine-moon-hon4tzzS.js                   21.75 kB Γöé gzip:   3.87 kB
build/client/assets/rose-pine-dawn-Dg85fqjY.js                   21.75 kB Γöé gzip:   3.88 kB
build/client/assets/what-is-jami-NgPAhxWA.js                     21.78 kB Γöé gzip:   8.06 kB
build/client/assets/workspace-connections-CfCGegeE.js            21.82 kB Γöé gzip:   6.37 kB
build/client/assets/agent-surfaces-DJclnpNT.js                   21.85 kB Γöé gzip:   8.79 kB
build/client/assets/mcp-protocol-DyNM1DaL.js                     21.85 kB Γöé gzip:   6.82 kB
build/client/assets/template-slides-CEr323D0.js                  21.85 kB Γöé gzip:   6.85 kB
build/client/assets/template-mail-D45rr3St.js                    21.86 kB Γöé gzip:   7.09 kB
build/client/assets/server-CXw0FRfO.js                           21.86 kB Γöé gzip:   6.94 kB
build/client/assets/skills-guide-CHiQOkoa.js                     21.86 kB Γöé gzip:   7.30 kB
build/client/assets/mcp-apps-BI_7UpXC.js                         21.88 kB Γöé gzip:   8.67 kB
build/client/assets/template-analytics-BWxOcixv.js               21.89 kB Γöé gzip:   7.36 kB
build/client/assets/mcp-protocol-BEXOrvQ-.js                     21.91 kB Γöé gzip:   7.15 kB
build/client/assets/template-analytics-BSjdAcb5.js               21.96 kB Γöé gzip:   7.50 kB
build/client/assets/agent-surfaces-DQAmWQtk.js                   21.96 kB Γöé gzip:   8.73 kB
build/client/assets/security-yJEYhQP5.js                         21.99 kB Γöé gzip:   7.99 kB
build/client/assets/mcp-apps-gKkteOBn.js                         22.01 kB Γöé gzip:   8.61 kB
build/client/assets/workspace-management-BM8r8SqI.js             22.05 kB Γöé gzip:   5.81 kB
build/client/assets/mcp-apps-Dnq1VB9-.js                         22.05 kB Γöé gzip:   7.59 kB
build/client/assets/it-IT-JPQ66NNP-BLJhpCga.js                   22.06 kB Γöé gzip:   8.58 kB
build/client/assets/observability-DaLeH33n.js                    22.12 kB Γöé gzip:   7.64 kB
build/client/assets/creating-templates-YtmBBDRw.js               22.20 kB Γöé gzip:   8.20 kB
build/client/assets/observability-Dk3ae_Sc.js                    22.20 kB Γöé gzip:   8.05 kB
build/client/assets/workspace-connections-CzKxK60C.js            22.30 kB Γöé gzip:   7.58 kB
build/client/assets/template-analytics-DNOT4HcU.js               22.30 kB Γöé gzip:   7.54 kB
build/client/assets/sk-SK-C5VTKIMK-CD882T0K.js                   22.31 kB Γöé gzip:   9.11 kB
build/client/assets/local-file-mode-G3YyuwoF.js                  22.34 kB Γöé gzip:   7.87 kB
build/client/assets/mcp-protocol-9-Dtkv5g.js                     22.35 kB Γöé gzip:   6.92 kB
build/client/assets/workspace-connections-BwB8LsJ2.js            22.36 kB Γöé gzip:   7.51 kB
build/client/assets/what-is-jami-DdTuK0al.js                     22.37 kB Γöé gzip:   8.56 kB
build/client/assets/template-analytics-DgavSg5M.js               22.41 kB Γöé gzip:   7.94 kB
build/client/assets/chunk-6U3AYISY-C6-Mtja1.js                   22.44 kB Γöé gzip:   8.62 kB
build/client/assets/nim-avcf7a1R.js                              22.45 kB Γöé gzip:   3.15 kB
build/client/assets/creating-templates-BKy4AP-V.js               22.45 kB Γöé gzip:   8.48 kB
build/client/assets/local-file-mode-CNaf4hmu.js                  22.46 kB Γöé gzip:   7.45 kB
build/client/assets/cross-app-sso-Bqt3W9hE.js                    22.47 kB Γöé gzip:   7.03 kB
build/client/assets/template-forms-Bjx7syAK.js                   22.50 kB Γöé gzip:   5.47 kB
build/client/assets/pl-PL-T2D74RX3-qj8ultgK.js                   22.50 kB Γöé gzip:   9.23 kB
build/client/assets/deployment-hwXs8-ex.js                       22.55 kB Γöé gzip:   8.66 kB
build/client/assets/mcp-protocol-CX_mJ3uF.js                     22.57 kB Γöé gzip:   7.13 kB
build/client/assets/common-lisp-Cv5bFMCO.js                      22.57 kB Γöé gzip:   6.07 kB
build/client/assets/cloneable-saas-BQkmrZVz.js                   22.57 kB Γöé gzip:   5.94 kB
build/client/assets/client-BJfkABhU.js                           22.58 kB Γöé gzip:   7.68 kB
build/client/assets/surrealql-DjbeMbmg.js                        22.58 kB Γöé gzip:   4.31 kB
build/client/assets/gruvbox-dark-hard-C820rvS2.js                22.63 kB Γöé gzip:   4.15 kB
build/client/assets/gruvbox-dark-soft-MrdJrrXF.js                22.63 kB Γöé gzip:   4.15 kB
build/client/assets/gruvbox-light-hard-BC_s9l72.js               22.63 kB Γöé gzip:   4.16 kB
build/client/assets/gruvbox-light-soft-BSMLrYjP.js               22.63 kB Γöé gzip:   4.16 kB
build/client/assets/gruvbox-dark-medium-BPjhmG05.js              22.63 kB Γöé gzip:   4.15 kB
build/client/assets/observability-BUnW_3FK.js                    22.63 kB Γöé gzip:   7.73 kB
build/client/assets/gruvbox-light-medium-BAWPOn9u.js             22.63 kB Γöé gzip:   4.16 kB
build/client/assets/local-file-mode-SAFx5tvC.js                  22.65 kB Γöé gzip:   7.87 kB
build/client/assets/template-analytics-CgC-GOo9.js               22.65 kB Γöé gzip:   7.88 kB
build/client/assets/what-is-agent-native-Zo_DBSF1.js             22.65 kB Γöé gzip:   8.28 kB
build/client/assets/what-is-jami-C6zTCZYI.js                     22.65 kB Γöé gzip:   8.28 kB
build/client/assets/creating-templates-CxUnUzAj.js               22.66 kB Γöé gzip:   8.27 kB
build/client/assets/template-design-B9yJaYL_.js                  22.67 kB Γöé gzip:   7.35 kB
build/client/assets/creating-templates-CuDpmfk6.js               22.69 kB Γöé gzip:   8.77 kB
build/client/assets/dispatch-Ilxz4UUU.js                         22.70 kB Γöé gzip:   7.64 kB
build/client/assets/sankeyDiagram-5OEKKPKP-B3MS_GHy.js           22.78 kB Γöé gzip:   8.24 kB
build/client/assets/multi-app-workspace-AzbXjOZ8.js              22.79 kB Γöé gzip:   9.26 kB
build/client/assets/multi-app-workspace-BuNDn1CR.js              22.80 kB Γöé gzip:   9.21 kB
build/client/assets/deployment-CkgDhksc.js                       22.81 kB Γöé gzip:   8.69 kB
build/client/assets/templates.clips-N4WYdWWw.js                  22.87 kB Γöé gzip:   3.45 kB
build/client/assets/bird2-C6vDhewU.js                            22.93 kB Γöé gzip:   4.65 kB
build/client/assets/template-brain-Bw6e8lce.js                   22.95 kB Γöé gzip:   8.62 kB
build/client/assets/onboarding-BptYSjAn.js                       22.95 kB Γöé gzip:   6.30 kB
build/client/assets/automations-Bs3sY_MW.js                      22.96 kB Γöé gzip:   7.09 kB
build/client/assets/authentication-B4lS9Hrn.js                   22.96 kB Γöé gzip:   8.61 kB
build/client/assets/agent-surfaces-BYTNjQxW.js                   23.00 kB Γöé gzip:   7.92 kB
build/client/assets/what-is-jami-9A6Tgsiu.js                     23.00 kB Γöé gzip:   8.54 kB
build/client/assets/database-BSKdMyS6.js                         23.01 kB Γöé gzip:   6.43 kB
build/client/assets/template-brain-BQ_0n8MM.js                   23.02 kB Γöé gzip:   8.61 kB
build/client/assets/dispatch-Ca0t594j.js                         23.03 kB Γöé gzip:   8.08 kB
build/client/assets/authentication-CJInWnMB.js                   23.10 kB Γöé gzip:   8.61 kB
build/client/assets/key-concepts-DTpPg11D.js                     23.10 kB Γöé gzip:   9.72 kB
build/client/assets/dispatch-hJ5_uANb.js                         23.11 kB Γöé gzip:   8.19 kB
build/client/assets/ro-RO-JPDTUUEW-BJGPgJuW.js                   23.15 kB Γöé gzip:   8.94 kB
build/client/assets/journeyDiagram-JHISSGLW-D7tkfh6z.js          23.16 kB Γöé gzip:   8.16 kB
build/client/assets/observability-BT8Sk53W.js                    23.18 kB Γöé gzip:   8.05 kB
build/client/assets/local-file-mode-DNO0Cfmz.js                  23.18 kB Γöé gzip:   7.59 kB
build/client/assets/key-concepts-CqgUwqO6.js                     23.20 kB Γöé gzip:   8.33 kB
build/client/assets/template-dispatch-nyFLEV0G.js                23.20 kB Γöé gzip:   9.42 kB
build/client/assets/creating-templates-NOTwYUvN.js               23.24 kB Γöé gzip:   8.41 kB
build/client/assets/key-concepts-Bp_txShK.js                     23.25 kB Γöé gzip:   9.72 kB
build/client/assets/dispatch-CD6H4VVc.js                         23.28 kB Γöé gzip:   7.66 kB
build/client/assets/template-dispatch-Cb7j39zi.js                23.28 kB Γöé gzip:   9.42 kB
build/client/assets/what-is-jami-CNS6kU_S.js                     23.29 kB Γöé gzip:   8.54 kB
build/client/assets/de-DE-XR44H4JA-C7sdDx5H.js                   23.34 kB Γöé gzip:   8.98 kB
build/client/assets/automations-CtK4zk6H.js                      23.36 kB Γöé gzip:   7.05 kB
build/client/assets/plan-plugin-BqUB0Y-9.js                      23.37 kB Γöé gzip:   7.74 kB
build/client/assets/ja-JP-DBVTYXUO-CnvQwFfk.js                   23.40 kB Γöé gzip:   8.79 kB
build/client/assets/mindmap-definition-RKZ34NQL-D6o7X6ku.js      23.41 kB Γöé gzip:   7.97 kB
build/client/assets/fr-FR-RHASNOE6-BzYyX6AL.js                   23.45 kB Γöé gzip:   8.88 kB
build/client/assets/writing-agent-instructions-SPX9Bp_8.js       23.47 kB Γöé gzip:   6.17 kB
build/client/assets/apps._index-DzKO5eQ7.js                      23.48 kB Γöé gzip:   6.88 kB
build/client/assets/sql-CAPtOi6A.js                              23.48 kB Γöé gzip:   7.50 kB
build/client/assets/template-dispatch-orkzUJw1.js                23.49 kB Γöé gzip:   8.15 kB
build/client/assets/local-file-mode-DGsou0nt.js                  23.50 kB Γöé gzip:   7.82 kB
build/client/assets/template-brain-HR0LFauX.js                   23.56 kB Γöé gzip:   7.27 kB
build/client/assets/client-WhI3Z7fr.js                           23.59 kB Γöé gzip:   8.05 kB
build/client/assets/bn-BD-2XOGV67Q-DtvK7woN.js                   23.60 kB Γöé gzip:   6.68 kB
build/client/assets/server-DXS5geAP.js                           23.60 kB Γöé gzip:   7.37 kB
build/client/assets/template-analytics-DWpPS_Gr.js               23.63 kB Γöé gzip:   7.81 kB
build/client/assets/template-assets-DF2lGeAQ.js                  23.66 kB Γöé gzip:   8.36 kB
build/client/assets/cadence-CQ2zXKGN.js                          23.66 kB Γöé gzip:   3.65 kB
build/client/assets/template-assets-CoOsicAN.js                  23.74 kB Γöé gzip:   8.32 kB
build/client/assets/plan-plugin-NJkkrf78.js                      23.81 kB Γöé gzip:   7.58 kB
build/client/assets/template-design-BN-AW93i.js                  23.85 kB Γöé gzip:   7.89 kB
build/client/assets/tracking-C8rBF8PC.js                         23.88 kB Γöé gzip:   8.67 kB
build/client/assets/ko-KR-MTYHY66A-FGoSSejn.js                   23.88 kB Γöé gzip:   9.18 kB
build/client/assets/graphlib-B8gBHxth.js                         23.90 kB Γöé gzip:   8.31 kB
build/client/assets/skills-guide-DO-4yhNZ.js                     24.00 kB Γöé gzip:   8.06 kB
build/client/assets/astro-oov4YtdP.js                            24.02 kB Γöé gzip:   7.59 kB
build/client/assets/apl-Bv9tEa7T.js                              24.02 kB Γöé gzip:   4.16 kB
build/client/assets/templ-Dg9taCSM.js                            24.06 kB Γöé gzip:   5.41 kB
build/client/assets/authentication-CzzsuZbS.js                   24.08 kB Γöé gzip:   7.80 kB
build/client/assets/client-uILRkK5G.js                           24.09 kB Γöé gzip:   8.10 kB
build/client/assets/skills-guide-Cd53g3DP.js                     24.16 kB Γöé gzip:   8.56 kB
build/client/assets/template-slides-DpEbjFBQ.js                  24.23 kB Γöé gzip:   7.48 kB
build/client/assets/angular-html-DQbHD2FE.js                     24.24 kB Γöé gzip:   3.98 kB
build/client/assets/fa-IR-HGAKTJCU-D-Qddgt0.js                   24.24 kB Γöé gzip:   8.44 kB
build/client/assets/vhdl-BroJfC0k.js                             24.25 kB Γöé gzip:   3.86 kB
build/client/assets/dispatch-D6UYnVJK.js                         24.32 kB Γöé gzip:   8.13 kB
build/client/assets/mcp-protocol-BeKiKSBh.js                     24.38 kB Γöé gzip:   7.62 kB
build/client/assets/agent-surfaces-BOEujzgZ.js                   24.39 kB Γöé gzip:   8.30 kB
build/client/assets/template-design-BcQB93Nt.js                  24.39 kB Γöé gzip:   8.01 kB
build/client/assets/harness-agents-CRXjUIZl.js                   24.40 kB Γöé gzip:   7.98 kB
build/client/assets/client-DEeLFHE2.js                           24.44 kB Γöé gzip:   8.62 kB
build/client/assets/server-B1PmNGPS.js                           24.44 kB Γöé gzip:   7.35 kB
build/client/assets/vue-Cqdf5HVS.js                              24.48 kB Γöé gzip:   2.95 kB
build/client/assets/native-chat-ui-D5gQFpmG.js                   24.51 kB Γöé gzip:   6.48 kB
build/client/assets/context-awareness-aojtecQS.js                24.54 kB Γöé gzip:   9.76 kB
build/client/assets/harness-agents-BqHburMw.js                   24.55 kB Γöé gzip:   7.90 kB
build/client/assets/extensions-BE-KEK4D.js                       24.55 kB Γöé gzip:  10.33 kB
build/client/assets/template-mail-Ccj1PgKC.js                    24.57 kB Γöé gzip:   7.65 kB
build/client/assets/context-awareness-DbQX12r_.js                24.60 kB Γöé gzip:   9.72 kB
build/client/assets/mcp-protocol-BdGZN2jZ.js                     24.62 kB Γöé gzip:   7.58 kB
build/client/assets/agent-surfaces-Dk56awIy.js                   24.62 kB Γöé gzip:   8.79 kB
build/client/assets/purescript-9MfHhQsQ.js                       24.67 kB Γöé gzip:   3.24 kB
build/client/assets/skills-guide-CLas2Qqy.js                     24.69 kB Γöé gzip:   8.63 kB
build/client/assets/template-slides-CkploIUt.js                  24.70 kB Γöé gzip:   7.22 kB
build/client/assets/skills-guide-DuaxjCvb.js                     24.73 kB Γöé gzip:   8.21 kB
build/client/assets/client-CcKr-ip3.js                           24.75 kB Γöé gzip:   8.40 kB
build/client/assets/agent-surfaces-D_FojKVO.js                   24.76 kB Γöé gzip:   8.96 kB
build/client/assets/template-design-MVUsX6rT.js                  24.79 kB Γöé gzip:   8.46 kB
build/client/assets/client-BNMoJe1L.js                           24.80 kB Γöé gzip:   8.54 kB
build/client/assets/agent-surfaces-CwohDLP2.js                   24.81 kB Γöé gzip:   8.47 kB
build/client/assets/mcp-clients-UO2V6NUW.js                      24.84 kB Γöé gzip:   9.38 kB
build/client/assets/mcp-clients-kzW_Gdvl.js                      24.88 kB Γöé gzip:   9.35 kB
build/client/assets/mcp-apps-CeV2F6z1.js                         24.96 kB Γöé gzip:   8.32 kB
build/client/assets/typespec-BRdr0IET.js                         25.03 kB Γöé gzip:   2.62 kB
build/client/assets/observability-_0Qfrqxx.js                    25.04 kB Γöé gzip:   8.65 kB
build/client/assets/template-design-CdtfIWd3.js                  25.06 kB Γöé gzip:   8.56 kB
build/client/assets/extensions-DK0RVD57.js                       25.08 kB Γöé gzip:  10.33 kB
build/client/assets/security-BoX_zcCa.js                         25.09 kB Γöé gzip:   8.94 kB
build/client/assets/workspace-connections-B_hyYMpE.js            25.12 kB Γöé gzip:   7.70 kB
build/client/assets/tracking-CQKHodC8.js                         25.13 kB Γöé gzip:   8.75 kB
build/client/assets/template-design-C9XYlNZ_.js                  25.15 kB Γöé gzip:   8.33 kB
build/client/assets/wardleyDiagram-YWT4CUSO-Bi4TgyBL.js          25.18 kB Γöé gzip:   6.52 kB
build/client/assets/code-agents-ui-CGs2m2NH.js                   25.22 kB Γöé gzip:   9.56 kB
build/client/assets/sharing-CObMCsbM.js                          25.24 kB Γöé gzip:   6.69 kB
build/client/assets/workspace-75LhpFia.js                        25.26 kB Γöé gzip:   9.47 kB
build/client/assets/workspace-DSk9CA52.js                        25.27 kB Γöé gzip:   9.52 kB
build/client/assets/one-light-D7Lr4KcI.js                        25.29 kB Γöé gzip:   3.63 kB
build/client/assets/fsharp-D13ZGOAj.js                           25.30 kB Γöé gzip:   4.12 kB
build/client/assets/mcp-apps-C7lNWY3B.js                         25.34 kB Γöé gzip:   8.80 kB
build/client/assets/cross-app-sso-D6ZqJJWV.js                    25.41 kB Γöé gzip:   7.25 kB
build/client/assets/skills-guide-B9fh3Xkn.js                     25.44 kB Γöé gzip:   8.45 kB
build/client/assets/agent-teams-Bc3mSrUc.js                      25.47 kB Γöé gzip:   6.36 kB
build/client/assets/marko-CCzHjYVu.js                            25.48 kB Γöé gzip:   3.59 kB
build/client/assets/security-lrVxhM4b.js                         25.49 kB Γöé gzip:   9.03 kB
build/client/assets/agent-surfaces-CZkfyU6T.js                   25.52 kB Γöé gzip:   8.75 kB
build/client/assets/data-programs-DbeTyLNh.js                    25.54 kB Γöé gzip:  10.07 kB
build/client/assets/code-agents-ui-DCyZayBz.js                   25.58 kB Γöé gzip:   9.55 kB
build/client/assets/security-epdQPkeZ.js                         25.59 kB Γöé gzip:   9.34 kB
build/client/assets/workspace-connections-0MoTrWT4.js            25.62 kB Γöé gzip:   7.78 kB
build/client/assets/workspace-connections-DHbl5wFn.js            25.62 kB Γöé gzip:   7.35 kB
build/client/assets/template-analytics-BAvE0j5g.js               25.62 kB Γöé gzip:   8.41 kB
build/client/assets/template-mail-BFPyyBLi.js                    25.63 kB Γöé gzip:   7.47 kB
build/client/assets/mcp-apps-D5UKlvWV.js                         25.63 kB Γöé gzip:   8.68 kB
build/client/assets/ar-SA-G6X2FPQ2-CIodmOg6.js                   25.67 kB Γöé gzip:   9.12 kB
build/client/assets/security-BDA4DqIJ.js                         25.68 kB Γöé gzip:   9.45 kB
build/client/assets/creating-templates-BXzj6Gwj.js               25.68 kB Γöé gzip:   9.11 kB
build/client/assets/sandbox-adapters-C-oA75x0.js                 25.69 kB Γöé gzip:   6.95 kB
build/client/assets/data-programs-xv1kokB0.js                    25.70 kB Γöé gzip:  10.12 kB
build/client/assets/components-YNju2iPT.js                       25.75 kB Γöé gzip:   8.43 kB
build/client/assets/workspace-BBi9WyhW.js                        25.76 kB Γöé gzip:   8.32 kB
build/client/assets/components-C59vb3tE.js                       25.78 kB Γöé gzip:   8.41 kB
build/client/assets/context-awareness-DdRLXGIu.js                25.83 kB Γöé gzip:   8.67 kB
build/client/assets/night-owl-light-eJ-hLW7d.js                  25.89 kB Γöé gzip:   4.23 kB
build/client/assets/template-brain-Drl65yi9.js                   25.91 kB Γöé gzip:   8.77 kB
build/client/assets/mcp-apps-CyvQsFL0.js                         26.03 kB Γöé gzip:   8.52 kB
build/client/assets/creating-templates-DJ_JvH53.js               26.04 kB Γöé gzip:   8.84 kB
build/client/assets/deployment-Bjor0WMk.js                       26.08 kB Γöé gzip:   8.31 kB
build/client/assets/mcp-clients-LGevTJQF.js                      26.12 kB Γöé gzip:   8.81 kB
build/client/assets/template-brain-CDmOiIMP.js                   26.17 kB Γöé gzip:   8.25 kB
build/client/assets/system-verilog-DJ5XKQeo.js                   26.19 kB Γöé gzip:   4.82 kB
build/client/assets/workspace-connections-CfVGaN6n.js            26.19 kB Γöé gzip:   7.38 kB
build/client/assets/data-programs-CrKiGvkd.js                    26.33 kB Γöé gzip:   8.65 kB
build/client/assets/key-concepts-CQFsOIVG.js                     26.36 kB Γöé gzip:   9.66 kB
build/client/assets/security-_Qkk-bLq.js                         26.40 kB Γöé gzip:   9.27 kB
build/client/assets/drop-in-agent-CxvRCnDE.js                    26.40 kB Γöé gzip:   7.33 kB
build/client/assets/observability-DEcJ0M36.js                    26.41 kB Γöé gzip:   8.49 kB
build/client/assets/multi-app-workspace-DXqxSD0I.js              26.43 kB Γöé gzip:   9.38 kB
build/client/assets/key-concepts-CLHJOGXJ.js                     26.43 kB Γöé gzip:   9.32 kB
build/client/assets/deployment-CfKZe3JQ.js                       26.46 kB Γöé gzip:   8.77 kB
build/client/assets/deployment-Do1Muxkp.js                       26.49 kB Γöé gzip:   8.82 kB
build/client/assets/what-is-jami-D44QvmNX.js                     26.50 kB Γöé gzip:   9.11 kB
build/client/assets/template-brain-BNg4gUaK.js                   26.58 kB Γöé gzip:   8.27 kB
build/client/assets/template-brain-Brw74JVz.js                   26.69 kB Γöé gzip:   8.77 kB
build/client/assets/nord-Cb4Vim4T.js                             26.72 kB Γöé gzip:   4.35 kB
build/client/assets/multi-app-workspace-D7hRYtrO.js              26.76 kB Γöé gzip:   8.94 kB
build/client/assets/erDiagram-TEJ5UH35-CExnjcvR.js               26.81 kB Γöé gzip:   9.33 kB
build/client/assets/mcp-apps-BGTBZJSx.js                         26.82 kB Γöé gzip:   8.83 kB
build/client/assets/deployment-C-JxfWJj.js                       26.83 kB Γöé gzip:   8.42 kB
build/client/assets/dispatch-BWzHJ2dV.js                         26.84 kB Γöé gzip:   8.65 kB
build/client/assets/template-assets-DpQtWmeW.js                  26.84 kB Γöé gzip:   8.02 kB
build/client/assets/codeql-oeQT6MSM.js                           26.87 kB Γöé gzip:   3.79 kB
build/client/assets/multi-app-workspace-BATeDiBw.js              26.96 kB Γöé gzip:   9.42 kB
build/client/assets/c3-BFHwR3_K.js                               26.96 kB Γöé gzip:   3.92 kB
build/client/assets/authentication-Ca9kr4kn.js                   26.99 kB Γöé gzip:   8.83 kB
build/client/assets/template-calendar-g4eysDra.js                27.03 kB Γöé gzip:   6.49 kB
build/client/assets/key-concepts-BACcUEug.js                     27.05 kB Γöé gzip:   9.40 kB
build/client/assets/template-dispatch-BZKRROMM.js                27.10 kB Γöé gzip:   9.17 kB
build/client/assets/local-file-mode-CAvqVQ5D.js                  27.18 kB Γöé gzip:   8.19 kB
build/client/assets/template-dispatch-BmLjDNAq.js                27.21 kB Γöé gzip:   9.47 kB
build/client/assets/scss-1DYPdkhS.js                             27.26 kB Γöé gzip:   4.22 kB
build/client/assets/authentication-YofBeOHd.js                   27.26 kB Γöé gzip:   8.41 kB
build/client/assets/java-CDgIa283.js                             27.27 kB Γöé gzip:   4.30 kB
build/client/assets/local-file-mode-CqL6AWxW.js                  27.30 kB Γöé gzip:   8.19 kB
build/client/assets/multi-app-workspace-DElp_RkD.js              27.33 kB Γöé gzip:   9.05 kB
build/client/assets/client-Dud36RSC.js                           27.35 kB Γöé gzip:   8.95 kB
build/client/assets/template-dispatch-CTxzEIje.js                27.36 kB Γöé gzip:   9.71 kB
build/client/assets/deployment-CxlIQoqs.js                       27.37 kB Γöé gzip:   8.83 kB
build/client/assets/components-BJ_U4NmE.js                       27.41 kB Γöé gzip:   7.44 kB
build/client/assets/coffee-CbV9fyG5.js                           27.42 kB Γöé gzip:   6.35 kB
build/client/assets/template-assets-BreyMEXV.js                  27.45 kB Γöé gzip:   8.44 kB
build/client/assets/razor-CMXZF2ck.js                            27.45 kB Γöé gzip:   3.54 kB
build/client/assets/template-assets-er0Oz6Mu.js                  27.46 kB Γöé gzip:   8.09 kB
build/client/assets/deployment-BTn2X74r.js                       27.52 kB Γöé gzip:   8.74 kB
build/client/assets/key-concepts-DAirLx6e.js                     27.53 kB Γöé gzip:   9.81 kB
build/client/assets/context-awareness-9GL5Pe-p.js                27.54 kB Γöé gzip:   9.19 kB
build/client/assets/template-content-DRQy-JLf.js                 27.64 kB Γöé gzip:   9.87 kB
build/client/assets/faq-F-mc8ghZ.js                              27.64 kB Γöé gzip:   7.06 kB
build/client/assets/a2a-protocol-DnPvc3Sv.js                     27.65 kB Γöé gzip:  11.15 kB
build/client/assets/template-analytics-Bdx0LTqE.js               27.70 kB Γöé gzip:   8.30 kB
build/client/assets/template-content-D6TUDXxb.js                 27.71 kB Γöé gzip:   9.82 kB
build/client/assets/a2a-protocol-CqwIgKic.js                     27.75 kB Γöé gzip:  11.15 kB
build/client/assets/authentication-BMFZd_cB.js                   27.75 kB Γöé gzip:   8.81 kB
build/client/assets/template-brain-B1oJpPmT.js                   27.80 kB Γöé gzip:   8.65 kB
build/client/assets/what-is-jami-5-X0_s0z.js                     27.81 kB Γöé gzip:   9.00 kB
build/client/assets/workspace-connections-CoW7Mfam.js            27.83 kB Γöé gzip:   7.81 kB
build/client/assets/template-dispatch-Y31-lPEN.js                27.86 kB Γöé gzip:   9.25 kB
build/client/assets/extensions-CdCcutFC.js                       27.88 kB Γöé gzip:   9.83 kB
build/client/assets/client-CcHxfzCT.js                           27.90 kB Γöé gzip:   8.74 kB
build/client/assets/key-concepts-BC248Jae.js                     27.91 kB Γöé gzip:   9.73 kB
build/client/assets/mcp-clients-DUTAdvxe.js                      27.92 kB Γöé gzip:   9.40 kB
build/client/assets/template-assets-DMIO-XoN.js                  27.93 kB Γöé gzip:   8.45 kB
build/client/assets/pa-IN-N4M65BXN-DirWdsaY.js                   27.98 kB Γöé gzip:   7.98 kB
build/client/assets/skills-guide-CTfpW2R0.js                     28.16 kB Γöé gzip:   8.81 kB
build/client/assets/mcp-clients-CgAdfCDq.js                      28.20 kB Γöé gzip:   9.06 kB
build/client/assets/skills-guide-CwKeka35.js                     28.32 kB Γöé gzip:   9.12 kB
build/client/assets/dispatch-CK77L3_6.js                         28.33 kB Γöé gzip:   8.43 kB
build/client/assets/code-agents-ui-B5axU0w3.js                   28.38 kB Γöé gzip:   8.91 kB
build/client/assets/context-awareness-CG-f0Yss.js                28.39 kB Γöé gzip:   9.26 kB
build/client/assets/mcp-clients-1LFORKJO.js                      28.43 kB Γöé gzip:   9.54 kB
build/client/assets/authentication-Bk3V20dT.js                   28.50 kB Γöé gzip:   8.57 kB
build/client/assets/template-content-D-rrKwMv.js                 28.61 kB Γöé gzip:   8.83 kB
build/client/assets/template-design-jhmcGqDe.js                  28.70 kB Γöé gzip:   9.00 kB
build/client/assets/extensions-QVDVDSjS.js                       28.77 kB Γöé gzip:   9.95 kB
build/client/assets/template-assets-DgPeaWIm.js                  28.78 kB Γöé gzip:   8.44 kB
build/client/assets/workspace-connections-DedLmFBR.js            28.79 kB Γöé gzip:   8.21 kB
build/client/assets/multi-app-workspace-DDqGiMdl.js              28.86 kB Γöé gzip:   9.36 kB
build/client/assets/scala-DKOlJaKm.js                            28.87 kB Γöé gzip:   3.92 kB
build/client/assets/context-awareness-C-UzwQRi.js                28.87 kB Γöé gzip:   9.79 kB
build/client/assets/night-owl-DhmEMT88.js                        28.91 kB Γöé gzip:   5.14 kB
build/client/assets/authentication-Bladmr4n.js                   28.92 kB Γöé gzip:   8.77 kB
build/client/assets/template-design-Ct7tvwLu.js                  28.95 kB Γöé gzip:   8.67 kB
build/client/assets/extensions-CeLY3Zg1.js                       28.97 kB Γöé gzip:  10.39 kB
build/client/assets/gitGraphDiagram-PVQCEYII-CXuZRucF.js         28.97 kB Γöé gzip:   8.55 kB
build/client/assets/template-brain-BQfnOq3c.js                   29.00 kB Γöé gzip:   9.22 kB
build/client/assets/context-awareness-PZJ9xtOc.js                29.01 kB Γöé gzip:   9.94 kB
build/client/assets/components-RHPnICrq.js                       29.03 kB Γöé gzip:   8.49 kB
build/client/assets/extensions-D-2UpXAm.js                       29.08 kB Γöé gzip:  10.35 kB
build/client/assets/mcp-clients-CiP3JI-5.js                      29.08 kB Γöé gzip:   9.17 kB
build/client/assets/template-dispatch-JHLBfhUF.js                29.27 kB Γöé gzip:   9.73 kB
build/client/assets/security-i0AlAgAp.js                         29.29 kB Γöé gzip:   9.91 kB
build/client/assets/server-DcbERJmx.js                           29.30 kB Γöé gzip:   7.58 kB
build/client/assets/agent-surfaces-BNS5Llo6.js                   29.31 kB Γöé gzip:   9.29 kB
build/client/assets/ku-TR-6OUDTVRD-ML8HDWps.js                   29.32 kB Γöé gzip:   9.27 kB
build/client/assets/crystal-BirU5Hh1.js                          29.41 kB Γöé gzip:   4.44 kB
build/client/assets/context-awareness-DvzoCPc0.js                29.46 kB Γöé gzip:   9.65 kB
build/client/assets/mermaid-Bk4SNUv9.js                          29.50 kB Γöé gzip:   3.64 kB
build/client/assets/data-programs-Isk_zfCd.js                    29.51 kB Γöé gzip:   9.39 kB
build/client/assets/applescript-CCn79oCD.js                      29.56 kB Γöé gzip:   5.94 kB
build/client/assets/el-GR-BZB4AONW-CdgEw8ge.js                   29.67 kB Γöé gzip:   9.61 kB
build/client/assets/components-Dhw03lzf.js                       29.75 kB Γöé gzip:   7.93 kB
build/client/assets/data-programs-Br1cpx9I.js                    29.76 kB Γöé gzip:   9.47 kB
build/client/assets/extensions-Da2dkwmj.js                       29.78 kB Γöé gzip:  10.27 kB
build/client/assets/a2a-protocol-BkcfwxOx.js                     29.82 kB Γöé gzip:  10.26 kB
build/client/assets/automations-BELzrfsC.js                      29.92 kB Γöé gzip:   7.36 kB
build/client/assets/workspace-C1U8KZLP.js                        29.94 kB Γöé gzip:   9.25 kB
build/client/assets/agent-surfaces-CkkuLW9z.js                   29.96 kB Γöé gzip:   9.28 kB
build/client/assets/mcp-clients-Cb1RjbAn.js                      29.96 kB Γöé gzip:   9.54 kB
build/client/assets/workspace-BiPKVl4h.js                        29.96 kB Γöé gzip:   9.69 kB
build/client/assets/workspace-B853DIlN.js                        29.97 kB Γöé gzip:   9.61 kB
build/client/assets/code-agents-ui-Bs8_ovF_.js                   30.00 kB Γöé gzip:   9.44 kB
build/client/assets/mcp-apps-BAdtA7pP.js                         30.17 kB Γöé gzip:   9.36 kB
build/client/assets/workspace-connections-i1eTTtUf.js            30.36 kB Γöé gzip:   8.00 kB
build/client/assets/timeline-definition-PNZ67QCA-DYHVcH8f.js     30.38 kB Γöé gzip:   9.97 kB
build/client/assets/components-GVCEcpr-.js                       30.39 kB Γöé gzip:   8.32 kB
build/client/assets/code-agents-ui-V59vOVSl.js                   30.46 kB Γöé gzip:   9.86 kB
build/client/assets/security-B4PqErXC.js                         30.50 kB Γöé gzip:   9.82 kB
build/client/assets/deployment-CGCvrONk.js                       30.51 kB Γöé gzip:   9.31 kB
build/client/assets/data-programs-DACLumpu.js                    30.56 kB Γöé gzip:  10.05 kB
build/client/assets/components-BCqAi_Pd.js                       30.59 kB Γöé gzip:   8.02 kB
build/client/assets/mcp-apps-DsYkE1wZ.js                         30.62 kB Γöé gzip:   9.20 kB
build/client/assets/code-agents-ui-HpVlJh-X.js                   30.65 kB Γöé gzip:   9.51 kB
build/client/assets/workspace-DZQx1A0-.js                        30.71 kB Γöé gzip:   9.39 kB
build/client/assets/ru-RU-B4JR7IUQ-B4qcvs7p.js                   30.74 kB Γöé gzip:   9.87 kB
build/client/assets/chunk-5ZQYHXKU-CgjJ5k4M.js                   30.83 kB Γöé gzip:   8.51 kB
build/client/assets/data-programs-CjpDv8zJ.js                    30.84 kB Γöé gzip:   9.78 kB
build/client/assets/components-Bwh6h-M0.js                       30.84 kB Γöé gzip:   8.23 kB
build/client/assets/code-agents-ui-kP5T1mhl.js                   30.85 kB Γöé gzip:  10.09 kB
build/client/assets/data-programs-CNOnH9Kk.js                    30.90 kB Γöé gzip:  10.30 kB
build/client/assets/requirementDiagram-4Y6WPE33-C5GiHkj9.js      30.95 kB Γöé gzip:   9.76 kB
build/client/assets/template-clips-DztvFi3j.js                   30.98 kB Γöé gzip:  11.78 kB
build/client/assets/julia-CJM7rqJV.js                            31.00 kB Γöé gzip:   4.30 kB
build/client/assets/template-content-nxe492i5.js                 31.01 kB Γöé gzip:   9.53 kB
build/client/assets/stylus-B6D30XZt.js                           31.06 kB Γöé gzip:   8.01 kB
build/client/assets/deployment-CpKDMnZK.js                       31.07 kB Γöé gzip:   9.21 kB
build/client/assets/authentication-CwI98Zb7.js                   31.11 kB Γöé gzip:   9.29 kB
build/client/assets/template-clips-BEjVZbby.js                   31.13 kB Γöé gzip:  11.77 kB
build/client/assets/multi-app-workspace-BueSSNBw.js              31.17 kB Γöé gzip:   9.93 kB
build/client/assets/template-brain-DJCFVpGv.js                   31.52 kB Γöé gzip:   9.04 kB
build/client/assets/template-content-CAnNvB9n.js                 31.57 kB Γöé gzip:   9.65 kB
build/client/assets/a2a-protocol-Bx07V2Nc.js                     31.63 kB Γöé gzip:  10.80 kB
build/client/assets/uk-UA-QMV73CPH-BkAVygpD.js                   31.64 kB Γöé gzip:  10.11 kB
build/client/assets/template-content-iHTPKn5w.js                 31.64 kB Γöé gzip:  10.05 kB
build/client/assets/embedding-sdk-Dwwk_r_u.js                    31.67 kB Γöé gzip:  11.05 kB
build/client/assets/mcp-protocol-CVuyDf1B.js                     31.70 kB Γöé gzip:   7.96 kB
build/client/assets/code-agents-ui-CU89IJj1.js                   31.73 kB Γöé gzip:  10.00 kB
build/client/assets/template-assets-acD1D-ya.js                  31.73 kB Γöé gzip:   8.92 kB
build/client/assets/template-dispatch-LnWxV_b-.js                31.76 kB Γöé gzip:  10.24 kB
build/client/assets/workspace-Dcavznox.js                        31.87 kB Γöé gzip:   9.74 kB
build/client/assets/embedding-sdk-DcpPz-zF.js                    31.95 kB Γöé gzip:  11.00 kB
build/client/assets/pica-oDRmLyF_.js                             32.07 kB Γöé gzip:  12.53 kB
build/client/assets/a2a-protocol-D2kHEeo7.js                     32.08 kB Γöé gzip:  11.27 kB
build/client/assets/mcp-clients-9Qqhh-Yr.js                      32.15 kB Γöé gzip:   9.96 kB
build/client/assets/a2a-protocol-XnUMYrvv.js                     32.29 kB Γöé gzip:  10.86 kB
build/client/assets/hi-IN-IWLTKZ5I-D9Kt90w1.js                   32.35 kB Γöé gzip:   9.08 kB
build/client/assets/key-concepts-Dwl7ht9H.js                     32.37 kB Γöé gzip:  10.43 kB
build/client/assets/real-time-collaboration-G-tP-UA3.js          32.39 kB Γöé gzip:  10.92 kB
build/client/assets/template-content-Dot1j3bp.js                 32.40 kB Γöé gzip:  10.06 kB
build/client/assets/template-content-deaSom_9.js                 32.44 kB Γöé gzip:   9.95 kB
build/client/assets/template-assets-CmN01ved.js                  32.44 kB Γöé gzip:   8.79 kB
build/client/assets/template-assets-818Sk2RA.js                  32.49 kB Γöé gzip:  10.26 kB
build/client/assets/multi-app-workspace-BIUJd3b3.js              32.50 kB Γöé gzip:   9.86 kB
build/client/assets/components-BE4sXZMu.js                       32.50 kB Γöé gzip:   8.56 kB
build/client/assets/authentication-DMZWq-O0.js                   32.53 kB Γöé gzip:   9.20 kB
build/client/assets/a2a-protocol-CQLdx8FU.js                     32.59 kB Γöé gzip:  11.46 kB
build/client/assets/harness-agents-BDUdulXk.js                   32.64 kB Γöé gzip:   8.30 kB
build/client/assets/template-slides-Bof6FnKq.js                  32.66 kB Γöé gzip:   7.60 kB
build/client/assets/mcp-clients-BgH2aK5N.js                      32.69 kB Γöé gzip:   9.85 kB
build/client/assets/plan-plugin-DWu65Tgo.js                      32.74 kB Γöé gzip:   8.08 kB
build/client/assets/real-time-collaboration-DRKbAHuW.js          32.83 kB Γöé gzip:  12.71 kB
build/client/assets/pr-visual-recap-C75APzqi.js                  32.89 kB Γöé gzip:  12.11 kB
build/client/assets/key-concepts-B_AthYbn.js                     32.93 kB Γöé gzip:  10.16 kB
build/client/assets/embedding-sdk-bk24HB12.js                    32.97 kB Γöé gzip:  10.05 kB
build/client/assets/real-time-collaboration-BD5p0bJR.js          33.00 kB Γöé gzip:  12.73 kB
build/client/assets/pr-visual-recap-Bzm1XyaK.js                  33.00 kB Γöé gzip:  12.14 kB
build/client/assets/components-CQPq0q3g.js                       33.05 kB Γöé gzip:   8.88 kB
build/client/assets/tracking-BH2laiIn.js                         33.07 kB Γöé gzip:   9.06 kB
build/client/assets/a2a-protocol-DXGfXAsa.js                     33.10 kB Γöé gzip:  11.23 kB
build/client/assets/extensions-CLRhbdCE.js                       33.19 kB Γöé gzip:  10.88 kB
build/client/assets/extensions-MiV_3yaQ.js                       33.20 kB Γöé gzip:  10.84 kB
build/client/assets/context-awareness-W1OGZM5A.js                33.21 kB Γöé gzip:  10.33 kB
build/client/assets/session-replay-DY_RIZw8.js                   33.31 kB Γöé gzip:  10.84 kB
build/client/assets/chunk-KSCS5N6A-D4yEzZZl.js                   33.33 kB Γöé gzip:   7.05 kB
build/client/assets/poimandres-DRFjx7u4.js                       33.49 kB Γöé gzip:   5.49 kB
build/client/assets/quadrantDiagram-W4KKPZXB-DMctfb5i.js         33.51 kB Γöé gzip:   9.73 kB
build/client/assets/template-mail-B4M_0Vet.js                    33.65 kB Γöé gzip:   7.90 kB
build/client/assets/cross-app-sso-CBtW0KyO.js                    33.75 kB Γöé gzip:   7.55 kB
build/client/assets/one-dark-pro-CLwyXe_n.js                     33.78 kB Γöé gzip:   5.50 kB
build/client/assets/actions-WQPxqLyV.js                          33.80 kB Γöé gzip:  13.27 kB
build/client/assets/data-programs-DjdEMXL2.js                    33.81 kB Γöé gzip:  10.91 kB
build/client/assets/actions-ihcglpZ7.js                          33.81 kB Γöé gzip:  13.22 kB
build/client/assets/context-awareness-BDpjEK6s.js                33.82 kB Γöé gzip:  10.09 kB
build/client/assets/bsl-BkkzgIyY.js                              33.86 kB Γöé gzip:   8.34 kB
build/client/assets/actions-BhEjq7OW.js                          33.91 kB Γöé gzip:  11.71 kB
build/client/assets/creating-templates-BFrsCHtc.js               33.93 kB Γöé gzip:   9.47 kB
build/client/assets/template-dispatch-uq2ybMqE.js                33.95 kB Γöé gzip:  10.04 kB
build/client/assets/data-programs-Bo1F28cN.js                    35.02 kB Γöé gzip:  10.56 kB
build/client/assets/observability-DJbYu-Bm.js                    35.04 kB Γöé gzip:   9.00 kB
build/client/assets/haxe-OTjmBuCE.js                             35.15 kB Γöé gzip:   5.90 kB
build/client/assets/template-clips-hbqRc9rR.js                   35.26 kB Γöé gzip:  11.22 kB
build/client/assets/ta-IN-2NMHFXQM-BSoWv4rY.js                   35.27 kB Γöé gzip:   8.50 kB
build/client/assets/nginx-BkAy3t6W.js                            35.35 kB Γöé gzip:   4.45 kB
build/client/assets/messaging-CoWOTx2j.js                        35.35 kB Γöé gzip:  14.04 kB
build/client/assets/houston-CsvMBhTu.js                          35.41 kB Γöé gzip:   5.76 kB
build/client/assets/embedding-sdk-DSu_W527.js                    35.42 kB Γöé gzip:  10.75 kB
build/client/assets/extensions-QR-tj3eB.js                       35.46 kB Γöé gzip:  10.87 kB
build/client/assets/messaging-RM5hjT7B.js                        35.46 kB Γöé gzip:  14.05 kB
build/client/assets/template-clips-4rS3FctL.js                   35.59 kB Γöé gzip:  11.78 kB
build/client/assets/workspace-BpQrO_NV.js                        35.62 kB Γöé gzip:  10.34 kB
build/client/assets/tokyo-night-oM2G3aXe.js                      35.66 kB Γöé gzip:   6.22 kB
build/client/assets/template-clips-GftizJ0e.js                   35.73 kB Γöé gzip:  11.66 kB
build/client/assets/template-clips-B1SmVP7m.js                   35.79 kB Γöé gzip:  11.44 kB
build/client/assets/client-DVeOs8O-.js                           35.90 kB Γöé gzip:   9.24 kB
build/client/assets/template-clips-DCvDIHAv.js                   35.90 kB Γöé gzip:  11.33 kB
build/client/assets/pr-visual-recap-lIqqLTOh.js                  35.93 kB Γöé gzip:  11.36 kB
build/client/assets/code-agents-ui-D_gW9Bki.js                   35.98 kB Γöé gzip:  10.43 kB
build/client/assets/a2a-protocol-nzgLWU7t.js                     36.35 kB Γöé gzip:  11.81 kB
build/client/assets/template-content-CeDJS0Tm.js                 36.38 kB Γöé gzip:  10.48 kB
build/client/assets/workspace-DtogdKM4.js                        36.41 kB Γöé gzip:  10.08 kB
build/client/assets/code-agents-ui-wHYUuSqy.js                   36.43 kB Γöé gzip:  10.29 kB
build/client/assets/embedding-sdk-DiF7Ub3B.js                    36.60 kB Γöé gzip:  10.89 kB
build/client/assets/km-KH-HSX4SM5Z-DGfvzPUq.js                   36.65 kB Γöé gzip:   9.21 kB
build/client/assets/chunk-AQP2D5EJ-DIFg-dli.js                   36.71 kB Γöé gzip:  11.87 kB
build/client/assets/template-design-C6OKWaYZ.js                  36.76 kB Γöé gzip:   9.21 kB
build/client/assets/embedding-sdk-BZwONO6o.js                    36.78 kB Γöé gzip:  11.30 kB
build/client/assets/template-clips-CzXvhuEn.js                   36.79 kB Γöé gzip:  11.59 kB
build/client/assets/dagre-Bx709z4p.js                            36.86 kB Γöé gzip:  13.23 kB
build/client/assets/template-analytics-DVKKl619.js               36.89 kB Γöé gzip:   8.73 kB
build/client/assets/embedding-sdk-C3ZEWGI-.js                    36.93 kB Γöé gzip:  11.36 kB
build/client/assets/template-content-Ll4c_-aK.js                 36.97 kB Γöé gzip:  10.32 kB
build/client/assets/local-file-mode-DP1-gBwB.js                  37.09 kB Γöé gzip:   8.49 kB
build/client/assets/embedding-sdk-DjveoUL-.js                    37.38 kB Γöé gzip:  11.16 kB
build/client/assets/erlang-Cphh6RMH.js                           37.47 kB Γöé gzip:   4.36 kB
build/client/assets/a2a-protocol-UkKkSOSp.js                     37.48 kB Γöé gzip:  11.77 kB
build/client/assets/skills-guide-B3ZDbXh9.js                     37.80 kB Γöé gzip:   9.38 kB
build/client/assets/actions-BBTGk8OA.js                          37.82 kB Γöé gzip:  12.86 kB
build/client/assets/actions-Covxpo7-.js                          38.29 kB Γöé gzip:  13.45 kB
build/client/assets/real-time-collaboration-DKbhZ1Bo.js          38.32 kB Γöé gzip:  12.33 kB
build/client/assets/actions-wInyLKYJ.js                          38.37 kB Γöé gzip:  13.63 kB
build/client/assets/actions-BjarK9c5.js                          38.51 kB Γöé gzip:  13.02 kB
build/client/assets/agent-surfaces-DL_fNR-6.js                   38.51 kB Γöé gzip:   9.64 kB
build/client/assets/real-time-collaboration-XLx83OM3.js          38.53 kB Γöé gzip:  13.00 kB
build/client/assets/real-time-collaboration-5Hxh4epD.js          38.54 kB Γöé gzip:  13.03 kB
build/client/assets/pr-visual-recap-C8_kkXhE.js                  38.85 kB Γöé gzip:  11.92 kB
build/client/assets/pr-visual-recap-C3B-9lpB.js                  39.00 kB Γöé gzip:  12.18 kB
build/client/assets/cobol-MaPv-f2w.js                            39.07 kB Γöé gzip:  10.88 kB
build/client/assets/actions-CYoCLG__.js                          39.08 kB Γöé gzip:  13.27 kB
build/client/assets/messaging-qJofJGBC.js                        39.20 kB Γöé gzip:  13.35 kB
build/client/assets/workspace-connections-NWv5Qong.js            39.47 kB Γöé gzip:   8.42 kB
build/client/assets/real-time-collaboration-BBdx2zCL.js          39.48 kB Γöé gzip:  12.40 kB
build/client/assets/pr-visual-recap-aFxLA5u_.js                  39.50 kB Γöé gzip:  12.74 kB
build/client/assets/pr-visual-recap-GDOGiUFH.js                  39.76 kB Γöé gzip:  11.93 kB
build/client/assets/what-is-jami-B_ngVZnY.js                     39.90 kB Γöé gzip:   9.62 kB
build/client/assets/xychartDiagram-2RQKCTM6-DeHZnCpw.js          40.04 kB Γöé gzip:  11.20 kB
build/client/assets/messaging-B41H3vCD.js                        40.15 kB Γöé gzip:  13.46 kB
build/client/assets/pr-visual-recap-CPCY6gJv.js                  40.33 kB Γöé gzip:  12.48 kB
build/client/assets/components-RUyKiweZ.js                       40.55 kB Γöé gzip:   9.08 kB
build/client/assets/messaging-Bhf-qXdd.js                        40.56 kB Γöé gzip:  14.29 kB
build/client/assets/vennDiagram-CIIHVFJN-Bti11e_h.js             40.62 kB Γöé gzip:  14.90 kB
build/client/assets/messaging-D6g93vAo.js                        40.68 kB Γöé gzip:  14.09 kB
build/client/assets/asm-Cmm7eHzH.js                              40.71 kB Γöé gzip:   8.16 kB
build/client/assets/real-time-collaboration-BBf4FJKR.js          40.74 kB Γöé gzip:  12.92 kB
build/client/assets/dispatch-BBpgdQbM.js                         40.85 kB Γöé gzip:   9.11 kB
build/client/assets/template-clips-COiaaB3w.js                   41.05 kB Γöé gzip:  12.44 kB
build/client/assets/embedding-sdk-1An3SgoJ.js                    41.27 kB Γöé gzip:  11.88 kB
build/client/assets/haskell-D8IpX4py.js                          41.48 kB Γöé gzip:   6.41 kB
build/client/assets/deployment-CizKx2yh.js                       41.52 kB Γöé gzip:   9.71 kB
build/client/assets/shellscript-7yM9t5Da.js                      41.53 kB Γöé gzip:   6.12 kB
build/client/assets/messaging-DY-qb2LE.js                        41.63 kB Γöé gzip:  13.99 kB
build/client/assets/template-brain-DdasM6J8.js                   41.95 kB Γöé gzip:   9.51 kB
build/client/assets/authentication-BeNVviLA.js                   42.00 kB Γöé gzip:   9.54 kB
build/client/assets/messaging-FysNLLRU.js                        42.00 kB Γöé gzip:  13.86 kB
build/client/assets/template-assets-C-S7cTD6.js                  42.14 kB Γöé gzip:   9.33 kB
build/client/assets/mr-IN-CRQNXWMA-C9xGPJ8C.js                   42.25 kB Γöé gzip:  10.68 kB
build/client/assets/security-TCvujd5n.js                         42.27 kB Γöé gzip:  10.41 kB
build/client/assets/template-clips-jM2Sp8wa.js                   42.30 kB Γöé gzip:  12.13 kB
build/client/assets/embedding-sdk-C8KtmW53.js                    42.81 kB Γöé gzip:  11.70 kB
build/client/assets/mcp-apps-CwNdaGW6.js                         43.00 kB Γöé gzip:   9.87 kB
build/client/assets/perl-BeE_xO84.js                             43.14 kB Γöé gzip:   4.64 kB
build/client/assets/actions-CT2nhq8Z.js                          43.73 kB Γöé gzip:  14.11 kB
build/client/assets/components-C4dRrZD9.js                       43.75 kB Γöé gzip:  15.16 kB
build/client/assets/d-qD-0Kul2.js                                43.78 kB Γöé gzip:   8.43 kB
build/client/assets/real-time-collaboration-hel1U7tM.js          43.90 kB Γöé gzip:  13.84 kB
build/client/assets/multi-app-workspace-BQi8pC2N.js              43.92 kB Γöé gzip:  10.38 kB
build/client/assets/actions-DfGYRMQU.js                          44.00 kB Γöé gzip:  13.91 kB
build/client/assets/key-concepts-Ckqtsglb.js                     44.17 kB Γöé gzip:  11.00 kB
build/client/assets/context-awareness-Bp0KMlaW.js                44.44 kB Γöé gzip:  10.81 kB
build/client/assets/template-plan-CtjBVV32.js                    44.62 kB Γöé gzip:  15.35 kB
build/client/assets/template-plan-BsYQ-5ig.js                    44.76 kB Γöé gzip:  15.32 kB
build/client/assets/real-time-collaboration-uxlKHFmm.js          45.30 kB Γöé gzip:  13.37 kB
build/client/assets/image-blob-reduce.esm-I18y5tW5.js            45.44 kB Γöé gzip:  16.31 kB
build/client/assets/mcp-clients-DTJ7uv8J.js                      45.46 kB Γöé gzip:  10.58 kB
build/client/assets/messaging-DA383QXu.js                        45.75 kB Γöé gzip:  14.64 kB
build/client/assets/src-BE-ZwYcF.js                              45.83 kB Γöé gzip:  16.06 kB
build/client/assets/pr-visual-recap-BtuZSmky.js                  45.95 kB Γöé gzip:  13.05 kB
build/client/assets/template-plan-BumfsESN.js                    46.08 kB Γöé gzip:  13.81 kB
build/client/assets/ruby-DnPPxk6c.js                             46.60 kB Γöé gzip:   5.71 kB
build/client/assets/template-dispatch-2PoxDPYK.js                46.74 kB Γöé gzip:  10.65 kB
build/client/assets/go-rLFTqkRN.js                               46.81 kB Γöé gzip:   5.14 kB
build/client/assets/pr-visual-recap-v0PNvr4U.js                  47.20 kB Γöé gzip:  13.14 kB
build/client/assets/catppuccin-mocha-DYhrFGRu.js                 47.25 kB Γöé gzip:   7.98 kB
build/client/assets/catppuccin-latte-DwIHMF0Q.js                 47.25 kB Γöé gzip:   7.98 kB
build/client/assets/catppuccin-frappe-3VR1Za6u.js                47.25 kB Γöé gzip:   7.99 kB
build/client/assets/catppuccin-macchiato-DYnBP6_5.js             47.26 kB Γöé gzip:   7.99 kB
build/client/assets/root-DWA2sGe0.js                             47.33 kB Γöé gzip:  16.22 kB
build/client/assets/apex-VAyPSnFM.js                             47.76 kB Γöé gzip:   6.81 kB
build/client/assets/ada-C5qYipkI.js                              48.07 kB Γöé gzip:   5.96 kB
build/client/assets/code-agents-ui-Chiw4Qh-.js                   48.08 kB Γöé gzip:  11.02 kB
build/client/assets/messaging-DLe9GlCC.js                        48.28 kB Γöé gzip:  14.72 kB
build/client/assets/data-programs-DzeOb_Kr.js                    48.36 kB Γöé gzip:  11.15 kB
build/client/assets/chunk-727SXJPM-Bh2qR880.js                   48.57 kB Γöé gzip:  15.69 kB
build/client/assets/workspace-DFNqsQoi.js                        48.58 kB Γöé gzip:  10.66 kB
build/client/assets/extensions-K0yCXkB6.js                       48.94 kB Γöé gzip:  11.42 kB
build/client/assets/css-Du97hDni.js                              49.10 kB Γöé gzip:  11.95 kB
build/client/assets/template-plan-CAWmGLdY.js                    49.90 kB Γöé gzip:  14.95 kB
build/client/assets/imba-DsUTQ-LC.js                             49.92 kB Γöé gzip:   9.47 kB
build/client/assets/template-content-CR55fi_T.js                 50.15 kB Γöé gzip:  11.00 kB
build/client/assets/template-plan-CU4vsquA.js                    50.25 kB Γöé gzip:  15.16 kB
build/client/assets/a2a-protocol-DLLi-hPU.js                     50.52 kB Γöé gzip:  12.51 kB
build/client/assets/template-plan-D1KRlwoC.js                    50.95 kB Γöé gzip:  15.69 kB
build/client/assets/template-plan-ClmqrZcj.js                    51.49 kB Γöé gzip:  15.98 kB
build/client/assets/template-plan-BNyQ9L78.js                    51.73 kB Γöé gzip:  15.62 kB
build/client/assets/chunk-O5CBEL6O-CDkxLk62.js                   52.52 kB Γöé gzip:  17.15 kB
build/client/assets/dist-DQJ-NKkN.js                             52.56 kB Γöé gzip:  16.79 kB
build/client/assets/everforest-dark-sB-x3p7T.js                  53.74 kB Γöé gzip:   8.37 kB
build/client/assets/everforest-light-Df2xbC6M.js                 53.74 kB Γöé gzip:   8.36 kB
build/client/assets/embedding-sdk-Dule4mFG.js                    54.46 kB Γöé gzip:  12.20 kB
build/client/assets/template-clips-BY_PTe0s.js                   55.39 kB Γöé gzip:  12.84 kB
build/client/assets/wikitext-ClFFjSW2.js                         55.87 kB Γöé gzip:   4.81 kB
build/client/assets/external-agents-CnWEuhlt.js                  56.91 kB Γöé gzip:  21.53 kB
build/client/assets/stata-BW-yxz8x.js                            56.99 kB Γöé gzip:  12.39 kB
build/client/assets/external-agents-TFWgxgFk.js                  57.30 kB Γöé gzip:  21.52 kB
build/client/assets/html-DsDIUi33.js                             57.31 kB Γöé gzip:  11.78 kB
build/client/assets/external-agents-C6qwioJX.js                  57.50 kB Γöé gzip:  19.23 kB
build/client/assets/engine-javascript-FQvzRocB.js                57.63 kB Γöé gzip:  20.18 kB
build/client/assets/template-plan-BPCS652g.js                    57.92 kB Γöé gzip:  16.43 kB
build/client/assets/actions-DJ2cDyVf.js                          58.45 kB Γöé gzip:  14.87 kB
build/client/assets/ballerina-B7ZEbQpA.js                        58.68 kB Γöé gzip:   8.10 kB
build/client/assets/template-plan-Qds9frRI.js                    59.13 kB Γöé gzip:  16.24 kB
build/client/assets/markdown-BYOwaDjH.js                         59.32 kB Γöé gzip:   5.66 kB
build/client/assets/real-time-collaboration-D8cKoWu7.js          59.82 kB Γöé gzip:  14.33 kB
build/client/assets/flowDiagram-I6XJVG4X-CWouWbv-.js             60.18 kB Γöé gzip:  19.50 kB
build/client/assets/zh-CN-DUAAj8Ic.js                            60.84 kB Γöé gzip:  24.85 kB
build/client/assets/zh-TW-B9cdHTNG.js                            61.59 kB Γöé gzip:  24.94 kB
build/client/assets/en-US-kSOqzJcX.js                            61.82 kB Γöé gzip:  21.76 kB
build/client/assets/ocaml-O90oeIOV.js                            62.44 kB Γöé gzip:   5.04 kB
build/client/assets/external-agents-BDztM9xh.js                  64.58 kB Γöé gzip:  21.14 kB
build/client/assets/messaging-Bls9_1Pl.js                        65.56 kB Γöé gzip:  15.86 kB
build/client/assets/external-agents-Cmn01ChB.js                  66.54 kB Γöé gzip:  22.58 kB
build/client/assets/external-agents-DzeMEOsm.js                  66.62 kB Γöé gzip:  21.45 kB
build/client/assets/external-agents-B50CWGiQ.js                  66.80 kB Γöé gzip:  21.62 kB
build/client/assets/pr-visual-recap-c2t1TG0q.js                  67.72 kB Γöé gzip:  13.99 kB
build/client/assets/external-agents-DsDCx0Ur.js                  68.99 kB Γöé gzip:  22.21 kB
build/client/assets/c4Diagram-AAUBKEIU-CVk472ah.js               69.16 kB Γöé gzip:  19.33 kB
build/client/assets/ganttDiagram-6RSMTGT7-DcjRUPdC.js            69.25 kB Γöé gzip:  22.71 kB
build/client/assets/mojo-BgCJLMeH.js                             69.79 kB Γöé gzip:   9.21 kB
build/client/assets/python-gzcpVVnB.js                           69.94 kB Γöé gzip:   9.09 kB
build/client/assets/pt-BR-CDxVvOwv.js                            71.91 kB Γöé gzip:  24.37 kB
build/client/assets/c-Cy4h6IhD.js                                72.17 kB Γöé gzip:  10.55 kB
build/client/assets/blockDiagram-GPEHLZMM-DOZupC7h.js            72.67 kB Γöé gzip:  20.68 kB
build/client/assets/latex-DR27pFpa.js                            72.87 kB Γöé gzip:   6.74 kB
build/client/assets/es-ES-ChjlBZys.js                            73.72 kB Γöé gzip:  24.70 kB
build/client/assets/record-BnFqVDI1.js                           73.93 kB Γöé gzip:  22.55 kB
build/client/assets/de-DE-ymO3dWpU.js                            74.54 kB Γöé gzip:  25.82 kB
build/client/assets/vyper-CgoNMtux.js                            74.64 kB Γöé gzip:  10.69 kB
build/client/assets/ko-KR-CSYjrDlw.js                            75.05 kB Γöé gzip:  25.60 kB
build/client/assets/fr-FR-C6XqOwGn.js                            76.95 kB Γöé gzip:  25.41 kB
build/client/assets/external-agents-BFo668XS.js                  78.37 kB Γöé gzip:  22.81 kB
build/client/assets/template-plan-hFhrRf4G.js                    79.03 kB Γöé gzip:  17.26 kB
build/client/assets/external-agents-BGkHD4rH.js                  80.80 kB Γöé gzip:  23.33 kB
build/client/assets/hack-DR1u2sXm.js                             81.05 kB Γöé gzip:  26.43 kB
build/client/assets/cose-bilkent-S5V4N54A-BaGqzw8s.js            81.40 kB Γöé gzip:  21.57 kB
build/client/assets/components-mJhiXdpa.js                       84.02 kB Γöé gzip:  27.98 kB
build/client/assets/mermaid.core-C8Gr0KU9.js                     85.82 kB Γöé gzip:  28.87 kB
build/client/assets/swift-DonLKvLd.js                            86.68 kB Γöé gzip:  14.69 kB
build/client/assets/ja-JP-BFnoTb3A.js                            87.77 kB Γöé gzip:  27.41 kB
build/client/assets/fortran-free-form-CYNrtFtB.js                88.96 kB Γöé gzip:  11.18 kB
build/client/assets/csharp-oqKa8noW.js                           90.18 kB Γöé gzip:  10.71 kB
build/client/assets/racket-DcIDlBhZ.js                           92.38 kB Γöé gzip:  15.07 kB
build/client/assets/ar-SA-BZyyT8HA.js                            94.21 kB Γöé gzip:  26.79 kB
build/client/assets/less-DVTAwKKz.js                             97.62 kB Γöé gzip:  14.84 kB
build/client/assets/chunk-3OPIFGDE-BY-dIOZ7.js                   98.82 kB Γöé gzip:  24.29 kB
build/client/assets/blade-aIhnSPy0.js                           104.97 kB Γöé gzip:  28.30 kB
build/client/assets/objective-c-D1A_Heim.js                     105.40 kB Γöé gzip:  23.63 kB
build/client/assets/external-agents-CRugHPA3.js                 111.08 kB Γöé gzip:  25.09 kB
build/client/assets/php-DC9NAwt1.js                             113.08 kB Γöé gzip:  28.85 kB
build/client/assets/sequenceDiagram-3UESZ5HK-DvA8p_Z0.js        115.73 kB Γöé gzip:  30.54 kB
build/client/assets/asciidoc-DE70LPWp.js                        131.52 kB Γöé gzip:   9.31 kB
build/client/assets/hi-IN-DrHsG9FG.js                           133.16 kB Γöé gzip:  29.27 kB
build/client/assets/mdx-DQZ5AkYe.js                             136.10 kB Γöé gzip:  23.54 kB
build/client/assets/architectureDiagram-3BPJPVTR-BE7GQvaQ.js    146.93 kB Γöé gzip:  40.29 kB
build/client/assets/docs-seo-CRvpE0Jo.js                        149.91 kB Γöé gzip:  20.67 kB
build/client/assets/objective-cpp-BsSzOQcm.js                   171.96 kB Γöé gzip:  30.98 kB
build/client/assets/javascript-CTKXze8k.js                      174.88 kB Γöé gzip:  16.68 kB
build/client/assets/tsx-DX2AW7Kd.js                             175.59 kB Γöé gzip:  16.67 kB
build/client/assets/jsx-CZgUL49F.js                             177.85 kB Γöé gzip:  16.76 kB
build/client/assets/typescript-DKdL5chp.js                      181.14 kB Γöé gzip:  16.28 kB
build/client/assets/entry.client-4z5DhEPX.js                    182.47 kB Γöé gzip:  57.79 kB
build/client/assets/angular-ts-BAAZLAXC.js                      183.73 kB Γöé gzip:  16.78 kB
build/client/assets/docs-locale-1I93c1Ru.js                     188.44 kB Γöé gzip:  64.64 kB
build/client/assets/vue-vine-C3tTsroA.js                        190.05 kB Γöé gzip:  18.07 kB
build/client/assets/chunk-CSCIHK7Q-Cy16TP_z.js                  228.51 kB Γöé gzip:  36.52 kB
build/client/assets/katex-CddkPoXu.js                           258.88 kB Γöé gzip:  77.46 kB
build/client/assets/wolfram-DLL8P-h_.js                         262.38 kB Γöé gzip:  77.63 kB
build/client/assets/analytics-CJECx-xS.js                       307.33 kB Γöé gzip:  90.24 kB
build/client/assets/cytoscape.esm-Djp6vQyU.js                   435.38 kB Γöé gzip: 137.89 kB
build/client/assets/prod-Cf5DSKGz.js                            532.45 kB Γöé gzip: 162.36 kB
build/client/assets/chunk-K2UTITRG-Cupy0ac6.js                  532.55 kB Γöé gzip: 178.88 kB
build/client/assets/chunk-NNHCCRGN-DlpIbxXb.js                  593.66 kB Γöé gzip: 137.74 kB
build/client/assets/docs-content-DmTFVTXy.js                    602.42 kB Γöé gzip: 155.56 kB
build/client/assets/wasm-BnjxR4X6.js                            622.32 kB Γöé gzip: 232.09 kB
build/client/assets/cpp-DZ_rqpVX.js                             626.13 kB Γöé gzip:  48.09 kB
build/client/assets/DocsLayout-BmDXCYXc.js                      690.74 kB Γöé gzip: 202.11 kB
build/client/assets/emacs-lisp-B4R74twV.js                      779.87 kB Γöé gzip: 197.55 kB
build/client/assets/chunk-EIO257PC-DYTIX_44.js                1,821.04 kB Γöé gzip: 744.22 kB

[PLUGIN_TIMINGS] Your build spent significant time in plugins. Here is a breakdown:
  - react-router:dot-server (29%)
  - react-router:inject-hmr-runtime (23%)
  - agent-native-app-changelog-raw (15%)
  - react-router:virtual-modules (10%)
  - react-router:hmr-runtime (9%)
See https://rolldown.rs/reference/InputOptions.checks#plugintimings for more details.

[plugin builtin:vite-reporter] 
(!) Some chunks are larger than 500 kB after minification. Consider:
- Using dynamic import() to code-split the application
- Use build.rolldownOptions.output.codeSplitting to improve chunking: https://rolldown.rs/reference/OutputOptions.codeSplitting
- Adjust chunk size limit for this warning via build.chunkSizeWarningLimit.
[32mΓ£ô built in 1m 2s[39m
[plugin agent-web-surfaces] [agent-web] Generated 963 files for 959 public routes
[36mvite v8.1.0 [32mbuilding ssr environment for production...[36m[39m
[2K
transforming...[38;5;147m[LARGE_BARREL_MODULES] [0m../../node_modules/.pnpm/@tabler+icons-react@3.44.0_react@19.2.7/node_modules/@tabler/icons-react/dist/esm/tabler-icons-react.mjs has 6149 re-exports. Eagerly resolving every entry can significantly slow down the build. Consider using `@rolldown/plugin-transform-imports` to rewrite imports at the source level so the barrel file is never loaded.
 [38;5;240m Γöé[0m 
 [38;5;240m Γöé[0m [38;5;115mHelp[0m: See https://github.com/rolldown/plugins/tree/main/packages/transform-imports for usage.

Γ£ô 4100 modules transformed.
rendering chunks...
[32mΓ£ô[39m 1 asset cleaned from React Router server build.
[2mbuild\client\assets\global-C8bLlqbI.css[22m

computing gzip size...
build/server/.vite/manifest.json                                565.52 kB Γöé gzip:  47.27 kB
build/server/assets/global-C8bLlqbI.css                         269.78 kB Γöé gzip:  41.60 kB
build/server/assets/css-CHuIO3qC.js                               0.08 kB Γöé gzip:   0.08 kB
build/server/assets/jsx-C5LGkdCW.js                               0.08 kB Γöé gzip:   0.08 kB
build/server/assets/python-DFllvk05.js                            0.08 kB Γöé gzip:   0.08 kB
build/server/assets/sql-CDhZBkiL.js                               0.08 kB Γöé gzip:   0.08 kB
build/server/assets/tsx-nWku-tE-.js                               0.08 kB Γöé gzip:   0.08 kB
build/server/assets/html-Do_pFHkV.js                              0.09 kB Γöé gzip:   0.08 kB
build/server/assets/json-BMTXTdiF.js                              0.09 kB Γöé gzip:   0.08 kB
build/server/assets/yaml-b6RMGuq0.js                              0.09 kB Γöé gzip:   0.08 kB
build/server/assets/markdown-ZUstPqru.js                          0.09 kB Γöé gzip:   0.08 kB
build/server/assets/javascript-BSKVtFgj.js                        0.11 kB Γöé gzip:   0.09 kB
build/server/assets/typescript-Bqnb3xU2.js                        0.11 kB Γöé gzip:   0.09 kB
build/server/assets/bash-DkmFMJGG.js                              0.11 kB Γöé gzip:   0.09 kB
build/server/assets/shellscript-DkmFMJGG.js                       0.11 kB Γöé gzip:   0.09 kB
build/server/assets/github-dark-default-wmy3WnWl.js               0.12 kB Γöé gzip:   0.09 kB
build/server/assets/github-light-default-Fx9GpWEe.js              0.13 kB Γöé gzip:   0.09 kB
build/server/assets/pie-LRSECV5Y-BeOztbtb.js                      0.14 kB Γöé gzip:   0.13 kB
build/server/assets/info-J43DQDTF-BM9IMWax.js                     0.14 kB Γöé gzip:   0.13 kB
build/server/assets/radar-GUYGQ44K-DN26PIDj.js                    0.14 kB Γöé gzip:   0.13 kB
build/server/assets/packet-YPE3B663-IKoGdl95.js                   0.15 kB Γöé gzip:   0.13 kB
build/server/assets/treemap-LRROVOQU-CKy5Qnzh.js                  0.15 kB Γöé gzip:   0.13 kB
build/server/assets/wardley-L42UT6IY-Dww4X11N.js                  0.15 kB Γöé gzip:   0.13 kB
build/server/assets/percentages-BXMCSKIN-CiF-Gmij.js              0.15 kB Γöé gzip:   0.14 kB
build/server/assets/gitGraph-WXDBUCRP-CuDptQxY.js                 0.15 kB Γöé gzip:   0.13 kB
build/server/assets/treeView-BLDUP644-X4VMaz9c.js                 0.15 kB Γöé gzip:   0.13 kB
build/server/assets/architecture-7EHR7CIX-iA7xUeLu.js             0.16 kB Γöé gzip:   0.14 kB
build/server/assets/array-75Ih5Qg4.js                             0.16 kB Γöé gzip:   0.14 kB
build/server/assets/eventmodeling-FCH6USID-BNLUUfUv.js            0.16 kB Γöé gzip:   0.14 kB
build/server/assets/image-GAAHSSAO-Ddx3NesB.js                    0.16 kB Γöé gzip:   0.14 kB
build/server/assets/subset-shared.chunk-CcBQiiKt.js               0.20 kB Γöé gzip:   0.17 kB
build/server/assets/channel-Uky7iHSd.js                           0.29 kB Γöé gzip:   0.22 kB
build/server/assets/init-0z_ZKhsI.js                              0.32 kB Γöé gzip:   0.21 kB
build/server/assets/chunk-4BX2VUAB-BIn2iR7i.js                    0.45 kB Γöé gzip:   0.26 kB
build/server/assets/chunk-QZHKN3VN-DjhED8kr.js                    0.47 kB Γöé gzip:   0.30 kB
build/server/assets/chunk-FMBD7UC4-D1-GEOC2.js                    0.55 kB Γöé gzip:   0.36 kB
build/server/assets/chunk-55IACEB6-itOkv3TH.js                    0.58 kB Γöé gzip:   0.35 kB
build/server/assets/subset-worker.chunk-CqfZ1bbR.js               0.61 kB Γöé gzip:   0.43 kB
build/server/assets/codeowners-CxEKPWu0.js                        0.66 kB Γöé gzip:   0.34 kB
build/server/assets/file-open-7c801643-CDnNdXsC.js                0.68 kB Γöé gzip:   0.43 kB
build/server/assets/file-open-002ab408-B9WI2Pta.js                0.80 kB Γöé gzip:   0.45 kB
build/server/assets/directory-open-01563666-DgsmVoRn.js           0.84 kB Γöé gzip:   0.49 kB
build/server/assets/tsv-BorGVq2Z.js                               0.86 kB Γöé gzip:   0.36 kB
build/server/assets/package-lifecycle-C64R3gtV.js                 0.97 kB Γöé gzip:   0.63 kB
build/server/assets/package-lifecycle-CTEkfU9q.js                 0.97 kB Γöé gzip:   0.63 kB
build/server/assets/file-save-3189631c-D61rGFEo.js                0.98 kB Γöé gzip:   0.58 kB
build/server/assets/en-B4ZKOASM-CCpnCRG9.js                       0.98 kB Γöé gzip:   0.52 kB
build/server/assets/chunk-Z3N5DIM6-B9jrzNwi.js                    0.99 kB Γöé gzip:   0.57 kB
build/server/assets/shellsession-Cw8G2MzR.js                      0.99 kB Γöé gzip:   0.53 kB
build/server/assets/chunk-SRAX5OIU-T3uSXHet.js                    1.00 kB Γöé gzip:   0.57 kB
build/server/assets/package-lifecycle-BBHrw8yX.js                 1.05 kB Γöé gzip:   0.55 kB
build/server/assets/package-lifecycle-DtHzpBIg.js                 1.08 kB Γöé gzip:   0.55 kB
build/server/assets/infoDiagram-5YYISTIA-DB3bhoSa.js              1.08 kB Γöé gzip:   0.59 kB
build/server/assets/stateDiagram-v2-BHNVJYJU-Cj3hcO38.js          1.09 kB Γöé gzip:   0.58 kB
build/server/assets/package-lifecycle-Xo1RDcKK.js                 1.10 kB Γöé gzip:   0.57 kB
build/server/assets/html-derivative-DY9DuY9P.js                   1.13 kB Γöé gzip:   0.55 kB
build/server/assets/package-lifecycle-Dl5QjmiU.js                 1.14 kB Γöé gzip:   0.61 kB
build/server/assets/package-lifecycle-cUczMuJH.js                 1.14 kB Γöé gzip:   0.67 kB
build/server/assets/classDiagram-4FO5ZUOK-Blxalhc8.js             1.16 kB Γöé gzip:   0.61 kB
build/server/assets/qmldir-Dz8ttxjf.js                            1.16 kB Γöé gzip:   0.47 kB
build/server/assets/classDiagram-v2-Q7XG4LA2-n1tAHOJp.js          1.16 kB Γöé gzip:   0.61 kB
build/server/assets/file-save-745eba88-CO2ghbb6.js                1.20 kB Γöé gzip:   0.65 kB
build/server/assets/chunk-2J33WTMH-BMZvRqFy.js                    1.22 kB Γöé gzip:   0.58 kB
build/server/assets/package-lifecycle-DBAtz6bY.js                 1.24 kB Γöé gzip:   0.69 kB
build/server/assets/package-lifecycle-CtbKzQZ3.js                 1.27 kB Γöé gzip:   0.67 kB
build/server/assets/git-rebase-CuY0hWOs.js                        1.30 kB Γöé gzip:   0.54 kB
build/server/assets/csv-DqIVFkK7.js                               1.32 kB Γöé gzip:   0.40 kB
build/server/assets/git-commit-CVehMVfL.js                        1.57 kB Γöé gzip:   0.61 kB
build/server/assets/dotenv-Dkdv7Sm2.js                            1.65 kB Γöé gzip:   0.56 kB
build/server/assets/xsl-b3zAHDaJ.js                               1.70 kB Γöé gzip:   0.60 kB
build/server/assets/sparql-B0cTHj6q.js                            1.75 kB Γöé gzip:   0.91 kB
build/server/assets/ini-C24lZfdM.js                               1.76 kB Γöé gzip:   0.53 kB
build/server/assets/package-lifecycle-D5fr-aDi.js                 1.80 kB Γöé gzip:   0.76 kB
build/server/assets/chunk-ZUYEQ4TG-Bj2hz8fi.js                    1.83 kB Γöé gzip:   1.00 kB
build/server/assets/rolldown-runtime-CE-6LUnI.js                  1.89 kB Γöé gzip:   0.86 kB
build/server/assets/chunk-L5ZTLDWV-BWZIK7ii.js                    1.90 kB Γöé gzip:   0.86 kB
build/server/assets/core-DFk718Ta.js                              1.90 kB Γöé gzip:   0.62 kB
build/server/assets/line-DIWYd4Ok.js                              1.96 kB Γöé gzip:   0.71 kB
build/server/assets/docker-PC1tuYpa.js                            1.96 kB Γöé gzip:   0.63 kB
build/server/assets/hxml-DPGO9Qqq.js                              2.03 kB Γöé gzip:   0.98 kB
build/server/assets/desktop-BgOb7Aj4.js                           2.06 kB Γöé gzip:   0.79 kB
build/server/assets/fortran-fixed-form-CmqL4lcJ.js                2.11 kB Γöé gzip:   0.80 kB
build/server/assets/directory-open-4ed118d0-CF7kkI7c.js           2.14 kB Γöé gzip:   0.99 kB
build/server/assets/ordinal-Dwc-c6sf.js                           2.30 kB Γöé gzip:   0.85 kB
build/server/assets/wenyan-BeysbCrW.js                            2.43 kB Γöé gzip:   1.12 kB
build/server/assets/jssm-Dx5A5sBR.js                              2.54 kB Γöé gzip:   0.64 kB
build/server/assets/erb-BHE-PvBP.js                               2.60 kB Γöé gzip:   0.74 kB
build/server/assets/reg-DpJf71oO.js                               2.64 kB Γöé gzip:   0.73 kB
build/server/assets/package-lifecycle-C81q0UHL.js                 2.77 kB Γöé gzip:   1.23 kB
build/server/assets/edge-DE7iZV8_.js                              2.84 kB Γöé gzip:   0.79 kB
build/server/assets/hy-CJKxDzbh.js                                2.86 kB Γöé gzip:   1.21 kB
build/server/assets/diff-Blb4MjsC.js                              2.89 kB Γöé gzip:   0.72 kB
build/server/assets/gleam-CTllUdfC.js                             2.93 kB Γöé gzip:   0.86 kB
build/server/assets/analytics-session-BY7JPsRk.js                 3.06 kB Γöé gzip:   1.18 kB
build/server/assets/log-Dad54gsi.js                               3.15 kB Γöé gzip:   0.93 kB
build/server/assets/openscad-jn-f1Ocl.js                          3.16 kB Γöé gzip:   1.04 kB
build/server/assets/logo-DTXV8SKw.js                              3.26 kB Γöé gzip:   1.50 kB
build/server/assets/berry-CgA2ea0_.js                             3.40 kB Γöé gzip:   0.84 kB
build/server/assets/jsonl-Bp0qqr10.js                             3.41 kB Γöé gzip:   0.82 kB
build/server/assets/chunk-NZK2D7GU-Bii9jdKS.js                    3.44 kB Γöé gzip:   1.21 kB
build/server/assets/json-CvmcIPpb.js                              3.48 kB Γöé gzip:   0.96 kB
build/server/assets/cairo-I5nkPTh-.js                             3.49 kB Γöé gzip:   0.91 kB
build/server/assets/jsonc-Cu6rqcrJ.js                             3.51 kB Γöé gzip:   0.83 kB
build/server/assets/mipsasm-EL46Y4Xg.js                           3.53 kB Γöé gzip:   1.20 kB
build/server/assets/splunk-xP_ZjUH2.js                            3.65 kB Γöé gzip:   1.55 kB
build/server/assets/chunk-ND2GUHAM-BukW_d8f.js                    3.69 kB Γöé gzip:   1.20 kB
build/server/assets/po-IjpR1yHO.js                                3.71 kB Γöé gzip:   0.94 kB
build/server/assets/json5-xULSgPQI.js                             3.71 kB Γöé gzip:   0.87 kB
build/server/assets/genie-DnK2KWIP.js                             3.72 kB Γöé gzip:   1.25 kB
build/server/assets/vala-BnnASFsX.js                              3.74 kB Γöé gzip:   1.22 kB
build/server/assets/rel-BT0iIKKw.js                               3.75 kB Γöé gzip:   1.14 kB
build/server/assets/tasl-_AAbKiWM.js                              3.81 kB Γöé gzip:   0.89 kB
build/server/assets/ssh-config-DXFPABYp.js                        3.82 kB Γöé gzip:   1.63 kB
build/server/assets/path-D_vpuruE.js                              3.90 kB Γöé gzip:   1.34 kB
build/server/assets/jsonnet-BafgE6cE.js                           4.04 kB Γöé gzip:   1.07 kB
build/server/assets/fluent-BjfpB34g.js                            4.04 kB Γöé gzip:   0.94 kB
build/server/assets/glsl-DlknG1m5.js                              4.09 kB Γöé gzip:   1.60 kB
build/server/assets/kdl-DkTyxPcj.js                               4.10 kB Γöé gzip:   1.07 kB
build/server/assets/narrat-D9rrR0H5.js                            4.11 kB Γöé gzip:   1.14 kB
build/server/assets/dist-DuwnQEWo.js                              4.12 kB Γöé gzip:   1.42 kB
build/server/assets/pure-agent-apps-CJdpIh38.js                   4.16 kB Γöé gzip:   2.09 kB
build/server/assets/routing-aJrYJazG.js                           4.18 kB Γöé gzip:   1.85 kB
build/server/assets/routing-Caqb4TVp.js                           4.18 kB Γöé gzip:   1.85 kB
build/server/assets/pure-agent-apps-DLlQ7ht3.js                   4.18 kB Γöé gzip:   2.10 kB
build/server/assets/turtle-BEG5g_eT.js                            4.20 kB Γöé gzip:   1.00 kB
build/server/assets/hurl-Dmu1H8vM.js                              4.22 kB Γöé gzip:   1.23 kB
build/server/assets/gn-DDjbVPF4.js                                4.31 kB Γöé gzip:   1.52 kB
build/server/assets/zenscript-BoijL7rl.js                         4.37 kB Γöé gzip:   1.33 kB
build/server/assets/pascal-D8-gNZ2I.js                            4.48 kB Γöé gzip:   1.71 kB
build/server/assets/ron-DzAo6FTJ.js                               4.51 kB Γöé gzip:   1.02 kB
build/server/assets/routing-CiGP2LWK.js                           4.52 kB Γöé gzip:   1.67 kB
build/server/assets/routing-D2_J6PoE.js                           4.56 kB Γöé gzip:   1.75 kB
build/server/assets/pure-agent-apps-Bp4GUsEK.js                   4.58 kB Γöé gzip:   1.93 kB
build/server/assets/routing-CmjtKXVG.js                           4.59 kB Γöé gzip:   1.72 kB
build/server/assets/pure-agent-apps-C7DtJpYC.js                   4.65 kB Γöé gzip:   2.12 kB
build/server/assets/routing-DFXWE1y5.js                           4.67 kB Γöé gzip:   1.76 kB
build/server/assets/pure-agent-apps-D8NjPezu.js                   4.71 kB Γöé gzip:   1.99 kB
build/server/assets/pure-agent-apps-CF-7-BZZ.js                   4.72 kB Γöé gzip:   2.07 kB
build/server/assets/routing-CKNCBRRW.js                           4.73 kB Γöé gzip:   1.89 kB
build/server/assets/routing-BH8FQjI5.js                           4.77 kB Γöé gzip:   1.81 kB
build/server/assets/pure-agent-apps-DUrwFqUr.js                   4.80 kB Γöé gzip:   2.05 kB
build/server/assets/sdbl-CdQg5gu1.js                              4.94 kB Γöé gzip:   2.03 kB
build/server/assets/tcl-DLe0Tsfm.js                               4.95 kB Γöé gzip:   1.55 kB
build/server/assets/pure-agent-apps-DDJFCUFY.js                   5.12 kB Γöé gzip:   2.29 kB
build/server/assets/rosmsg-CyYq6XdT.js                            5.13 kB Γöé gzip:   1.10 kB
build/server/assets/routing-C92Uus_K.js                           5.19 kB Γöé gzip:   1.92 kB
build/server/assets/fennel-B3wtZRne.js                            5.21 kB Γöé gzip:   1.58 kB
build/server/assets/http-BgcmvAKf.js                              5.25 kB Γöé gzip:   1.19 kB
build/server/assets/nextflow-BgGOyLwY.js                          5.28 kB Γöé gzip:   1.28 kB
build/server/assets/chunk-BSJP7CBP-C_3AQZ72.js                    5.28 kB Γöé gzip:   1.24 kB
build/server/assets/diagram-5GNKFQAL-BNl-_GzU.js                  5.29 kB Γöé gzip:   1.90 kB
build/server/assets/llvm-uY68ROGz.js                              5.31 kB Γöé gzip:   2.05 kB
build/server/assets/routing-DC1U_BUK.js                           5.36 kB Γöé gzip:   2.00 kB
build/server/assets/polar-4pN1JrJ8.js                             5.38 kB Γöé gzip:   1.17 kB
build/server/assets/pure-agent-apps-BNV8c_pZ.js                   5.39 kB Γöé gzip:   2.20 kB
build/server/assets/bibtex-BzgdqG3s.js                            5.40 kB Γöé gzip:   0.87 kB
build/server/assets/multi-tenancy-SYnh1q78.js                     5.72 kB Γöé gzip:   2.66 kB
build/server/assets/dax-S-Noo-ku.js                               5.73 kB Γöé gzip:   2.26 kB
build/server/assets/toolkit-observability-CS8zUt1H.js             5.77 kB Γöé gzip:   2.00 kB
build/server/assets/wgsl-1s5rV5xS.js                              5.77 kB Γöé gzip:   1.43 kB
build/server/assets/multi-tenancy-CrhS2cUE.js                     5.77 kB Γöé gzip:   2.65 kB
build/server/assets/internationalization-B5Y2vi4p.js              5.84 kB Γöé gzip:   2.99 kB
build/server/assets/toolkit-agent-ux-BLTdMGML.js                  5.85 kB Γöé gzip:   2.24 kB
build/server/assets/internationalization-DrI8vfBp.js              5.85 kB Γöé gzip:   3.01 kB
build/server/assets/pure-agent-apps-v2ZxuvbD.js                   5.94 kB Γöé gzip:   2.41 kB
build/server/assets/zig-lTQvxhLD.js                               5.97 kB Γöé gzip:   1.59 kB
build/server/assets/bicep-CZ338dSk.js                             5.97 kB Γöé gzip:   1.19 kB
build/server/assets/coq-Ds6Ye5el.js                               6.00 kB Γöé gzip:   1.96 kB
build/server/assets/multi-tenancy-DmLIM11W.js                     6.05 kB Γöé gzip:   2.29 kB
build/server/assets/toolkit-command-navigation-gzSqoOue.js        6.06 kB Γöé gzip:   2.04 kB
build/server/assets/gdresource-BtU0ORp1.js                        6.06 kB Γöé gzip:   1.46 kB
build/server/assets/roundRect-CCYZjIS4.js                         6.15 kB Γöé gzip:   1.48 kB
build/server/assets/awk-D6dA05Ye.js                               6.16 kB Γöé gzip:   1.43 kB
build/server/assets/qml-B2N_4OQk.js                               6.24 kB Γöé gzip:   1.51 kB
build/server/assets/lean-BwOKScIt.js                              6.28 kB Γöé gzip:   1.96 kB
build/server/assets/using-your-agent-CrwOkOi6.js                  6.28 kB Γöé gzip:   2.50 kB
build/server/assets/pure-agent-apps-DHv7TtWz.js                   6.28 kB Γöé gzip:   2.33 kB
build/server/assets/toolkit-setup-connections-JXgcKWJa.js         6.33 kB Γöé gzip:   2.20 kB
build/server/assets/durable-resume-CU4-iM0F.js                    6.36 kB Γöé gzip:   3.32 kB
build/server/assets/durable-resume-CBPVWipf.js                    6.36 kB Γöé gzip:   3.32 kB
build/server/assets/file-uploads-DubL3U3b.js                      6.37 kB Γöé gzip:   2.77 kB
build/server/assets/file-uploads-Bqoa1NSm.js                      6.38 kB Γöé gzip:   2.76 kB
build/server/assets/routing-WJNaXrlP.js                           6.40 kB Γöé gzip:   2.05 kB
build/server/assets/xml-BhmleR2b.js                               6.40 kB Γöé gzip:   1.41 kB
build/server/assets/multi-tenancy-B5emCwdz.js                     6.41 kB Γöé gzip:   2.42 kB
build/server/assets/using-your-agent-kN8uPyD_.js                  6.41 kB Γöé gzip:   3.18 kB
build/server/assets/using-your-agent-D5AO-6Nb.js                  6.43 kB Γöé gzip:   3.19 kB
build/server/assets/internationalization-C9tceq20.js              6.47 kB Γöé gzip:   2.74 kB
build/server/assets/verilog-BW5U03XW.js                           6.48 kB Γöé gzip:   1.94 kB
build/server/assets/shaderlab-4y4D2cDS.js                         6.49 kB Γöé gzip:   2.19 kB
build/server/assets/toolkit-resources-D6pyXZAF.js                 6.50 kB Γöé gzip:   2.13 kB
build/server/assets/cli-adapters-Dh3m0L82.js                      6.51 kB Γöé gzip:   2.84 kB
build/server/assets/cli-adapters-C2Yz-WDq.js                      6.51 kB Γöé gzip:   2.84 kB
build/server/assets/internationalization-R-sxEpcd.js              6.53 kB Γöé gzip:   3.06 kB
build/server/assets/multi-tenancy-HhsSc61H.js                     6.54 kB Γöé gzip:   2.68 kB
build/server/assets/vb-DU29mvss.js                                6.56 kB Γöé gzip:   2.38 kB
build/server/assets/multi-tenancy-CBGtOlU0.js                     6.56 kB Γöé gzip:   2.47 kB
build/server/assets/multi-tenancy-C4Z2vyjP.js                     6.57 kB Γöé gzip:   2.55 kB
build/server/assets/powerquery-SrvS_NBM.js                        6.58 kB Γöé gzip:   1.56 kB
build/server/assets/cypher-D8Bb8Cq2.js                            6.58 kB Γöé gzip:   1.76 kB
build/server/assets/moonbit-B_9L5rST.js                           6.61 kB Γöé gzip:   1.74 kB
build/server/assets/jinja-DVPQXMCE.js                             6.61 kB Γöé gzip:   1.49 kB
build/server/assets/internationalization-BJc6IaSQ.js              6.67 kB Γöé gzip:   2.76 kB
build/server/assets/internationalization-yc9gAUue.js              6.68 kB Γöé gzip:   2.96 kB
build/server/assets/multi-tenancy-D1-c9Mnb.js                     6.74 kB Γöé gzip:   2.54 kB
build/server/assets/toolkit-org-team-DreZNV5F.js                  6.75 kB Γöé gzip:   2.31 kB
build/server/assets/blueprint-installer-CxgBj7fw.js               6.77 kB Γöé gzip:   3.20 kB
build/server/assets/blueprint-installer-Bs6cXAtR.js               6.77 kB Γöé gzip:   3.17 kB
build/server/assets/arc-Dxiovn8S.js                               6.77 kB Γöé gzip:   2.01 kB
build/server/assets/cli-adapters-DFBxRcOB.js                      6.80 kB Γöé gzip:   2.53 kB
build/server/assets/file-uploads-CCiNgr5N.js                      6.88 kB Γöé gzip:   2.57 kB
build/server/assets/file-uploads-2VRX8o_d.js                      6.88 kB Γöé gzip:   2.84 kB
build/server/assets/using-your-agent-B0xKEWa4.js                  6.88 kB Γöé gzip:   2.83 kB
build/server/assets/file-uploads-nzKdGN8G.js                      6.89 kB Γöé gzip:   2.56 kB
build/server/assets/using-your-agent-DeDX53Bf.js                  6.90 kB Γöé gzip:   2.83 kB
build/server/assets/cli-adapters-CjYN73Zp.js                      6.91 kB Γöé gzip:   2.62 kB
build/server/assets/internationalization-CU301LkR.js              6.94 kB Γöé gzip:   2.83 kB
build/server/assets/file-uploads-2uti9orT.js                      6.96 kB Γöé gzip:   2.63 kB
build/server/assets/durable-resume-DnNn9h9Q.js                    6.96 kB Γöé gzip:   2.88 kB
build/server/assets/processors-iDfVH6pi.js                        6.97 kB Γöé gzip:   3.31 kB
build/server/assets/processors-BNoe_nmM.js                        6.98 kB Γöé gzip:   3.32 kB
build/server/assets/cli-adapters-BiyCzEOx.js                      7.01 kB Γöé gzip:   2.65 kB
build/server/assets/cli-adapters-C1NTOels.js                      7.08 kB Γöé gzip:   2.74 kB
build/server/assets/diagram-LMA3HP47-ChXRAi8C.js                  7.08 kB Γöé gzip:   2.44 kB
build/server/assets/gdshader-D7JfdFV3.js                          7.08 kB Γöé gzip:   1.77 kB
build/server/assets/ara-IxnQjO6j.js                               7.10 kB Γöé gzip:   1.85 kB
build/server/assets/cli-adapters-BKSCB4hz.js                      7.11 kB Γöé gzip:   2.94 kB
build/server/assets/internationalization-BKfOXYpD.js              7.11 kB Γöé gzip:   2.90 kB
build/server/assets/min-dark-8t-S2ANr.js                          7.12 kB Γöé gzip:   1.81 kB
build/server/assets/cli-adapters-Cnh4NzDV.js                      7.15 kB Γöé gzip:   2.71 kB
build/server/assets/postcss-D1gKt4z_.js                           7.15 kB Γöé gzip:   1.96 kB
build/server/assets/prisma-BWfa4-tI.js                            7.15 kB Γöé gzip:   1.44 kB
build/server/assets/red-BA1bIyAh.js                               7.18 kB Γöé gzip:   1.70 kB
build/server/assets/clojure-DDsQ0FaV.js                           7.20 kB Γöé gzip:   1.46 kB
build/server/assets/toolkit-history-6fH4Sn3C.js                   7.20 kB Γöé gzip:   2.45 kB
build/server/assets/blueprint-installer-BPbx4IoT.js               7.21 kB Γöé gzip:   2.77 kB
build/server/assets/file-uploads-BSZoX3gM.js                      7.22 kB Γöé gzip:   2.64 kB
build/server/assets/toml-B7BHZIqX.js                              7.22 kB Γöé gzip:   1.32 kB
build/server/assets/smalltalk-BEQkVl4K.js                         7.31 kB Γöé gzip:   1.66 kB
build/server/assets/using-your-agent-MELmN0cM.js                  7.32 kB Γöé gzip:   3.07 kB
build/server/assets/using-your-agent-QqMiwFdj.js                  7.34 kB Γöé gzip:   3.00 kB
build/server/assets/using-your-agent-C0i7uR-a.js                  7.39 kB Γöé gzip:   3.19 kB
build/server/assets/multi-tenancy-pj3ipls1.js                     7.45 kB Γöé gzip:   2.87 kB
build/server/assets/solarized-light-BlwCsfDl.js                   7.46 kB Γöé gzip:   1.83 kB
build/server/assets/proto-ClkOcAW0.js                             7.47 kB Γöé gzip:   1.47 kB
build/server/assets/toolkit-settings-UB6ZD0kR.js                  7.48 kB Γöé gzip:   2.75 kB
build/server/assets/riscv-CvzikGLb.js                             7.50 kB Γöé gzip:   2.02 kB
build/server/assets/processors-DzzrSof0.js                        7.53 kB Γöé gzip:   2.89 kB
build/server/assets/cli-adapters-BTYaV0e6.js                      7.57 kB Γöé gzip:   2.95 kB
build/server/assets/file-uploads-BB5mDurW.js                      7.59 kB Γöé gzip:   2.85 kB
build/server/assets/durable-resume-DIYmofJC.js                    7.59 kB Γöé gzip:   3.12 kB
build/server/assets/toolkit-comments-review-Cx6T0eeU.js           7.61 kB Γöé gzip:   2.51 kB
build/server/assets/internationalization-DavTUXXk.js              7.62 kB Γöé gzip:   3.23 kB
build/server/assets/multi-tenancy-BMJZ8byL.js                     7.63 kB Γöé gzip:   2.75 kB
build/server/assets/file-uploads-CSU5FQSY.js                      7.64 kB Γöé gzip:   2.80 kB
build/server/assets/blueprint-installer-DjXZR0xz.js               7.64 kB Γöé gzip:   2.96 kB
build/server/assets/cli-adapters-iLrHru1K.js                      7.65 kB Γöé gzip:   2.98 kB
build/server/assets/file-uploads-B28kQ6Y1.js                      7.69 kB Γöé gzip:   2.98 kB
build/server/assets/durable-resume-BOWpnU15.js                    7.70 kB Γöé gzip:   3.18 kB
build/server/assets/blueprint-installer-CQfX1vTI.js               7.72 kB Γöé gzip:   3.00 kB
build/server/assets/hlsl-BJLUNfne.js                              7.72 kB Γöé gzip:   2.21 kB
build/server/assets/talonscript-CLxaFu-b.js                       7.73 kB Γöé gzip:   1.55 kB
build/server/assets/audit-log-BGobrszC.js                         7.74 kB Γöé gzip:   4.03 kB
build/server/assets/r-DgiiWyd7.js                                 7.74 kB Γöé gzip:   1.98 kB
build/server/assets/audit-log-D7_lTHOh.js                         7.76 kB Γöé gzip:   4.05 kB
build/server/assets/durable-resume-wP2Jq4s5.js                    7.84 kB Γöé gzip:   3.49 kB
build/server/assets/blueprint-installer-Chn4l1sJ.js               7.85 kB Γöé gzip:   3.11 kB
build/server/assets/solarized-dark-B-fkqAao.js                    7.86 kB Γöé gzip:   1.90 kB
build/server/assets/scheme-D3A2QBtM.js                            7.86 kB Γöé gzip:   2.10 kB
build/server/assets/durable-resume-Buock0Zp.js                    7.88 kB Γöé gzip:   3.28 kB
build/server/assets/min-light-CDaI5faR.js                         7.88 kB Γöé gzip:   1.99 kB
build/server/assets/blueprint-installer-1yDBjAFa.js               7.92 kB Γöé gzip:   3.21 kB
build/server/assets/blueprint-installer-bY1pGF6Q.js               7.96 kB Γöé gzip:   3.28 kB
build/server/assets/qss-Iltvkn1C.js                               7.97 kB Γöé gzip:   2.62 kB
build/server/assets/audit-log-DrIH2Jry.js                         7.99 kB Γöé gzip:   3.39 kB
build/server/assets/voice-input-DidWIStW.js                       8.03 kB Γöé gzip:   3.98 kB
build/server/assets/durable-resume-8ItMTflq.js                    8.06 kB Γöé gzip:   3.44 kB
build/server/assets/voice-input-ZxpAw97q.js                       8.08 kB Γöé gzip:   3.96 kB
build/server/assets/internationalization-CQGE8AHp.js              8.12 kB Γöé gzip:   3.15 kB
build/server/assets/soy-YrWbY1Xx.js                               8.12 kB Γöé gzip:   1.75 kB
build/server/assets/processors-CovaQLI2.js                        8.15 kB Γöé gzip:   3.28 kB
build/server/assets/processors-CP4Di4ww.js                        8.16 kB Γöé gzip:   3.39 kB
build/server/assets/processors-B-LfLcFL.js                        8.16 kB Γöé gzip:   3.11 kB
build/server/assets/human-approval-CO9WCbpO.js                    8.19 kB Γöé gzip:   3.99 kB
build/server/assets/human-approval-Cbo-Nx60.js                    8.19 kB Γöé gzip:   3.99 kB
build/server/assets/using-your-agent-CBL9DD7z.js                  8.29 kB Γöé gzip:   3.15 kB
build/server/assets/processors-DLPWHz_h.js                        8.32 kB Γöé gzip:   3.12 kB
build/server/assets/observational-memory-B91DifHV.js              8.33 kB Γöé gzip:   3.73 kB
build/server/assets/observational-memory-SUb6nJpO.js              8.36 kB Γöé gzip:   3.74 kB
build/server/assets/automation-connectors-BjVwkAsZ.js             8.40 kB Γöé gzip:   3.42 kB
build/server/assets/voice-input-CidCleBA.js                       8.43 kB Γöé gzip:   3.39 kB
build/server/assets/processors-BSV57O27.js                        8.45 kB Γöé gzip:   3.26 kB
build/server/assets/using-your-agent-DfOh6kQh.js                  8.50 kB Γöé gzip:   3.39 kB
build/server/assets/systemd-DFbUltlW.js                           8.58 kB Γöé gzip:   2.58 kB
build/server/assets/human-approval-CSjOnoNm.js                    8.73 kB Γöé gzip:   3.43 kB
build/server/assets/audit-log-D1fkucLv.js                         8.78 kB Γöé gzip:   3.67 kB
build/server/assets/toolkit-collaboration-D1qRJK0x.js             8.86 kB Γöé gzip:   2.57 kB
build/server/assets/audit-log-CgStdbws.js                         8.90 kB Γöé gzip:   3.75 kB
build/server/assets/durable-resume-DB0z1yY8.js                    8.96 kB Γöé gzip:   3.72 kB
build/server/assets/processors-BivIDwc0.js                        8.98 kB Γöé gzip:   3.59 kB
build/server/assets/observational-memory-BVbzZkBf.js              8.99 kB Γöé gzip:   3.20 kB
build/server/assets/voice-input-DQDbmRQq.js                       8.99 kB Γöé gzip:   3.66 kB
build/server/assets/monokai-DQa6cyng.js                           9.01 kB Γöé gzip:   2.03 kB
build/server/assets/voice-input-LJNPqliS.js                       9.02 kB Γöé gzip:   3.65 kB
build/server/assets/plsql-DCNXypXO.js                             9.03 kB Γöé gzip:   3.03 kB
build/server/assets/human-approval-C575D8zU.js                    9.09 kB Γöé gzip:   3.62 kB
build/server/assets/blueprint-installer--I9hYnbo.js               9.13 kB Γöé gzip:   3.24 kB
build/server/assets/regexp-2wx28OP_.js                            9.14 kB Γöé gzip:   1.63 kB
build/server/assets/agent-web-surfaces-DcSvHLjk.js                9.15 kB Γöé gzip:   4.11 kB
build/server/assets/agent-web-surfaces-CuGYUMyT.js                9.16 kB Γöé gzip:   4.09 kB
build/server/assets/audit-log-CRirLKGH.js                         9.21 kB Γöé gzip:   4.19 kB
build/server/assets/voice-input-Dl-Kihik.js                       9.26 kB Γöé gzip:   3.98 kB
build/server/assets/blueprint-installer-qM0M5O44.js               9.30 kB Γöé gzip:   3.52 kB
build/server/assets/audit-log-l014dsdl.js                         9.31 kB Γöé gzip:   4.01 kB
build/server/assets/voice-input-BqJpXuiZ.js                       9.31 kB Γöé gzip:   3.86 kB
build/server/assets/audit-log-BhPekzHg.js                         9.39 kB Γöé gzip:   3.93 kB
build/server/assets/human-approval-D2wURQKK.js                    9.41 kB Γöé gzip:   3.73 kB
build/server/assets/voice-input-DaQ9tvOh.js                       9.41 kB Γöé gzip:   3.82 kB
build/server/assets/cli-adapters-CfP3xTjh.js                      9.42 kB Γöé gzip:   3.05 kB
build/server/assets/typst-BV9w0z8-.js                             9.44 kB Γöé gzip:   1.72 kB
build/server/assets/agent-web-surfaces-BblZSGS8.js                9.47 kB Γöé gzip:   3.54 kB
build/server/assets/processors-C9t6_Y6Y.js                        9.53 kB Γöé gzip:   3.54 kB
build/server/assets/file-uploads-B0goE7le.js                      9.62 kB Γöé gzip:   3.00 kB
build/server/assets/durable-resume-BrTyPLPv.js                    9.65 kB Γöé gzip:   3.57 kB
build/server/assets/dart-C6DUdjib.js                              9.67 kB Γöé gzip:   2.06 kB
build/server/assets/vue-html-BI7VFaOy.js                          9.68 kB Γöé gzip:   1.81 kB
build/server/assets/progress-x6Io6DIe.js                          9.69 kB Γöé gzip:   4.37 kB
build/server/assets/human-approval-CQZZiic2.js                    9.69 kB Γöé gzip:   3.91 kB
build/server/assets/progress-Df1kSz78.js                          9.70 kB Γöé gzip:   4.35 kB
build/server/assets/haml-CtKEyCdo.js                              9.70 kB Γöé gzip:   2.03 kB
build/server/assets/sas-B-GOgrA1.js                               9.74 kB Γöé gzip:   3.94 kB
build/server/assets/template-chat-C8T8lCeS.js                     9.75 kB Γöé gzip:   4.38 kB
build/server/assets/observational-memory-xycs6o2d.js              9.77 kB Γöé gzip:   3.47 kB
build/server/assets/progress-C6-IdOIH.js                          9.81 kB Γöé gzip:   3.74 kB
build/server/assets/template-chat-CfckdXVT.js                     9.82 kB Γöé gzip:   4.37 kB
build/server/assets/pieDiagram-4H26LBE5-C_d9TCSj.js               9.84 kB Γöé gzip:   3.21 kB
build/server/assets/kotlin-BHE8CoV9.js                            9.85 kB Γöé gzip:   2.19 kB
build/server/assets/human-approval-CgFjWvu3.js                    9.89 kB Γöé gzip:   3.99 kB
build/server/assets/agent-mentions-BGvNskqG.js                    9.89 kB Γöé gzip:   4.34 kB
build/server/assets/horizon-Bl_RvoqN.js                           9.93 kB Γöé gzip:   2.07 kB
build/server/assets/observational-memory-UJdfswav.js              9.93 kB Γöé gzip:   3.81 kB
build/server/assets/human-approval-Ch2eP3rY.js                    9.94 kB Γöé gzip:   4.03 kB
build/server/assets/agent-mentions-DC5ovA8l.js                    9.96 kB Γöé gzip:   4.33 kB
build/server/assets/horizon-bright-D_GJrKj3.js                    9.96 kB Γöé gzip:   2.08 kB
build/server/assets/template-chat-BQCX2Yim.js                     9.99 kB Γöé gzip:   3.76 kB
build/server/assets/make-B2ukzWs3.js                             10.02 kB Γöé gzip:   1.81 kB
build/server/assets/andromeeda-DNBXg3Cf.js                       10.05 kB Γöé gzip:   2.48 kB
build/server/assets/observational-memory-CFuhH0yt.js             10.08 kB Γöé gzip:   3.54 kB
build/server/assets/multi-tenancy-BvgCJoHF.js                    10.08 kB Γöé gzip:   2.96 kB
build/server/assets/jami-studio-toolkit-B2QvFh0b.js              10.12 kB Γöé gzip:   3.19 kB
build/server/assets/jami-studio-toolkit-BbIP-tkj.js              10.12 kB Γöé gzip:   3.19 kB
build/server/assets/jami-studio-toolkit-BqIDBJbG.js              10.12 kB Γöé gzip:   3.19 kB
build/server/assets/jami-studio-toolkit-CCqNArV7.js              10.12 kB Γöé gzip:   3.19 kB
build/server/assets/jami-studio-toolkit-CpSGgXe2.js              10.12 kB Γöé gzip:   3.19 kB
build/server/assets/jami-studio-toolkit-DEHVta_0.js              10.12 kB Γöé gzip:   3.19 kB
build/server/assets/jami-studio-toolkit-DMK5jxfS.js              10.12 kB Γöé gzip:   3.19 kB
build/server/assets/jami-studio-toolkit-DZd72UVx.js              10.12 kB Γöé gzip:   3.19 kB
build/server/assets/jami-studio-toolkit-DZy1Jjbi.js              10.12 kB Γöé gzip:   3.19 kB
build/server/assets/jami-studio-toolkit-DoAIgAL4.js              10.12 kB Γöé gzip:   3.19 kB
build/server/assets/cmake-DPsCB_V6.js                            10.14 kB Γöé gzip:   3.42 kB
build/server/assets/toolkit-sharing-CAxCA2yZ.js                  10.17 kB Γöé gzip:   2.91 kB
build/server/assets/observational-memory-CBbvUzvN.js             10.23 kB Γöé gzip:   3.77 kB
build/server/assets/observational-memory-CeYBzkXK.js             10.23 kB Γöé gzip:   3.70 kB
build/server/assets/dark-plus-BV8d9RMO.js                        10.26 kB Γöé gzip:   2.23 kB
build/server/assets/agent-web-surfaces-Dx-WR-Mf.js               10.28 kB Γöé gzip:   3.90 kB
build/server/assets/frames-BDRKaQfn.js                           10.30 kB Γöé gzip:   4.61 kB
build/server/assets/slack-dark-sMHK0Zzp.js                       10.31 kB Γöé gzip:   2.08 kB
build/server/assets/defaultLocale-5iMEeW9r.js                    10.36 kB Γöé gzip:   2.94 kB
build/server/assets/voice-input-BslIpjx5.js                      10.41 kB Γöé gzip:   4.24 kB
build/server/assets/plastic-C1uCvfmU.js                          10.41 kB Γöé gzip:   2.09 kB
build/server/assets/agent-web-surfaces-C5ANBGJU.js               10.42 kB Γöé gzip:   4.19 kB
build/server/assets/frames-C9x9wH8R.js                           10.43 kB Γöé gzip:   4.60 kB
build/server/assets/sass-DI2zJwx7.js                             10.43 kB Γöé gzip:   2.55 kB
build/server/assets/progress-CLjoK3d9.js                         10.43 kB Γöé gzip:   4.09 kB
build/server/assets/diagram-2AECGRRQ-Du2oYbMj.js                 10.43 kB Γöé gzip:   3.17 kB
build/server/assets/si-LK-N5RQ5JYF-DSvxthRX.js                   10.46 kB Γöé gzip:   3.65 kB
build/server/assets/az-AZ-76LH7QW2-De2tGWCA.js                   10.49 kB Γöé gzip:   3.88 kB
build/server/assets/agent-web-surfaces-DQoTuXsS.js               10.50 kB Γöé gzip:   4.10 kB
build/server/assets/tex-DkPPYOpM.js                              10.51 kB Γöé gzip:   3.19 kB
build/server/assets/internationalization-DAgIhjG-.js             10.54 kB Γöé gzip:   3.34 kB
build/server/assets/progress-3oZyh6hF.js                         10.56 kB Γöé gzip:   4.14 kB
build/server/assets/agent-web-surfaces-DeWZcD7c.js               10.59 kB Γöé gzip:   3.92 kB
build/server/assets/progress-DlLiBeDc.js                         10.66 kB Γöé gzip:   4.30 kB
build/server/assets/agent-web-surfaces-D_tjWTBE.js               10.69 kB Γöé gzip:   4.04 kB
build/server/assets/slack-ochin-g5IBrGDc.js                      10.72 kB Γöé gzip:   2.21 kB
build/server/assets/durable-background-runs-Bfgdaknq.js          10.72 kB Γöé gzip:   4.65 kB
build/server/assets/audit-log-CqYYM0VX.js                        10.75 kB Γöé gzip:   4.11 kB
build/server/assets/progress-0xJH_ZBb.js                         10.75 kB Γöé gzip:   4.27 kB
build/server/assets/voice-input-DQCYEmCG.js                      10.76 kB Γöé gzip:   4.07 kB
build/server/assets/toolkit-ui-Bi8-fOMu.js                       10.78 kB Γöé gzip:   3.20 kB
build/server/assets/template-chat-D6gNsfY6.js                    10.88 kB Γöé gzip:   4.06 kB
build/server/assets/evals-CxwGXhib.js                            10.90 kB Γöé gzip:   4.53 kB
build/server/assets/evals-F7TIrEWw.js                            10.91 kB Γöé gzip:   4.52 kB
build/server/assets/agent-mentions-C5L9O5NM.js                   10.91 kB Γöé gzip:   4.06 kB
build/server/assets/progress-BoaBn6EW.js                         10.95 kB Γöé gzip:   4.48 kB
build/server/assets/zh-HK-E62DVLB3-BN8JpEwA.js                   10.96 kB Γöé gzip:   4.38 kB
build/server/assets/audit-log-DaTuNmnx.js                        10.96 kB Γöé gzip:   4.44 kB
build/server/assets/template-chat-DrWjADgC.js                    10.97 kB Γöé gzip:   4.26 kB
build/server/assets/template-chat-Bh4ZCibv.js                    11.00 kB Γöé gzip:   4.14 kB
build/server/assets/jami-studio-toolkit-CexK2J_e.js              11.02 kB Γöé gzip:   3.43 kB
build/server/assets/template-chat-DOqHPizC.js                    11.05 kB Γöé gzip:   4.42 kB
build/server/assets/human-approval-0tBpzHlE.js                   11.09 kB Γöé gzip:   4.27 kB
build/server/assets/raku-DI9yGpeW.js                             11.09 kB Γöé gzip:   3.00 kB
build/server/assets/jison-DhQHC-l9.js                            11.11 kB Γöé gzip:   2.01 kB
build/server/assets/agent-mentions-DmYbbUtU.js                   11.12 kB Γöé gzip:   4.04 kB
build/server/assets/light-plus-CIdke45j.js                       11.16 kB Γöé gzip:   2.39 kB
build/server/assets/agent-mentions-D90ZYw8U.js                   11.21 kB Γöé gzip:   4.08 kB
build/server/assets/template-chat-XFJCxwPr.js                    11.26 kB Γöé gzip:   4.17 kB
build/server/assets/observational-memory-BI0ridn-.js             11.31 kB Γöé gzip:   4.15 kB
build/server/assets/agent-mentions-KdBR8VeQ.js                   11.35 kB Γöé gzip:   4.30 kB
build/server/assets/frames-olK24Kui.js                           11.35 kB Γöé gzip:   4.24 kB
build/server/assets/hcl-DHg_Osgo.js                              11.38 kB Γöé gzip:   1.99 kB
build/server/assets/durable-background-runs-DN9uRxO_.js          11.46 kB Γöé gzip:   4.21 kB
build/server/assets/agent-mentions-l0Bccpg9.js                   11.47 kB Γöé gzip:   4.19 kB
build/server/assets/pkl-C7lWzykI.js                              11.50 kB Γöé gzip:   1.43 kB
build/server/assets/generative-ui-BpOtwWof.js                    11.52 kB Γöé gzip:   4.34 kB
build/server/assets/agent-mentions-C5ODKi11.js                   11.55 kB Γöé gzip:   4.47 kB
build/server/assets/human-approval-DJ9CyMUH.js                   11.60 kB Γöé gzip:   4.21 kB
build/server/assets/dream-maker-CngiPd8U.js                      11.65 kB Γöé gzip:   2.32 kB
build/server/assets/writing-agent-instructions-CAjk_qDv.js       11.69 kB Γöé gzip:   5.47 kB
build/server/assets/recurring-jobs-E9pV5uKD.js                   11.71 kB Γöé gzip:   4.95 kB
build/server/assets/recurring-jobs-D99Wutyk.js                   11.71 kB Γöé gzip:   4.96 kB
build/server/assets/beancount-CXtOQ8oS.js                        11.75 kB Γöé gzip:   1.49 kB
build/server/assets/writing-agent-instructions-Dn3Dk7ew.js       11.75 kB Γöé gzip:   5.51 kB
build/server/assets/frames-C5YkcmyE.js                           11.76 kB Γöé gzip:   4.67 kB
build/server/assets/nextflow-groovy-CdFFX-gF.js                  11.82 kB Γöé gzip:   2.19 kB
build/server/assets/progress-K2Rwa4DP.js                         11.84 kB Γöé gzip:   4.72 kB
build/server/assets/observational-memory-CJYm-osY.js             11.85 kB Γöé gzip:   4.01 kB
build/server/assets/yaml-D2asx46c.js                             11.87 kB Γöé gzip:   2.47 kB
build/server/assets/prolog-Bacii3Ue.js                           11.89 kB Γöé gzip:   3.88 kB
build/server/assets/frames-BgNK4FY9.js                           11.91 kB Γöé gzip:   4.31 kB
build/server/assets/frames-BWFJRMIV.js                           11.92 kB Γöé gzip:   4.37 kB
build/server/assets/progress-CPx9juGl.js                         11.92 kB Γöé gzip:   4.55 kB
build/server/assets/SearchModal-DEPm-n7X.js                      11.92 kB Γöé gzip:   3.31 kB
build/server/assets/rst-Dt81I3-x.js                              11.98 kB Γöé gzip:   2.43 kB
build/server/assets/kk-KZ-P5N5QNE5-DQEJp2OS.js                   12.00 kB Γöé gzip:   4.49 kB
build/server/assets/agent-web-surfaces-CWaZyNB3.js               12.02 kB Γöé gzip:   4.48 kB
build/server/assets/kaa-6HZHGXH3-ISZSut7a.js                     12.04 kB Γöé gzip:   4.46 kB
build/server/assets/evals-C68giyBL.js                            12.06 kB Γöé gzip:   4.06 kB
build/server/assets/evals-CvdejXtY.js                            12.07 kB Γöé gzip:   4.19 kB
build/server/assets/agent-web-surfaces-_hfKSm2G.js               12.10 kB Γöé gzip:   4.28 kB
build/server/assets/evals-BH4rAxBN.js                            12.12 kB Γöé gzip:   4.58 kB
build/server/assets/using-your-agent-BFJE0lK4.js                 12.17 kB Γöé gzip:   3.49 kB
build/server/assets/recurring-jobs-VVl55Ci0.js                   12.18 kB Γöé gzip:   4.31 kB
build/server/assets/frames-C2puxlEa.js                           12.19 kB Γöé gzip:   4.52 kB
build/server/assets/gherkin-D6Lr12YQ.js                          12.24 kB Γöé gzip:   5.08 kB
build/server/assets/evals-D2I22caI.js                            12.27 kB Γöé gzip:   4.25 kB
build/server/assets/evals-Dmz6pIy6.js                            12.27 kB Γöé gzip:   4.30 kB
build/server/assets/frames-nxpw6dXj.js                           12.31 kB Γöé gzip:   4.78 kB
build/server/assets/just-BQN3MfKk.js                             12.37 kB Γöé gzip:   2.76 kB
build/server/assets/evals-VmTsBecI.js                            12.38 kB Γöé gzip:   4.42 kB
build/server/assets/cloneable-saas-Cj5j8lzF.js                   12.40 kB Γöé gzip:   5.39 kB
build/server/assets/workspace-management-BYYlAI3T.js             12.43 kB Γöé gzip:   5.29 kB
build/server/assets/processors-KGBfJ4O5.js                       12.44 kB Γöé gzip:   3.76 kB
build/server/assets/workspace-management-CUWwSgiV.js             12.45 kB Γöé gzip:   5.27 kB
build/server/assets/writing-agent-instructions-B5kwRMBh.js       12.48 kB Γöé gzip:   4.65 kB
build/server/assets/elm-D1ROt7i-.js                              12.52 kB Γöé gzip:   2.23 kB
build/server/assets/cloneable-saas-D2JYyPIv.js                   12.54 kB Γöé gzip:   5.40 kB
build/server/assets/cloneable-saas-D7Y9nLAg.js                   12.58 kB Γöé gzip:   4.67 kB
build/server/assets/laserwave-BXwWHjxU.js                        12.62 kB Γöé gzip:   2.70 kB
build/server/assets/github-light-Dpv_LVW7.js                     12.66 kB Γöé gzip:   2.63 kB
build/server/assets/template-chat-BDGzpe5U.js                    12.73 kB Γöé gzip:   4.66 kB
build/server/assets/terraform-v0KN9QQh.js                        12.77 kB Γöé gzip:   2.58 kB
build/server/assets/puppet-CQlPp728.js                           12.80 kB Γöé gzip:   2.16 kB
build/server/assets/github-dark-wqSGKWei.js                      12.89 kB Γöé gzip:   2.66 kB
build/server/assets/template-chat-JzG6279h.js                    12.92 kB Γöé gzip:   4.52 kB
build/server/assets/linear-uRCl4vXY.js                           12.95 kB Γöé gzip:   3.40 kB
build/server/assets/agent-mentions-BS8P7YzU.js                   13.12 kB Γöé gzip:   4.51 kB
build/server/assets/agent-mentions-jCTads3e.js                   13.18 kB Γöé gzip:   4.66 kB
build/server/assets/onboarding-C_6-x61E.js                       13.21 kB Γöé gzip:   5.75 kB
build/server/assets/onboarding-OGpl6Du0.js                       13.21 kB Γöé gzip:   5.81 kB
build/server/assets/wasm-gNIKwGlD.js                             13.23 kB Γöé gzip:   2.22 kB
build/server/assets/recurring-jobs-DcvgBwYD.js                   13.28 kB Γöé gzip:   4.69 kB
build/server/assets/getting-started-B7qS7QkR.js                  13.33 kB Γöé gzip:   5.29 kB
build/server/assets/apache-BIl2qPOf.js                           13.38 kB Γöé gzip:   3.76 kB
build/server/assets/recurring-jobs-BsVgljdn.js                   13.39 kB Γöé gzip:   4.98 kB
build/server/assets/getting-started-BRUmA6Cq.js                  13.39 kB Γöé gzip:   5.30 kB
build/server/assets/evals-ChJBoVzn.js                            13.46 kB Γöé gzip:   4.70 kB
build/server/assets/hjson-Cuaphql8.js                            13.51 kB Γöé gzip:   1.70 kB
build/server/assets/cloneable-saas-LaPjuAo0.js                   13.51 kB Γöé gzip:   4.98 kB
build/server/assets/recurring-jobs-CnbcaevC.js                   13.54 kB Γöé gzip:   4.71 kB
build/server/assets/workspace-management-DVOSquIE.js             13.54 kB Γöé gzip:   4.60 kB
build/server/assets/evals-EbXS59QT.js                            13.56 kB Γöé gzip:   4.61 kB
build/server/assets/blueprint-installer-CJeYxOdf.js              13.56 kB Γöé gzip:   3.58 kB
build/server/assets/cloneable-saas-DijN7qd9.js                   13.65 kB Γöé gzip:   5.02 kB
build/server/assets/database-rH1BktN6.js                         13.67 kB Γöé gzip:   5.82 kB
build/server/assets/getting-started-TNbp8mef.js                  13.68 kB Γöé gzip:   4.82 kB
build/server/assets/recurring-jobs-BtGMgzSr.js                   13.69 kB Γöé gzip:   4.93 kB
build/server/assets/durable-resume-DRnlO6hJ.js                   13.72 kB Γöé gzip:   3.88 kB
build/server/assets/database-DjGkBZYc.js                         13.76 kB Γöé gzip:   5.80 kB
build/server/assets/getting-started-D4iwUNAe.js                  13.79 kB Γöé gzip:   4.81 kB
build/server/assets/template-forms-B-WsxkGL.js                   13.82 kB Γöé gzip:   5.10 kB
build/server/assets/template-forms-OXbN7ZcA.js                   13.85 kB Γöé gzip:   5.09 kB
build/server/assets/getting-started-BkMaXKrN.js                  13.87 kB Γöé gzip:   4.93 kB
build/server/assets/recurring-jobs-Ct1zNMeM.js                   13.90 kB Γöé gzip:   4.86 kB
build/server/assets/vesper-B1_8OxTj.js                           13.95 kB Γöé gzip:   2.10 kB
build/server/assets/handlebars-CodxTUmu.js                       13.96 kB Γöé gzip:   2.54 kB
build/server/assets/fish-D7qAeWQz.js                             13.97 kB Γöé gzip:   1.78 kB
build/server/assets/writing-agent-instructions-XjQljw5A.js       13.99 kB Γöé gzip:   5.62 kB
build/server/assets/writing-agent-instructions-DbfLi_3o.js       13.99 kB Γöé gzip:   5.17 kB
build/server/assets/frames-CCZu1YMF.js                           14.01 kB Γöé gzip:   5.01 kB
build/server/assets/getting-started-7M47bbrt.js                  14.01 kB Γöé gzip:   4.90 kB
build/server/assets/onboarding-Du939z58.js                       14.07 kB Γöé gzip:   5.01 kB
build/server/assets/template-forms-gme6uxLm.js                   14.10 kB Γöé gzip:   4.36 kB
build/server/assets/bat-hQslfzu-.js                              14.18 kB Γöé gzip:   3.28 kB
build/server/assets/cloneable-saas-GX2JwlDZ.js                   14.19 kB Γöé gzip:   5.33 kB
build/server/assets/getting-started-fHwLItZ7.js                  14.23 kB Γöé gzip:   5.24 kB
build/server/assets/workspace-management-TsPwsEim.js             14.25 kB Γöé gzip:   5.49 kB
build/server/assets/sandbox-adapters-CWTwP20_.js                 14.32 kB Γöé gzip:   5.21 kB
build/server/assets/frames-BoxwFMxD.js                           14.37 kB Γöé gzip:   4.81 kB
build/server/assets/sandbox-adapters-Dn_Dp-yd.js                 14.39 kB Γöé gzip:   6.36 kB
build/server/assets/workspace-management-BoSIEB19.js             14.43 kB Γöé gzip:   5.29 kB
build/server/assets/lt-LT-XHIRWOB4-1JXhk2l9.js                   14.44 kB Γöé gzip:   5.69 kB
build/server/assets/sandbox-adapters-BhG7tNLh.js                 14.45 kB Γöé gzip:   6.36 kB
build/server/assets/cloneable-saas-CkOaSs4t.js                   14.48 kB Γöé gzip:   5.55 kB
build/server/assets/writing-agent-instructions-BqCR5JJ4.js       14.51 kB Γöé gzip:   5.25 kB
build/server/assets/cloneable-saas-BpmArdCc.js                   14.52 kB Γöé gzip:   5.26 kB
build/server/assets/writing-agent-instructions-DEgX_fjn.js       14.58 kB Γöé gzip:   5.56 kB
build/server/assets/notifications-DtIascRZ.js                    14.60 kB Γöé gzip:   5.50 kB
build/server/assets/notifications-x7izZdYW.js                    14.64 kB Γöé gzip:   5.49 kB
build/server/assets/getting-started-CDmCYejX.js                  14.67 kB Γöé gzip:   5.35 kB
build/server/assets/agent-teams-CNYJxIi7.js                      14.68 kB Γöé gzip:   5.78 kB
build/server/assets/agent-teams-CZapGmZH.js                      14.69 kB Γöé gzip:   5.78 kB
build/server/assets/faq-CGhAFFLc.js                              14.70 kB Γöé gzip:   6.44 kB
build/server/assets/faq-DOhZ0LLj.js                              14.77 kB Γöé gzip:   6.42 kB
build/server/assets/getting-started-bBBRphBb.js                  14.80 kB Γöé gzip:   5.17 kB
build/server/assets/v-DfbeXLo8.js                                14.88 kB Γöé gzip:   2.79 kB
build/server/assets/onboarding-DGowIemx.js                       14.91 kB Γöé gzip:   5.44 kB
build/server/assets/sharing-BIccOQcG.js                          14.93 kB Γöé gzip:   6.23 kB
build/server/assets/writing-agent-instructions-WcmS3F_I.js       14.93 kB Γöé gzip:   5.45 kB
build/server/assets/onboarding-8kIk15Sa.js                       14.98 kB Γöé gzip:   5.79 kB
build/server/assets/sharing-B4iw5AJr.js                          15.01 kB Γöé gzip:   6.24 kB
build/server/assets/aurora-x-BTj5emsn.js                         15.02 kB Γöé gzip:   2.40 kB
build/server/assets/workspace-management-DOGnttab.js             15.07 kB Γöé gzip:   5.12 kB
build/server/assets/recurring-jobs-DQANiq9p.js                   15.07 kB Γöé gzip:   5.29 kB
build/server/assets/agent-teams-BRJoVmw5.js                      15.14 kB Γöé gzip:   4.98 kB
build/server/assets/template-forms-f0iFTd4W.js                   15.17 kB Γöé gzip:   5.09 kB
build/server/assets/workspace-management-DBpWXOHH.js             15.20 kB Γöé gzip:   5.09 kB
build/server/assets/audit-log-BAgvihQe.js                        15.22 kB Γöé gzip:   4.51 kB
build/server/assets/onboarding-CR7JXOns.js                       15.26 kB Γöé gzip:   5.49 kB
build/server/assets/vitesse-light-B7AfjFlt.js                    15.32 kB Γöé gzip:   3.17 kB
build/server/assets/template-forms-BPzLytVB.js                   15.38 kB Γöé gzip:   4.74 kB
build/server/assets/vitesse-black-CBEAmYDv.js                    15.39 kB Γöé gzip:   3.21 kB
build/server/assets/database-D95pSCoh.js                         15.42 kB Γöé gzip:   5.51 kB
build/server/assets/template-forms-j-SV4-QS.js                   15.43 kB Γöé gzip:   4.83 kB
build/server/assets/onboarding-CjzpJ1xg.js                       15.46 kB Γöé gzip:   5.72 kB
build/server/assets/progress-7ddakMQ7.js                         15.47 kB Γöé gzip:   4.80 kB
build/server/assets/vitesse-dark-DZUyO5Zh.js                     15.47 kB Γöé gzip:   3.21 kB
build/server/assets/recurring-jobs-BNEeLbbx.js                   15.48 kB Γöé gzip:   5.20 kB
build/server/assets/database-DlG-M5ap.js                         15.54 kB Γöé gzip:   5.54 kB
build/server/assets/notifications-hxBJF3eI.js                    15.58 kB Γöé gzip:   4.82 kB
build/server/assets/database-Ctzlomye.js                         15.61 kB Γöé gzip:   5.80 kB
build/server/assets/template-forms-CyLIFp5U.js                   15.69 kB Γöé gzip:   5.01 kB
build/server/assets/native-chat-ui-B0K5z60H.js                   15.73 kB Γöé gzip:   6.02 kB
build/server/assets/voice-input-CycUnUPA.js                      15.75 kB Γöé gzip:   4.43 kB
build/server/assets/native-chat-ui-B2cfN26E.js                   15.76 kB Γöé gzip:   6.02 kB
build/server/assets/database-D37e35ws.js                         15.78 kB Γöé gzip:   5.92 kB
build/server/assets/synthwave-84-Ds6SSNPY.js                     15.78 kB Γöé gzip:   2.99 kB
build/server/assets/notifications-C5R9gJFc.js                    15.80 kB Γöé gzip:   5.09 kB
build/server/assets/clarity-2iIoRiLx.js                          15.82 kB Γöé gzip:   2.52 kB
build/server/assets/pug-CFBOLEXd.js                              15.87 kB Γöé gzip:   2.75 kB
build/server/assets/workspace-management-DnzCchD6.js             15.89 kB Γöé gzip:   5.35 kB
build/server/assets/database-qw3I-mKD.js                         15.92 kB Γöé gzip:   5.68 kB
build/server/assets/github-light-default-Dq5VTnWp.js             15.94 kB Γöé gzip:   3.17 kB
build/server/assets/notifications-mVKSnxst.js                    15.95 kB Γöé gzip:   5.48 kB
build/server/assets/template-forms-D2ZafkrU.js                   15.95 kB Γöé gzip:   4.97 kB
build/server/assets/vi-VN-M7AON7JQ-CmKdymBK.js                   15.96 kB Γöé gzip:   6.23 kB
build/server/assets/drop-in-agent-BDArkN74.js                    15.97 kB Γöé gzip:   6.83 kB
build/server/assets/human-approval-n174zG_W.js                   15.97 kB Γöé gzip:   4.50 kB
build/server/assets/onboarding-WQ0lKm_l.js                       15.98 kB Γöé gzip:   5.78 kB
build/server/assets/drop-in-agent-Bwxc5ZnI.js                    15.99 kB Γöé gzip:   6.82 kB
build/server/assets/faq-DHZAC_KO.js                              16.05 kB Γöé gzip:   5.98 kB
build/server/assets/sharing-aLi9Kaq0.js                          16.05 kB Γöé gzip:   5.43 kB
build/server/assets/faq-B4Gc6ckQ.js                              16.05 kB Γöé gzip:   5.95 kB
build/server/assets/github-light-high-contrast-B_kshfvR.js       16.09 kB Γöé gzip:   3.16 kB
build/server/assets/template-chat-DAVvs8h_.js                    16.15 kB Γöé gzip:   4.83 kB
build/server/assets/database-Bp8a5wY_.js                         16.16 kB Γöé gzip:   5.81 kB
build/server/assets/notifications-CNJdMbel.js                    16.16 kB Γöé gzip:   5.16 kB
build/server/assets/github-dark-dimmed-C-e0ewAK.js               16.24 kB Γöé gzip:   3.26 kB
build/server/assets/github-dark-default-Bj4Gyo0Z.js              16.25 kB Γöé gzip:   3.27 kB
build/server/assets/kusto-6FdaWTzR.js                            16.28 kB Γöé gzip:   3.98 kB
build/server/assets/da-DK-5WZEPLOC-D07uleaB.js                   16.29 kB Γöé gzip:   6.37 kB
build/server/assets/gnuplot-DgWvVXI8.js                          16.30 kB Γöé gzip:   3.34 kB
build/server/assets/faq-Ca5EGl9M.js                              16.33 kB Γöé gzip:   5.99 kB
build/server/assets/agent-web-surfaces-BHC24qVV.js               16.34 kB Γöé gzip:   4.60 kB
build/server/assets/getting-started-BZyNW6HA.js                  16.38 kB Γöé gzip:   5.12 kB
build/server/assets/native-chat-ui-Bksf6Uc_.js                   16.44 kB Γöé gzip:   5.47 kB
build/server/assets/github-dark-high-contrast-BCmZMX_L.js        16.44 kB Γöé gzip:   3.22 kB
build/server/assets/sandbox-adapters-CZOZHzbR.js                 16.44 kB Γöé gzip:   6.01 kB
build/server/assets/cloneable-saas-BOdD9LKB.js                   16.45 kB Γöé gzip:   5.74 kB
build/server/assets/getting-started-HHz5ZN4Z.js                  16.45 kB Γöé gzip:   5.60 kB
build/server/assets/notifications-m2r8BG7R.js                    16.47 kB Γöé gzip:   5.42 kB
build/server/assets/drop-in-agent-CR8bEehY.js                    16.48 kB Γöé gzip:   5.78 kB
build/server/assets/observational-memory-Dq0egf8z.js             16.48 kB Γöé gzip:   4.25 kB
build/server/assets/agent-teams-DGA5KYwb.js                      16.52 kB Γöé gzip:   5.47 kB
build/server/assets/abap-LtYK6g-v.js                             16.58 kB Γöé gzip:   5.98 kB
build/server/assets/workspace-management-387mPDXH.js             16.58 kB Γöé gzip:   5.69 kB
build/server/assets/evals-_NOmroNc.js                            16.59 kB Γöé gzip:   4.84 kB
build/server/assets/notifications-BDRBy8Lb.js                    16.59 kB Γöé gzip:   5.28 kB
build/server/assets/faq-CGQaFM7K.js                              16.61 kB Γöé gzip:   6.29 kB
build/server/assets/doctor-BdQXHG32.js                           16.63 kB Γöé gzip:   5.21 kB
build/server/assets/template-calendar-CTLJehkk.js                16.68 kB Γöé gzip:   5.97 kB
build/server/assets/template-calendar-Cf9Ze1L6.js                16.73 kB Γöé gzip:   5.96 kB
build/server/assets/sandbox-adapters-Dq4Rz1Ld.js                 16.75 kB Γöé gzip:   6.05 kB
build/server/assets/sandbox-adapters-CfTbmiyD.js                 16.79 kB Γöé gzip:   6.39 kB
build/server/assets/writing-agent-instructions-Omnnn7pA.js       16.80 kB Γöé gzip:   6.05 kB
build/server/assets/agent-teams-0pguibXq.js                      16.86 kB Γöé gzip:   5.52 kB
build/server/assets/rust-COBzcmTx.js                             16.94 kB Γöé gzip:   2.78 kB
build/server/assets/template-forms-CVh4H3W7.js                   16.94 kB Γöé gzip:   5.36 kB
build/server/assets/actionscript-3-Czo0lKSf.js                   17.00 kB Γöé gzip:   2.73 kB
build/server/assets/sharing-NfSDp4GD.js                          17.06 kB Γöé gzip:   6.24 kB
build/server/assets/writing-agent-instructions-BQAxGPcG.js       17.07 kB Γöé gzip:   5.79 kB
build/server/assets/sandbox-adapters-Br0Zdq-r.js                 17.08 kB Γöé gzip:   6.56 kB
build/server/assets/agent-teams-DCu_Q36c.js                      17.13 kB Γöé gzip:   5.88 kB
build/server/assets/sharing-Bk3vbQD8.js                          17.15 kB Γöé gzip:   5.77 kB
build/server/assets/sandbox-adapters-ZT1z9rJ3.js                 17.20 kB Γöé gzip:   6.29 kB
build/server/assets/database-Bd144omJ.js                         17.20 kB Γöé gzip:   6.17 kB
build/server/assets/onboarding-C8oBPGNb.js                       17.21 kB Γöé gzip:   6.15 kB
build/server/assets/faq-BxUSXKrN.js                              17.22 kB Γöé gzip:   6.35 kB
build/server/assets/agent-teams-C40etsYX.js                      17.22 kB Γöé gzip:   5.87 kB
build/server/assets/sharing-1Pkc92dg.js                          17.23 kB Γöé gzip:   6.15 kB
build/server/assets/plan-plugin-rwaeXOGg.js                      17.24 kB Γöé gzip:   7.13 kB
build/server/assets/agent-mentions-D3SnOQfg.js                   17.25 kB Γöé gzip:   4.73 kB
build/server/assets/luau-YC4aaMmR.js                             17.26 kB Γöé gzip:   3.46 kB
build/server/assets/plan-plugin-B1H5vu1t.js                      17.31 kB Γöé gzip:   7.11 kB
build/server/assets/sharing-BiRAYkcP.js                          17.33 kB Γöé gzip:   5.85 kB
build/server/assets/notifications-D0nPiKdD.js                    17.35 kB Γöé gzip:   5.79 kB
build/server/assets/agent-teams-DxuA__-L.js                      17.36 kB Γöé gzip:   5.73 kB
build/server/assets/workspace-management-Dc9h2eIe.js             17.39 kB Γöé gzip:   5.58 kB
build/server/assets/template-calendar-DYQhnXBI.js                17.41 kB Γöé gzip:   5.29 kB
build/server/assets/cloneable-saas-BlCCRLBJ.js                   17.43 kB Γöé gzip:   5.61 kB
build/server/assets/cross-app-sso-DwWqy_xI.js                    17.50 kB Γöé gzip:   5.91 kB
build/server/assets/native-chat-ui-Drm2M4ES.js                   17.51 kB Γöé gzip:   5.73 kB
build/server/assets/cross-app-sso-B7scMfvm.js                    17.53 kB Γöé gzip:   6.75 kB
build/server/assets/native-chat-ui-BPbVoQu8.js                   17.55 kB Γöé gzip:   6.00 kB
build/server/assets/lua-CZkjc79w.js                              17.56 kB Γöé gzip:   3.38 kB
build/server/assets/th-TH-HPSO5L25--ICfYnIE.js                   17.56 kB Γöé gzip:   5.54 kB
build/server/assets/native-chat-ui-BQfMakmb.js                   17.58 kB Γöé gzip:   6.14 kB
build/server/assets/faq-LAcr6_vC.js                              17.61 kB Γöé gzip:   6.46 kB
build/server/assets/template-forms-B-ce-ydg.js                   17.64 kB Γöé gzip:   5.24 kB
build/server/assets/cross-app-sso-D-iVstFx.js                    17.69 kB Γöé gzip:   6.76 kB
build/server/assets/nix-C2F9-pv2.js                              17.70 kB Γöé gzip:   2.62 kB
build/server/assets/plan-plugin-D1UZTUs7.js                      17.71 kB Γöé gzip:   6.22 kB
build/server/assets/sharing-Cwni84hf.js                          17.72 kB Γöé gzip:   6.01 kB
build/server/assets/native-chat-ui-BSXyEZi9.js                   17.82 kB Γöé gzip:   5.79 kB
build/server/assets/nn-NO-6E72VCQL-CIozYoYy.js                   17.87 kB Γöé gzip:   7.05 kB
build/server/assets/zwitch-BRZDEjKP.js                           17.88 kB Γöé gzip:   5.68 kB
build/server/assets/drop-in-agent-vsMyGDvU.js                    17.91 kB Γöé gzip:   6.46 kB
build/server/assets/onboarding-Ci-p0H_M.js                       17.95 kB Γöé gzip:   6.00 kB
build/server/assets/matlab-CfRK6IMC.js                           17.96 kB Γöé gzip:   3.13 kB
build/server/assets/stateDiagram-AJRCARHV-DLugm0tf.js            18.00 kB Γöé gzip:   4.82 kB
build/server/assets/solidity-lB9VjfB9.js                         18.07 kB Γöé gzip:   3.19 kB
build/server/assets/database-C9Zmbvbh.js                         18.08 kB Γöé gzip:   6.05 kB
build/server/assets/notifications-CvbhM5Yv.js                    18.12 kB Γöé gzip:   5.73 kB
build/server/assets/native-chat-ui-BzA_iGRj.js                   18.21 kB Γöé gzip:   5.96 kB
build/server/assets/cue-B5KneM5p.js                              18.21 kB Γöé gzip:   2.12 kB
build/server/assets/drop-in-agent-UES5NJFX.js                    18.23 kB Γöé gzip:   6.49 kB
build/server/assets/elixir-Diwfkm43.js                           18.25 kB Γöé gzip:   2.90 kB
build/server/assets/drop-in-agent-CAdmv-iH.js                    18.28 kB Γöé gzip:   6.85 kB
build/server/assets/automations-Pqg8oRCP.js                      18.30 kB Γöé gzip:   6.65 kB
build/server/assets/automations-PFBZUbdL.js                      18.31 kB Γöé gzip:   6.67 kB
build/server/assets/template-calendar-r1vfs6qo.js                18.33 kB Γöé gzip:   5.56 kB
build/server/assets/template-calendar-BsPagPKa.js                18.39 kB Γöé gzip:   5.67 kB
build/server/assets/template-calendar-Chu1jkHW.js                18.49 kB Γöé gzip:   5.90 kB
build/server/assets/drop-in-agent-BW0ozFhI.js                    18.53 kB Γöé gzip:   6.75 kB
build/server/assets/odin-vjOJSyfV.js                             18.58 kB Γöé gzip:   3.00 kB
build/server/assets/nl-NL-IS3SIHDZ-C1Yxf4X-.js                   18.61 kB Γöé gzip:   7.25 kB
build/server/assets/template-calendar-CUSj1xaD.js                18.64 kB Γöé gzip:   6.00 kB
build/server/assets/tracking-B7Bw4CGM.js                         18.69 kB Γöé gzip:   8.41 kB
build/server/assets/harness-agents-uoCzPM3l.js                   18.76 kB Γöé gzip:   7.59 kB
build/server/assets/tracking-Dna2KHo7.js                         18.80 kB Γöé gzip:   6.92 kB
build/server/assets/tracking-CAaH2NQA.js                         18.83 kB Γöé gzip:   8.44 kB
build/server/assets/drop-in-agent-5JpChRB3.js                    18.84 kB Γöé gzip:   6.72 kB
build/server/assets/sharing-Py7NAtP6.js                          18.84 kB Γöé gzip:   6.53 kB
build/server/assets/kanagawa-wave-Crn2TUqT.js                    18.90 kB Γöé gzip:   3.04 kB
build/server/assets/kanagawa-lotus-BClNvl8Z.js                   18.91 kB Γöé gzip:   3.05 kB
build/server/assets/kanagawa-dragon-r0Z6NjW6.js                  18.91 kB Γöé gzip:   3.06 kB
build/server/assets/harness-agents-DcJK0-TI.js                   18.97 kB Γöé gzip:   7.56 kB
build/server/assets/template-calendar-BqjHnwbx.js                19.00 kB Γöé gzip:   5.86 kB
build/server/assets/ts-tags-Dv70ckg6.js                          19.03 kB Γöé gzip:   2.25 kB
build/server/assets/frames-C48O6GR3.js                           19.09 kB Γöé gzip:   5.04 kB
build/server/assets/template-mail-4Mle-hRO.js                    19.18 kB Γöé gzip:   6.22 kB
build/server/assets/plan-plugin-Dt8B7IiT.js                      19.27 kB Γöé gzip:   6.80 kB
build/server/assets/template-slides-BnmsPorP.js                  19.29 kB Γöé gzip:   7.03 kB
build/server/assets/observability-CSfl0d7U.js                    19.32 kB Γöé gzip:   8.08 kB
build/server/assets/template-slides-DLEdlBHa.js                  19.33 kB Γöé gzip:   7.00 kB
build/server/assets/harness-agents-Bb2G1ZxW.js                   19.34 kB Γöé gzip:   6.60 kB
build/server/assets/agent-teams-C4sWvno8.js                      19.37 kB Γöé gzip:   6.20 kB
build/server/assets/local-file-mode-B1EgSkLi.js                  19.37 kB Γöé gzip:   7.58 kB
build/server/assets/template-mail-BkBbzUJP.js                    19.39 kB Γöé gzip:   7.22 kB
build/server/assets/what-is-jami-CE8cRYIo.js                     19.43 kB Γöé gzip:   8.61 kB
build/server/assets/observability-CMxLTrUi.js                    19.45 kB Γöé gzip:   8.11 kB
build/server/assets/my-MM-5M5IBNSE-Rf-0Obrf.js                   19.45 kB Γöé gzip:   5.58 kB
build/server/assets/server-CetxlKJZ.js                           19.48 kB Γöé gzip:   7.04 kB
build/server/assets/sharing-CuwVaHeC.js                          19.48 kB Γöé gzip:   6.44 kB
build/server/assets/template-mail-CklblELg.js                    19.50 kB Γöé gzip:   7.21 kB
build/server/assets/what-is-jami-DfrIiF5M.js                     19.53 kB Γöé gzip:   8.59 kB
build/server/assets/local-file-mode-C1R3_P9-.js                  19.56 kB Γöé gzip:   7.56 kB
build/server/assets/sandbox-adapters-CMDvtKk-.js                 19.58 kB Γöé gzip:   6.73 kB
build/server/assets/server-QLAjdFdO.js                           19.61 kB Γöé gzip:   7.06 kB
build/server/assets/sandbox-adapters-CBL_2WXP.js                 19.65 kB Γöé gzip:   6.95 kB
build/server/assets/cross-app-sso-CAja69j8.js                    19.75 kB Γöé gzip:   6.47 kB
build/server/assets/plan-plugin-DJCZmOJU.js                      19.85 kB Γöé gzip:   6.89 kB
build/server/assets/automations-CNRBhV6I.js                      19.87 kB Γöé gzip:   6.20 kB
build/server/assets/native-chat-ui-CD-Oy612.js                   19.89 kB Γöé gzip:   6.37 kB
build/server/assets/template-analytics-DLew3DFw.js               19.90 kB Γöé gzip:   7.93 kB
build/server/assets/cross-app-sso-jdMf9B9n.js                    19.94 kB Γöé gzip:   6.73 kB
build/server/assets/mcp-protocol-C7rrdjI8.js                     19.97 kB Γöé gzip:   7.29 kB
build/server/assets/mcp-protocol-CddeYhN8.js                     19.98 kB Γöé gzip:   7.32 kB
build/server/assets/diagram-KO2AKTUF-4_zxHaDS.js                 20.00 kB Γöé gzip:   5.47 kB
build/server/assets/template-analytics-cKETXIfb.js               20.01 kB Γöé gzip:   7.94 kB
build/server/assets/server-BtVA3B_y.js                           20.05 kB Γöé gzip:   6.14 kB
build/server/assets/move-Dqi5fhOb.js                             20.06 kB Γöé gzip:   3.15 kB
build/server/assets/dispatch-B4IPb_RK.js                         20.08 kB Γöé gzip:   8.00 kB
build/server/assets/observability-Cl7KUi7n.js                    20.08 kB Γöé gzip:   7.04 kB
build/server/assets/mermaid-parser.core-DPe6KkGy.js              20.09 kB Γöé gzip:   3.89 kB
build/server/assets/hu-HU-A5ZG7DT2-fTBlRoW9.js                   20.12 kB Γöé gzip:   8.03 kB
build/server/assets/dispatch-CakFT1a-.js                         20.14 kB Γöé gzip:   7.99 kB
build/server/assets/faq-Bv2JLgOq.js                              20.18 kB Γöé gzip:   6.84 kB
build/server/assets/dispatch-CpFDR155.js                         20.18 kB Γöé gzip:   6.85 kB
build/server/assets/automations-CrkPIDhG.js                      20.19 kB Γöé gzip:   6.43 kB
build/server/assets/faq-Piy11cjp.js                              20.21 kB Γöé gzip:   6.61 kB
build/server/assets/agent-teams-BP2NjbZ8.js                      20.22 kB Γöé gzip:   6.10 kB
build/server/assets/plan-plugin-CT1pF7R8.js                      20.23 kB Γöé gzip:   7.34 kB
build/server/assets/fi-FI-Z5N7JZ37-ls18Te_j.js                   20.32 kB Γöé gzip:   7.89 kB
build/server/assets/native-chat-ui-9igUGJ0-.js                   20.33 kB Γöé gzip:   6.39 kB
build/server/assets/liquid-iwYGDsba.js                           20.33 kB Γöé gzip:   3.32 kB
build/server/assets/automations-BwnHGzfR.js                      20.36 kB Γöé gzip:   6.72 kB
build/server/assets/template-slides-CUJL3WYF.js                  20.38 kB Γöé gzip:   6.31 kB
build/server/assets/cross-app-sso-DTdwf4Dn.js                    20.39 kB Γöé gzip:   6.91 kB
build/server/assets/plan-plugin-ClinzJyH.js                      20.48 kB Γöé gzip:   7.32 kB
build/server/assets/plan-plugin-dORkCQzC.js                      20.49 kB Γöé gzip:   7.22 kB
build/server/assets/material-theme-C57jCkSm.js                   20.51 kB Γöé gzip:   3.24 kB
build/server/assets/material-theme-ocean-B03HAULZ.js             20.55 kB Γöé gzip:   3.27 kB
build/server/assets/material-theme-darker-B9xfi9CW.js            20.55 kB Γöé gzip:   3.24 kB
build/server/assets/creating-templates-CSdXkCNc.js               20.56 kB Γöé gzip:   8.62 kB
build/server/assets/material-theme-lighter-CQEzMtT8.js           20.56 kB Γöé gzip:   3.25 kB
build/server/assets/material-theme-palenight-B8XtnUFs.js         20.56 kB Γöé gzip:   3.26 kB
build/server/assets/creating-templates-Ivg9lRC6.js               20.58 kB Γöé gzip:   8.61 kB
build/server/assets/graphql-zDDY3B4l.js                          20.58 kB Γöé gzip:   2.74 kB
build/server/assets/local-file-mode-Cs0O9LuU.js                  20.60 kB Γöé gzip:   6.98 kB
build/server/assets/recurring-jobs-BqKRmq7e.js                   20.60 kB Γöé gzip:   5.52 kB
build/server/assets/cross-app-sso-DVlfiwnD.js                    20.60 kB Γöé gzip:   6.51 kB
build/server/assets/template-calendar-CXFJiVRy.js                20.66 kB Γöé gzip:   6.33 kB
build/server/assets/drop-in-agent-CH_bJkbY.js                    20.72 kB Γöé gzip:   7.16 kB
build/server/assets/mdc-CWRfrsED.js                              20.73 kB Γöé gzip:   6.82 kB
build/server/assets/svelte-Ii-kIfQS.js                           20.75 kB Γöé gzip:   3.32 kB
build/server/assets/drop-in-agent-Df1ny6gq.js                    20.76 kB Γöé gzip:   7.01 kB
build/server/assets/cross-app-sso--B1FwRKE.js                    20.79 kB Γöé gzip:   6.78 kB
build/server/assets/tracking-DO9tKGmA.js                         20.81 kB Γöé gzip:   7.82 kB
build/server/assets/automations-_0s2fpYX.js                      20.82 kB Γöé gzip:   6.45 kB
build/server/assets/kab-KAB-ZGHBKWFO-CSHK62Nw.js                 20.83 kB Γöé gzip:   7.95 kB
build/server/assets/automations-Cdn5B35U.js                      20.94 kB Γöé gzip:   6.62 kB
build/server/assets/multi-app-workspace-DY9zSVxr.js              20.95 kB Γöé gzip:   7.44 kB
build/server/assets/harness-agents-D8CdiPor.js                   20.96 kB Γöé gzip:   7.17 kB
build/server/assets/gdscript-jjgTGGzd.js                         21.00 kB Γöé gzip:   3.82 kB
build/server/assets/mcp-protocol-MA9kNLbP.js                     21.02 kB Γöé gzip:   6.60 kB
build/server/assets/tracking-YqkNY87D.js                         21.07 kB Γöé gzip:   8.13 kB
build/server/assets/template-mail-rbzqAIG6.js                    21.17 kB Γöé gzip:   6.84 kB
build/server/assets/viml-BReTXeDA.js                             21.20 kB Γöé gzip:   6.79 kB
build/server/assets/lv-LV-5QDEKY6T-DsxRXWxR.js                   21.21 kB Γöé gzip:   8.20 kB
build/server/assets/harness-agents-1bYPc1e1.js                   21.30 kB Γöé gzip:   7.19 kB
build/server/assets/gl-ES-HMX3MZ6V-CVY5vcrW.js                   21.30 kB Γöé gzip:   8.10 kB
build/server/assets/tracking-Cdt0tIQr.js                         21.32 kB Γöé gzip:   8.36 kB
build/server/assets/tracking-CEzQnPDa.js                         21.38 kB Γöé gzip:   7.81 kB
build/server/assets/template-slides-BM1v_G3G.js                  21.40 kB Γöé gzip:   6.69 kB
build/server/assets/harness-agents-BnD3RYL0.js                   21.41 kB Γöé gzip:   7.66 kB
build/server/assets/harness-agents-DqGxn8Lc.js                   21.43 kB Γöé gzip:   7.54 kB
build/server/assets/automations-Be30F2hY.js                      21.47 kB Γöé gzip:   6.60 kB
build/server/assets/zh-TW-RAJ6MFWO-BMykDr43.js                   21.47 kB Γöé gzip:   9.63 kB
build/server/assets/skills-guide-ggPhAyj4.js                     21.48 kB Γöé gzip:   8.54 kB
build/server/assets/creating-templates-Cj5a1m1Y.js               21.48 kB Γöé gzip:   7.75 kB
build/server/assets/zh-CN-LNUGB5OW-_b9u20Ou.js                   21.51 kB Γöé gzip:   9.62 kB
build/server/assets/template-calendar-CFq94BKn.js                21.52 kB Γöé gzip:   6.24 kB
build/server/assets/harness-agents-C-SToU66.js                   21.53 kB Γöé gzip:   7.44 kB
build/server/assets/tr-TR-DEFEU3FU-DclH4E0X.js                   21.54 kB Γöé gzip:   8.38 kB
build/server/assets/skills-guide-BpK77VrU.js                     21.55 kB Γöé gzip:   8.55 kB
build/server/assets/groovy-Bw2Ku4bU.js                           21.56 kB Γöé gzip:   3.68 kB
build/server/assets/id-ID-SAP4L64H-C5Pl52R5.js                   21.56 kB Γöé gzip:   8.00 kB
build/server/assets/pt-PT-UZXXM6DQ-Bpw06W3f.js                   21.57 kB Γöé gzip:   8.18 kB
build/server/assets/template-slides-B-ojOhMR.js                  21.59 kB Γöé gzip:   6.99 kB
build/server/assets/client-B5OB_h9E.js                           21.64 kB Γöé gzip:   8.53 kB
build/server/assets/server-DJT27CXW.js                           21.65 kB Γöé gzip:   6.76 kB
build/server/assets/cs-CZ-2BRQDIVT-DpXIMteK.js                   21.68 kB Γöé gzip:   8.88 kB
build/server/assets/ca-ES-6MX7JW3Y-Bgdtzd3O.js                   21.69 kB Γöé gzip:   8.24 kB
build/server/assets/client-BKb8PKGa.js                           21.69 kB Γöé gzip:   8.53 kB
build/server/assets/security-B6DcopoZ.js                         21.73 kB Γöé gzip:   9.27 kB
build/server/assets/template-mail-ckPyaQ8G.js                    21.75 kB Γöé gzip:   6.95 kB
build/server/assets/server-Br9fIZ36.js                           21.75 kB Γöé gzip:   6.95 kB
build/server/assets/oc-FR-POXYY2M6-DNxbrsr8.js                   21.77 kB Γöé gzip:   8.18 kB
build/server/assets/security-BwfCykoz.js                         21.80 kB Γöé gzip:   9.24 kB
build/server/assets/template-mail-cdIPexh5.js                    21.83 kB Γöé gzip:   7.23 kB
build/server/assets/server-DAmKbTBe.js                           21.86 kB Γöé gzip:   7.28 kB
build/server/assets/template-mail-C-Ep4TqM.js                    21.87 kB Γöé gzip:   7.31 kB
build/server/assets/tracking-DW5gW62Z.js                         21.91 kB Γöé gzip:   8.10 kB
build/server/assets/what-is-jami-C24LmRpS.js                     21.94 kB Γöé gzip:   8.10 kB
build/server/assets/powershell-CpTLv_ai.js                       21.95 kB Γöé gzip:   4.13 kB
build/server/assets/nb-NO-T6EIAALU-D4JmLnoZ.js                   22.02 kB Γöé gzip:   8.56 kB
build/server/assets/server-pHk-n-4h.js                           22.02 kB Γöé gzip:   6.81 kB
build/server/assets/template-design-DeNDOpjK.js                  22.05 kB Γöé gzip:   8.40 kB
build/server/assets/observability-B2xNHsr5.js                    22.10 kB Γöé gzip:   8.14 kB
build/server/assets/mcp-protocol-tPc1Kgvc.js                     22.12 kB Γöé gzip:   7.35 kB
build/server/assets/template-slides-CBHsKnzT.js                  22.12 kB Γöé gzip:   6.84 kB
build/server/assets/mcp-apps-XhH-h0zi.js                         22.13 kB Γöé gzip:   8.76 kB
build/server/assets/notifications-CpjYTewx.js                    22.17 kB Γöé gzip:   5.94 kB
build/server/assets/template-slides-D4_m4nJS.js                  22.24 kB Γöé gzip:   7.17 kB
build/server/assets/mcp-apps-e1oXWsSi.js                         22.26 kB Γöé gzip:   8.70 kB
build/server/assets/template-design-CeJnSqMy.js                  22.27 kB Γöé gzip:   8.48 kB
build/server/assets/what-is-jami-UU4urEGl.js                     22.31 kB Γöé gzip:   8.16 kB
build/server/assets/nushell-r7hBzeS_.js                          22.36 kB Γöé gzip:   5.30 kB
build/server/assets/mcp-apps-zVJRcNSn.js                         22.36 kB Γöé gzip:   7.70 kB
build/server/assets/template-mail-ay7pTcBh.js                    22.36 kB Γöé gzip:   7.15 kB
build/server/assets/mcp-protocol-BB3BYwhT.js                     22.37 kB Γöé gzip:   6.89 kB
build/server/assets/skills-guide-Ce6hB_U_.js                     22.40 kB Γöé gzip:   7.38 kB
build/server/assets/workspace-management-BMI8Qttj.js             22.41 kB Γöé gzip:   5.88 kB
build/server/assets/security-DLnpdKEi.js                         22.42 kB Γöé gzip:   8.04 kB
build/server/assets/template-analytics-ClVCvXm_.js               22.43 kB Γöé gzip:   7.54 kB
build/server/assets/mcp-protocol-B9fEJcA-.js                     22.43 kB Γöé gzip:   7.21 kB
build/server/assets/ayu-dark-tFrWEz-n.js                         22.46 kB Γöé gzip:   4.07 kB
build/server/assets/ayu-mirage-Dz65n099.js                       22.47 kB Γöé gzip:   4.05 kB
build/server/assets/server-0sTseqhP.js                           22.47 kB Γöé gzip:   7.00 kB
build/server/assets/template-analytics-DyzdGBKa.js               22.48 kB Γöé gzip:   7.44 kB
build/server/assets/template-slides-BvEL6Lfk.js                  22.53 kB Γöé gzip:   6.91 kB
build/server/assets/agent-surfaces-IMVSiu1J.js                   22.53 kB Γöé gzip:   8.88 kB
build/server/assets/ayu-light-DD8e7Nu6.js                        22.53 kB Γöé gzip:   4.04 kB
build/server/assets/observability-CpNoqI3L.js                    22.55 kB Γöé gzip:   7.69 kB
build/server/assets/observability-b07J2_9Z.js                    22.62 kB Γöé gzip:   8.08 kB
build/server/assets/agent-surfaces-BZClcJrW.js                   22.64 kB Γöé gzip:   8.83 kB
build/server/assets/workspace-connections-B61gCd2m.js            22.72 kB Γöé gzip:   6.46 kB
build/server/assets/template-analytics-BBW0fcg3.js               22.77 kB Γöé gzip:   7.61 kB
build/server/assets/what-is-jami-CCrWEbPc.js                     22.86 kB Γöé gzip:   8.65 kB
build/server/assets/mcp-protocol-BbzX6fnh.js                     22.87 kB Γöé gzip:   6.98 kB
build/server/assets/template-analytics-BEjZr5HL.js               22.88 kB Γöé gzip:   8.00 kB
build/server/assets/creating-templates-CSPp4Fvm.js               22.89 kB Γöé gzip:   8.27 kB
build/server/assets/cloneable-saas-BAjmYPpU.js                   22.92 kB Γöé gzip:   6.02 kB
build/server/assets/deployment-BQ2i8n64.js                       22.92 kB Γöé gzip:   8.71 kB
build/server/assets/cross-app-sso-8fuLFyCY.js                    22.93 kB Γöé gzip:   7.10 kB
build/server/assets/glimmer-js-BWi0vumL.js                       22.93 kB Γöé gzip:   3.11 kB
build/server/assets/glimmer-ts-D8Z8TqIf.js                       22.93 kB Γöé gzip:   3.11 kB
build/server/assets/pt-BR-5N22H2LF-DHMEdJ4O.js                   22.96 kB Γöé gzip:   8.58 kB
build/server/assets/local-file-mode-DNS1Zt8_.js                  23.03 kB Γöé gzip:   7.95 kB
build/server/assets/client-1di4Xiwk.js                           23.04 kB Γöé gzip:   7.75 kB
build/server/assets/workspace-connections-Bv-WOwkk.js            23.06 kB Γöé gzip:   7.65 kB
build/server/assets/observability-C60gtPl2.js                    23.07 kB Γöé gzip:   7.78 kB
build/server/assets/template-forms-Cc3kGWq3.js                   23.08 kB Γöé gzip:   5.55 kB
build/server/assets/template-analytics--blzvTsy.js               23.08 kB Γöé gzip:   7.92 kB
build/server/assets/eu-ES-A7QVB2H4-7QHdDJLH.js                   23.09 kB Γöé gzip:   8.56 kB
build/server/assets/mcp-protocol-YE-HUzoy.js                     23.09 kB Γöé gzip:   7.20 kB
build/server/assets/workspace-connections-DT3QA6rE.js            23.13 kB Γöé gzip:   7.59 kB
build/server/assets/creating-templates-DSDrF-5S.js               23.15 kB Γöé gzip:   8.55 kB
build/server/assets/local-file-mode-BNpncXtu.js                  23.15 kB Γöé gzip:   7.52 kB
build/server/assets/dispatch-DfnSIeNw.js                         23.16 kB Γöé gzip:   7.71 kB
build/server/assets/deployment-y6KJnOVM.js                       23.18 kB Γöé gzip:   8.73 kB
build/server/assets/multi-app-workspace-CYLr_bw5.js              23.21 kB Γöé gzip:   9.34 kB
build/server/assets/multi-app-workspace-CXtYJDkO.js              23.22 kB Γöé gzip:   9.29 kB
build/server/assets/snazzy-light-CJtVdMIj.js                     23.25 kB Γöé gzip:   3.96 kB
build/server/assets/dracula-CJZjpZIM.js                          23.26 kB Γöé gzip:   4.14 kB
build/server/assets/es-ES-U4NZUMDT-BB0EGc-s.js                   23.27 kB Γöé gzip:   8.86 kB
build/server/assets/dracula-soft-BRosaRe8.js                     23.28 kB Γöé gzip:   4.18 kB
build/server/assets/sl-SI-NN7IZMDC-Co5a8UA8.js                   23.30 kB Γöé gzip:   8.93 kB
build/server/assets/local-file-mode-DSp7odoO.js                  23.34 kB Γöé gzip:   7.96 kB
build/server/assets/authentication-BlqtNr6J.js                   23.36 kB Γöé gzip:   8.67 kB
build/server/assets/creating-templates-D_GQF5B-.js               23.36 kB Γöé gzip:   8.33 kB
build/server/assets/creating-templates-ClkJOA3E.js               23.38 kB Γöé gzip:   8.82 kB
build/server/assets/template-design-DZlmf7_Y.js                  23.40 kB Γöé gzip:   7.44 kB
build/server/assets/database-C5FhjEZz.js                         23.41 kB Γöé gzip:   6.48 kB
build/server/assets/automations-Wz5dECVZ.js                      23.41 kB Γöé gzip:   7.13 kB
build/server/assets/what-is-jami-mtBjx77s.js                     23.41 kB Γöé gzip:   8.42 kB
build/server/assets/onboarding-Pv-2P-ig.js                       23.42 kB Γöé gzip:   6.37 kB
build/server/assets/dagre-BM42HDAG-C1LqXOOc.js                   23.44 kB Γöé gzip:   6.49 kB
build/server/assets/what-is-agent-native-Csg4SJL0.js             23.46 kB Γöé gzip:   8.43 kB
build/server/assets/sv-SE-XGPEYMSR-CQfOtFNX.js                   23.47 kB Γöé gzip:   8.97 kB
build/server/assets/dispatch-CqmLdDaV.js                         23.49 kB Γöé gzip:   8.15 kB
build/server/assets/authentication-BWzjxzyr.js                   23.49 kB Γöé gzip:   8.67 kB
build/server/assets/what-is-jami-CDIYUeUz.js                     23.52 kB Γöé gzip:   8.65 kB
build/server/assets/dispatch-AgWyf5m9.js                         23.56 kB Γöé gzip:   8.26 kB
build/server/assets/twig-CsuJE5uW.js                             23.56 kB Γöé gzip:   3.85 kB
build/server/assets/plan-plugin-De6e9jxW.js                      23.60 kB Γöé gzip:   7.79 kB
build/server/assets/common-lisp-DJtwvW4V.js                      23.60 kB Γöé gzip:   6.13 kB
build/server/assets/observability-O0uguhfA.js                    23.61 kB Γöé gzip:   8.11 kB
build/server/assets/bg-BG-XCXSNQG7-CtODSju9.js                   23.63 kB Γöé gzip:   7.94 kB
build/server/assets/key-concepts-CRFwxiUC.js                     23.71 kB Γöé gzip:   9.79 kB
build/server/assets/dispatch-N6_eqt-R.js                         23.74 kB Γöé gzip:   7.73 kB
build/server/assets/template-brain-D822WzaV.js                   23.79 kB Γöé gzip:   8.71 kB
build/server/assets/writing-agent-instructions-Dg82Tusf.js       23.79 kB Γöé gzip:   6.25 kB
build/server/assets/what-is-jami-BmaU6NA6.js                     23.80 kB Γöé gzip:   8.64 kB
build/server/assets/agent-surfaces-BKzvim4L.js                   23.82 kB Γöé gzip:   8.05 kB
build/server/assets/template-dispatch-BsQ4JFNj.js                23.82 kB Γöé gzip:   9.50 kB
build/server/assets/automations-0TEmVZj3.js                      23.82 kB Γöé gzip:   7.10 kB
build/server/assets/template-brain-DDqvgvIp.js                   23.86 kB Γöé gzip:   8.69 kB
build/server/assets/key-concepts-CvW3D-7f.js                     23.86 kB Γöé gzip:   9.80 kB
build/server/assets/local-file-mode-C2CPz234.js                  23.88 kB Γöé gzip:   7.66 kB
build/server/assets/template-dispatch-D-_27anD.js                23.91 kB Γöé gzip:   9.51 kB
build/server/assets/creating-templates-D7zcySK1.js               23.93 kB Γöé gzip:   8.47 kB
build/server/assets/key-concepts-DPVdgPhY.js                     23.93 kB Γöé gzip:   8.43 kB
build/server/assets/wit-CeQiCbz_.js                              23.94 kB Γöé gzip:   2.94 kB
build/server/assets/he-IL-6SHJWFNN-BzRtD3S4.js                   23.95 kB Γöé gzip:   8.25 kB
build/server/assets/it-IT-JPQ66NNP-C27y6-my.js                   23.95 kB Γöé gzip:   8.91 kB
build/server/assets/client-BkG5ZtrJ.js                           23.96 kB Γöé gzip:   8.07 kB
build/server/assets/plan-plugin-CD9F33Nh.js                      24.04 kB Γöé gzip:   7.61 kB
build/server/assets/template-analytics-Bu7PmoOv.js               24.09 kB Γöé gzip:   7.85 kB
build/server/assets/rose-pine-6nT6ADea.js                        24.14 kB Γöé gzip:   4.01 kB
build/server/assets/rose-pine-moon-1e4nqi0S.js                   24.16 kB Γöé gzip:   4.03 kB
build/server/assets/rose-pine-dawn-CBRE_45S.js                   24.16 kB Γöé gzip:   4.03 kB
build/server/assets/local-file-mode-DWMejzW6.js                  24.19 kB Γöé gzip:   7.89 kB
build/server/assets/tracking-C75SLgY9.js                         24.21 kB Γöé gzip:   8.72 kB
build/server/assets/server-BH2sfViu.js                           24.21 kB Γöé gzip:   7.44 kB
build/server/assets/template-dispatch-CBanX3V9.js                24.25 kB Γöé gzip:   8.25 kB
build/server/assets/sk-SK-C5VTKIMK-hnBqKRxt.js                   24.32 kB Γöé gzip:   9.52 kB
build/server/assets/skills-guide-CYBtkKbj.js                     24.43 kB Γöé gzip:   8.11 kB
build/server/assets/client-AvbuNdtj.js                           24.45 kB Γöé gzip:   8.14 kB
build/server/assets/template-assets-vU7m1Yci.js                  24.48 kB Γöé gzip:   8.43 kB
build/server/assets/template-design-BJvNhuo8.js                  24.48 kB Γöé gzip:   7.96 kB
build/server/assets/pl-PL-T2D74RX3-DwdGyo_1.js                   24.49 kB Γöé gzip:   9.62 kB
build/server/assets/template-brain-7jBdgnMk.js                   24.53 kB Γöé gzip:   7.39 kB
build/server/assets/template-assets-DdHTFO89.js                  24.56 kB Γöé gzip:   8.39 kB
build/server/assets/authentication-D1c37Z4y.js                   24.58 kB Γöé gzip:   7.86 kB
build/server/assets/skills-guide-DhG8DTKV.js                     24.59 kB Γöé gzip:   8.60 kB
build/server/assets/chunk-6U3AYISY-Cygkn8OP.js                   24.66 kB Γöé gzip:   9.00 kB
build/server/assets/harness-agents-rg9moO8y.js                   24.71 kB Γöé gzip:   8.02 kB
build/server/assets/dispatch-CjPlo_0P.js                         24.78 kB Γöé gzip:   8.19 kB
build/server/assets/sql-Pd-qMIuv.js                              24.80 kB Γöé gzip:   7.69 kB
build/server/assets/client-C_LY4679.js                           24.81 kB Γöé gzip:   8.64 kB
build/server/assets/harness-agents-D0xdbnRI.js                   24.86 kB Γöé gzip:   7.93 kB
build/server/assets/template-slides-CbS9MD_A.js                  24.88 kB Γöé gzip:   7.53 kB
build/server/assets/mcp-protocol-r5ruiMrE.js                     24.90 kB Γöé gzip:   7.68 kB
build/server/assets/template-design-DI0Kjw5E.js                  25.02 kB Γöé gzip:   8.09 kB
build/server/assets/context-awareness-D7GryUty.js                25.04 kB Γöé gzip:   9.82 kB
build/server/assets/template-mail-DW1R7BIN.js                    25.06 kB Γöé gzip:   7.72 kB
build/server/assets/server-BdOO2UNv.js                           25.06 kB Γöé gzip:   7.41 kB
build/server/assets/extensions-IzppJmD-.js                       25.07 kB Γöé gzip:  10.40 kB
build/server/assets/agent-surfaces-Cy6RRnCH.js                   25.10 kB Γöé gzip:   8.41 kB
build/server/assets/context-awareness-CKPiuvKA.js                25.10 kB Γöé gzip:   9.77 kB
build/server/assets/client-Bf2jMV8x.js                           25.11 kB Γöé gzip:   8.42 kB
build/server/assets/bird2-GLyzhwkD.js                            25.12 kB Γöé gzip:   4.73 kB
build/server/assets/skills-guide--TTYksoX.js                     25.13 kB Γöé gzip:   8.69 kB
build/server/assets/mcp-protocol-DryaaC2Q.js                     25.14 kB Γöé gzip:   7.64 kB
build/server/assets/native-chat-ui-XdphqrIU.js                   25.16 kB Γöé gzip:   6.56 kB
build/server/assets/client-Buh1NYQI.js                           25.16 kB Γöé gzip:   8.57 kB
build/server/assets/skills-guide-DYsOAWGr.js                     25.17 kB Γöé gzip:   8.26 kB
build/server/assets/mcp-apps-07zVsc0A.js                         25.21 kB Γöé gzip:   8.41 kB
build/server/assets/ro-RO-JPDTUUEW-DHkOHB50.js                   25.21 kB Γöé gzip:   9.37 kB
build/server/assets/de-DE-XR44H4JA-BoCk65EW.js                   25.25 kB Γöé gzip:   9.36 kB
build/server/assets/surrealql-BmyMmzNT.js                        25.30 kB Γöé gzip:   4.48 kB
build/server/assets/agent-surfaces-R_9RyJJg.js                   25.31 kB Γöé gzip:   8.88 kB
build/server/assets/gruvbox-dark-hard-CaJiKQ1U.js                25.35 kB Γöé gzip:   4.32 kB
build/server/assets/gruvbox-dark-soft-exU-pjb7.js                25.35 kB Γöé gzip:   4.32 kB
build/server/assets/gruvbox-light-hard-DQdxyE8k.js               25.35 kB Γöé gzip:   4.32 kB
build/server/assets/gruvbox-light-soft-Cyg4K4Iu.js               25.35 kB Γöé gzip:   4.32 kB
build/server/assets/gruvbox-dark-medium-C6xPL75A.js              25.36 kB Γöé gzip:   4.32 kB
build/server/assets/gruvbox-light-medium-C7U2R6bL.js             25.36 kB Γöé gzip:   4.33 kB
build/server/assets/template-slides-CT2QBNga.js                  25.37 kB Γöé gzip:   7.29 kB
build/server/assets/fr-FR-RHASNOE6-BS8fuUv4.js                   25.39 kB Γöé gzip:   9.29 kB
build/server/assets/template-design-DDLcTmfI.js                  25.40 kB Γöé gzip:   8.50 kB
build/server/assets/security-w8u6DY0I.js                         25.43 kB Γöé gzip:   8.98 kB
build/server/assets/observability-CIxutf0D.js                    25.46 kB Γöé gzip:   8.70 kB
build/server/assets/tracking-CHyjo-Pl.js                         25.46 kB Γöé gzip:   8.78 kB
build/server/assets/agent-surfaces-DUfiUOHj.js                   25.47 kB Γöé gzip:   9.06 kB
build/server/assets/mcp-clients-DZHrQ3Gn.js                      25.50 kB Γöé gzip:   9.43 kB
build/server/assets/agent-surfaces-Dn8vpmJU.js                   25.52 kB Γöé gzip:   8.57 kB
build/server/assets/mcp-clients-erTECx4v.js                      25.54 kB Γöé gzip:   9.39 kB
build/server/assets/mcp-apps-rnR0N30n.js                         25.59 kB Γöé gzip:   8.90 kB
build/server/assets/code-agents-ui-zEYMVDza.js                   25.59 kB Γöé gzip:   9.60 kB
build/server/assets/extensions-BtdEPery.js                       25.61 kB Γöé gzip:  10.41 kB
build/server/assets/nim-0ezhQJH8.js                              25.62 kB Γöé gzip:   3.33 kB
build/server/assets/template-design-BnE-P3Be.js                  25.68 kB Γöé gzip:   8.62 kB
build/server/assets/sharing-BNWDBr0I.js                          25.70 kB Γöé gzip:   6.76 kB
build/server/assets/workspace-AORCPTQ2.js                        25.76 kB Γöé gzip:   9.53 kB
build/server/assets/template-design-CPXm06ws.js                  25.77 kB Γöé gzip:   8.39 kB
build/server/assets/workspace-B5ELilNg.js                        25.77 kB Γöé gzip:   9.58 kB
build/server/assets/security-DltiAX3F.js                         25.83 kB Γöé gzip:   9.07 kB
build/server/assets/astro-B9odNLSK.js                            25.84 kB Γöé gzip:   7.78 kB
build/server/assets/cross-app-sso-V4vEjlx9.js                    25.87 kB Γöé gzip:   7.32 kB
build/server/assets/skills-guide-EdyTuBlo.js                     25.88 kB Γöé gzip:   8.50 kB
build/server/assets/mcp-apps-DrY_8kKI.js                         25.89 kB Γöé gzip:   8.77 kB
build/server/assets/workspace-connections-Bw_Ym-cy.js            25.90 kB Γöé gzip:   7.77 kB
build/server/assets/agent-teams-bjAsk6t8.js                      25.92 kB Γöé gzip:   6.44 kB
build/server/assets/security-C60me5fN.js                         25.93 kB Γöé gzip:   9.38 kB
build/server/assets/data-programs-BflQOZwn.js                    25.93 kB Γöé gzip:  10.15 kB
build/server/assets/code-agents-ui-BWBeMvL2.js                   25.95 kB Γöé gzip:   9.59 kB
build/server/assets/sandbox-adapters-C1MCw0df.js                 26.01 kB Γöé gzip:   7.01 kB
build/server/assets/security-Cr2ff9Q3.js                         26.01 kB Γöé gzip:   9.47 kB
build/server/assets/template-analytics-Gr0SnAka.js               26.06 kB Γöé gzip:   8.48 kB
build/server/assets/ja-JP-DBVTYXUO-CcwbcqIu.js                   26.06 kB Γöé gzip:   9.54 kB
build/server/assets/data-programs-Decv3qSI.js                    26.07 kB Γöé gzip:  10.19 kB
build/server/assets/components-DGGbgg09.js                       26.12 kB Γöé gzip:   8.49 kB
build/server/assets/template-mail-1-Rat-Xh.js                    26.14 kB Γöé gzip:   7.54 kB
build/server/assets/components-DY12EB4X.js                       26.16 kB Γöé gzip:   8.47 kB
build/server/assets/agent-surfaces-C1HmqEKV.js                   26.22 kB Γöé gzip:   8.85 kB
build/server/assets/mcp-apps-DE2IrZJI.js                         26.29 kB Γöé gzip:   8.61 kB
build/server/assets/templ-B844aDmA.js                            26.30 kB Γöé gzip:   5.58 kB
build/server/assets/workspace-Cf7Nra2P.js                        26.36 kB Γöé gzip:   8.40 kB
build/server/assets/cadence-B1ELWULD.js                          26.36 kB Γöé gzip:   3.74 kB
build/server/assets/creating-templates-ceUS1r5a.js               26.37 kB Γöé gzip:   9.18 kB
build/server/assets/workspace-connections-lZ5Ssice.js            26.38 kB Γöé gzip:   7.85 kB
build/server/assets/workspace-connections-DSks2FgP.js            26.40 kB Γöé gzip:   7.43 kB
build/server/assets/deployment-BBaaugtr.js                       26.46 kB Γöé gzip:   8.36 kB
build/server/assets/context-awareness-hB6UJ-i-.js                26.49 kB Γöé gzip:   8.76 kB
build/server/assets/ko-KR-MTYHY66A-HEMB8wC7.js                   26.54 kB Γöé gzip:   9.88 kB
build/server/assets/bn-BD-2XOGV67Q-tGfVRCMH.js                   26.55 kB Γöé gzip:   7.28 kB
build/server/assets/creating-templates-Dxx542M4.js               26.74 kB Γöé gzip:   8.90 kB
build/server/assets/security-BK92CwWV.js                         26.74 kB Γöé gzip:   9.30 kB
build/server/assets/drop-in-agent-CBA0Twn8.js                    26.76 kB Γöé gzip:   7.41 kB
build/server/assets/template-brain-CjwFF9nd.js                   26.77 kB Γöé gzip:   8.86 kB
build/server/assets/purescript-CLpaGMbw.js                       26.78 kB Γöé gzip:   3.32 kB
build/server/assets/vhdl-Co2XFKY7.js                             26.79 kB Γöé gzip:   3.94 kB
build/server/assets/data-programs-Cwo1rB8W.js                    26.82 kB Γöé gzip:   8.74 kB
build/server/assets/deployment-Vq8VhS8E.js                       26.83 kB Γöé gzip:   8.82 kB
build/server/assets/observability-xjY5nEfR.js                    26.84 kB Γöé gzip:   8.54 kB
build/server/assets/multi-app-workspace-DWeM-lAB.js              26.85 kB Γöé gzip:   9.45 kB
build/server/assets/deployment-7NBgSnjn.js                       26.86 kB Γöé gzip:   8.87 kB
build/server/assets/mcp-clients-BCvVh1n8.js                      26.88 kB Γöé gzip:   8.89 kB
build/server/assets/workspace-connections-kBGWFbet.js            26.97 kB Γöé gzip:   7.46 kB
build/server/assets/what-is-jami-D90W2RZ2.js                     26.98 kB Γöé gzip:   9.20 kB
build/server/assets/key-concepts-Ck5YAlbJ.js                     26.98 kB Γöé gzip:   9.72 kB
build/server/assets/apl-9nSHGFDM.js                              27.01 kB Γöé gzip:   4.34 kB
build/server/assets/template-brain-CCx6Hdpj.js                   27.02 kB Γöé gzip:   8.33 kB
build/server/assets/mcp-apps-BaVhjqvX.js                         27.05 kB Γöé gzip:   8.84 kB
build/server/assets/key-concepts-1LLDOiy3.js                     27.05 kB Γöé gzip:   9.39 kB
build/server/assets/multi-app-workspace-BHB8DVMp.js              27.19 kB Γöé gzip:   9.01 kB
build/server/assets/deployment-CoLlfyXS.js                       27.21 kB Γöé gzip:   8.47 kB
build/server/assets/dispatch-DHlNb-Dc.js                         27.28 kB Γöé gzip:   8.72 kB
build/server/assets/multi-app-workspace-D0rZdKDb.js              27.38 kB Γöé gzip:   9.49 kB
build/server/assets/authentication-BQhsgtqO.js                   27.38 kB Γöé gzip:   8.87 kB
build/server/assets/template-brain-ClpYAIGr.js                   27.44 kB Γöé gzip:   8.35 kB
build/server/assets/template-brain-BwN7fGNd.js                   27.53 kB Γöé gzip:   8.85 kB
build/server/assets/typespec-C_R5TbvO.js                         27.64 kB Γöé gzip:   2.69 kB
build/server/assets/authentication-C4J6htPF.js                   27.66 kB Γöé gzip:   8.45 kB
build/server/assets/angular-html-iq_RayZ4.js                     27.67 kB Γöé gzip:   4.27 kB
build/server/assets/key-concepts-BRXH4Wiq.js                     27.68 kB Γöé gzip:   9.46 kB
build/server/assets/template-calendar-Bxq2iBq4.js                27.69 kB Γöé gzip:   6.57 kB
build/server/assets/template-assets-cLjIGj__.js                  27.70 kB Γöé gzip:   8.09 kB
build/server/assets/client-ZzohMLG-.js                           27.71 kB Γöé gzip:   8.98 kB
build/server/assets/template-dispatch-BmkCj4Du.js                27.74 kB Γöé gzip:   9.25 kB
build/server/assets/multi-app-workspace-xMXx7tVy.js              27.76 kB Γöé gzip:   9.12 kB
build/server/assets/fa-IR-HGAKTJCU-C8bm9_TL.js                   27.83 kB Γöé gzip:   9.15 kB
build/server/assets/template-dispatch-DxK9pBml.js                27.85 kB Γöé gzip:   9.57 kB
build/server/assets/local-file-mode-Cm-j0_ql.js                  27.88 kB Γöé gzip:   8.27 kB
build/server/assets/deployment-DM0iEiB5.js                       27.89 kB Γöé gzip:   8.78 kB
build/server/assets/components-CL1RE1s5.js                       27.90 kB Γöé gzip:   7.52 kB
build/server/assets/deployment-CsQYa7EV.js                       27.95 kB Γöé gzip:   8.89 kB
build/server/assets/template-dispatch-zALFlvMg.js                27.98 kB Γöé gzip:   9.79 kB
build/server/assets/local-file-mode-XkNvnmAT.js                  27.99 kB Γöé gzip:   8.26 kB
build/server/assets/faq-B_rNNX-z.js                              28.03 kB Γöé gzip:   7.14 kB
build/server/assets/context-awareness-CGKkydkF.js                28.07 kB Γöé gzip:   9.26 kB
build/server/assets/authentication-C_xVbUPc.js                   28.14 kB Γöé gzip:   8.85 kB
build/server/assets/key-concepts-pjwceLnK.js                     28.16 kB Γöé gzip:   9.88 kB
build/server/assets/template-analytics-CHOVtG4u.js               28.17 kB Γöé gzip:   8.35 kB
build/server/assets/one-light-DZGjvus6.js                        28.19 kB Γöé gzip:   3.77 kB
build/server/assets/vue-BVwm3AR4.js                              28.26 kB Γöé gzip:   3.19 kB
build/server/assets/client-BYb4sxak.js                           28.27 kB Γöé gzip:   8.77 kB
build/server/assets/template-assets-CW1mLiOv.js                  28.27 kB Γöé gzip:   8.49 kB
build/server/assets/template-assets-CvosdZj2.js                  28.31 kB Γöé gzip:   8.18 kB
build/server/assets/what-is-jami-DW4PojqE.js                     28.33 kB Γöé gzip:   9.10 kB
build/server/assets/fsharp-DX_vGYS1.js                           28.43 kB Γöé gzip:   4.28 kB
build/server/assets/extensions-DadH8UwM.js                       28.44 kB Γöé gzip:   9.92 kB
build/server/assets/a2a-protocol-DGz8Z0sG.js                     28.46 kB Γöé gzip:  11.24 kB
build/server/assets/template-dispatch-Bee5sx3U.js                28.50 kB Γöé gzip:   9.33 kB
build/server/assets/template-content-DO9uy5gI.js                 28.52 kB Γöé gzip:   9.92 kB
build/server/assets/key-concepts-WjgsEgrR.js                     28.54 kB Γöé gzip:   9.80 kB
build/server/assets/a2a-protocol-CWHg3zlE.js                     28.56 kB Γöé gzip:  11.23 kB
build/server/assets/mcp-clients-KTAZvrjx.js                      28.58 kB Γöé gzip:   9.44 kB
build/server/assets/skills-guide-BIjTq_Oo.js                     28.59 kB Γöé gzip:   8.87 kB
build/server/assets/system-verilog-BEoxaBuU.js                   28.59 kB Γöé gzip:   4.89 kB
build/server/assets/template-content-CnUy7coU.js                 28.60 kB Γöé gzip:   9.88 kB
build/server/assets/workspace-connections-c3Ts2MfJ.js            28.61 kB Γöé gzip:   7.88 kB
build/server/assets/template-brain-BaHAKjBN.js                   28.65 kB Γöé gzip:   8.73 kB
build/server/assets/marko-CS6vQaM4.js                            28.69 kB Γöé gzip:   3.78 kB
build/server/assets/skills-guide-ZQLFfS7-.js                     28.75 kB Γöé gzip:   9.17 kB
build/server/assets/template-assets-35-ZmhUW.js                  28.77 kB Γöé gzip:   8.52 kB
build/server/assets/dispatch-Da0bmOr5.js                         28.79 kB Γöé gzip:   8.50 kB
build/server/assets/mcp-clients-BM6oKr3T.js                      28.87 kB Γöé gzip:   9.11 kB
build/server/assets/authentication-Cd7sKrVP.js                   28.90 kB Γöé gzip:   8.60 kB
build/server/assets/context-awareness-BW23OYd9.js                28.92 kB Γöé gzip:   9.34 kB
build/server/assets/code-agents-ui-CIL8nCDU.js                   28.97 kB Γöé gzip:   8.99 kB
build/server/assets/night-owl-light-Dvx9XGO1.js                  29.05 kB Γöé gzip:   4.41 kB
build/server/assets/mcp-clients-7qA0WpOg.js                      29.09 kB Γöé gzip:   9.59 kB
build/server/assets/multi-app-workspace-BHATmLNK.js              29.28 kB Γöé gzip:   9.42 kB
build/server/assets/template-design-CW51pMLW.js                  29.30 kB Γöé gzip:   9.06 kB
build/server/assets/authentication-ZjNNZ5bc.js                   29.31 kB Γöé gzip:   8.79 kB
build/server/assets/extensions-BfhAyxSj.js                       29.34 kB Γöé gzip:  10.05 kB
build/server/assets/context-awareness-C8M-9iuI.js                29.40 kB Γöé gzip:   9.85 kB
build/server/assets/components-C9zOIDH0.js                       29.41 kB Γöé gzip:   8.54 kB
build/server/assets/extensions-BW1ZBHVY.js                       29.50 kB Γöé gzip:  10.46 kB
build/server/assets/context-awareness-xhqyX1OI.js                29.51 kB Γöé gzip:   9.99 kB
build/server/assets/workspace-connections-BWcCgxGr.js            29.56 kB Γöé gzip:   8.27 kB
build/server/assets/template-design-DCCOUN1j.js                  29.57 kB Γöé gzip:   8.74 kB
build/server/assets/codeql-BwdvwJnv.js                           29.60 kB Γöé gzip:   3.89 kB
build/server/assets/security-B2cU9e_H.js                         29.63 kB Γöé gzip:   9.97 kB
build/server/assets/template-assets-BrbyC1_5.js                  29.64 kB Γöé gzip:   8.51 kB
build/server/assets/extensions-Bg1YNtEo.js                       29.64 kB Γöé gzip:  10.43 kB
build/server/assets/nord-CTsAlnUR.js                             29.64 kB Γöé gzip:   4.52 kB
build/server/assets/template-content-D-2ohC1O.js                 29.66 kB Γöé gzip:   8.92 kB
build/server/assets/ar-SA-G6X2FPQ2-B955PWoz.js                   29.70 kB Γöé gzip:   9.92 kB
build/server/assets/mcp-clients-r3tfOdVa.js                      29.75 kB Γöé gzip:   9.23 kB
build/server/assets/template-brain-D8dDtHpQ.js                   29.84 kB Γöé gzip:   9.29 kB
build/server/assets/coffee-t7RtdtDN.js                           29.89 kB Γöé gzip:   6.52 kB
build/server/assets/data-programs-B70PTaNF.js                    29.90 kB Γöé gzip:   9.45 kB
build/server/assets/template-dispatch-BmNd3zOX.js                29.90 kB Γöé gzip:   9.81 kB
build/server/assets/server-DikgTcsl.js                           29.91 kB Γöé gzip:   7.66 kB
build/server/assets/context-awareness-DQeZAVMr.js                29.96 kB Γöé gzip:   9.71 kB
build/server/assets/agent-surfaces-B_ORGCdj.js                   29.99 kB Γöé gzip:   9.38 kB
build/server/assets/components-CJFq5M64.js                       30.13 kB Γöé gzip:   7.98 kB
build/server/assets/data-programs-D1cgTcIr.js                    30.15 kB Γöé gzip:   9.51 kB
build/server/assets/extensions-Dx4inNX1.js                       30.33 kB Γöé gzip:  10.35 kB
build/server/assets/automations-OmwXuMeC.js                      30.38 kB Γöé gzip:   7.41 kB
build/server/assets/code-agents-ui-CX6INHu9.js                   30.39 kB Γöé gzip:   9.48 kB
build/server/assets/mcp-apps-CMHKz-IH.js                         30.42 kB Γöé gzip:   9.44 kB
build/server/assets/workspace-DQflgH9t.js                        30.45 kB Γöé gzip:   9.29 kB
build/server/assets/pa-IN-N4M65BXN-B7vLpKsF.js                   30.46 kB Γöé gzip:   8.52 kB
build/server/assets/workspace-C7pe1H1u.js                        30.47 kB Γöé gzip:   9.75 kB
build/server/assets/workspace-dcWBxGeq.js                        30.48 kB Γöé gzip:   9.66 kB
build/server/assets/c3-BLXk7BLN.js                               30.54 kB Γöé gzip:   4.02 kB
build/server/assets/mcp-clients-jZy1QeFQ.js                      30.62 kB Γöé gzip:   9.59 kB
build/server/assets/agent-surfaces-CwBOSuRX.js                   30.66 kB Γöé gzip:   9.38 kB
build/server/assets/java-C416MRnI.js                             30.67 kB Γöé gzip:   4.52 kB
build/server/assets/scss-jxT61kXv.js                             30.71 kB Γöé gzip:   4.45 kB
build/server/assets/a2a-protocol-Cl2X9q7V.js                     30.75 kB Γöé gzip:  10.35 kB
build/server/assets/components-URJFeGq_.js                       30.77 kB Γöé gzip:   8.37 kB
build/server/assets/ishikawaDiagram-YF4QCWOH-Bjx6UtmT.js         30.80 kB Γöé gzip:   8.83 kB
build/server/assets/razor-BfBtBTom.js                            30.84 kB Γöé gzip:   3.72 kB
build/server/assets/security-Dp2HV4Jg.js                         30.85 kB Γöé gzip:   9.85 kB
build/server/assets/code-agents-ui-DfLCufyX.js                   30.85 kB Γöé gzip:   9.90 kB
build/server/assets/mcp-apps-GVwIAg1a.js                         30.87 kB Γöé gzip:   9.28 kB
build/server/assets/deployment-Be9dPSea.js                       30.88 kB Γöé gzip:   9.37 kB
build/server/assets/data-programs-BZ5kqVGz.js                    30.94 kB Γöé gzip:  10.10 kB
build/server/assets/components-vdfOOMGo.js                       30.98 kB Γöé gzip:   8.07 kB
build/server/assets/code-agents-ui-DsMJ5iWL.js                   31.05 kB Γöé gzip:   9.56 kB
build/server/assets/workspace-connections-DsV3Okw7.js            31.14 kB Γöé gzip:   8.08 kB
build/server/assets/data-programs-KtkAO92o.js                    31.21 kB Γöé gzip:   9.81 kB
build/server/assets/workspace-CmOvPz5V.js                        31.22 kB Γöé gzip:   9.44 kB
build/server/assets/code-agents-ui-DopV-ENb.js                   31.22 kB Γöé gzip:  10.12 kB
build/server/assets/components-pUu_x3jD.js                       31.22 kB Γöé gzip:   8.29 kB
build/server/assets/data-programs-DxsuAVYx.js                    31.29 kB Γöé gzip:  10.35 kB
build/server/assets/scala-CtSYTRYT.js                            31.32 kB Γöé gzip:   3.99 kB
build/server/assets/deployment-sjCR6nag.js                       31.44 kB Γöé gzip:   9.26 kB
build/server/assets/authentication-CDeS67vG.js                   31.50 kB Γöé gzip:   9.35 kB
build/server/assets/multi-app-workspace-Bwk2-oEZ.js              31.59 kB Γöé gzip:   9.99 kB
build/server/assets/template-clips-DWJC0OTw.js                   31.60 kB Γöé gzip:  11.83 kB
build/server/assets/template-clips-eTql0lpx.js                   31.75 kB Γöé gzip:  11.81 kB
build/server/assets/diagram-OG6HWLK6-BFEoh9M1.js                 31.81 kB Γöé gzip:   7.59 kB
build/server/assets/template-content-DvnowNVQ.js                 31.94 kB Γöé gzip:   9.61 kB
build/server/assets/applescript-CJ80B5XJ.js                      32.08 kB Γöé gzip:   6.03 kB
build/server/assets/code-agents-ui-DmI3YqLe.js                   32.12 kB Γöé gzip:  10.04 kB
build/server/assets/mcp-protocol-DqVc-xR2.js                     32.22 kB Γöé gzip:   8.02 kB
build/server/assets/night-owl-ClmGJ_7g.js                        32.34 kB Γöé gzip:   5.32 kB
build/server/assets/template-brain-DDCEWAbc.js                   32.38 kB Γöé gzip:   9.14 kB
build/server/assets/template-dispatch-DOrosrCE.js                32.38 kB Γöé gzip:  10.32 kB
build/server/assets/workspace-m3gccJAa.js                        32.38 kB Γöé gzip:   9.79 kB
build/server/assets/embedding-sdk-BUJTwQJH.js                    32.40 kB Γöé gzip:  11.12 kB
build/server/assets/a2a-protocol-Clx84yiC.js                     32.45 kB Γöé gzip:  10.88 kB
build/server/assets/template-content-DXlbS2N_.js                 32.50 kB Γöé gzip:   9.71 kB
build/server/assets/template-content-DeeqpMv7.js                 32.54 kB Γöé gzip:  10.11 kB
build/server/assets/template-assets-B6NzRJs3.js                  32.56 kB Γöé gzip:   9.00 kB
build/server/assets/embedding-sdk-CahUdkLX.js                    32.69 kB Γöé gzip:  11.09 kB
build/server/assets/mcp-clients-C7hYHbxf.js                      32.82 kB Γöé gzip:  10.04 kB
build/server/assets/components-Bc0QMRLJ.js                       32.88 kB Γöé gzip:   8.63 kB
build/server/assets/a2a-protocol-CIguAhk1.js                     32.90 kB Γöé gzip:  11.35 kB
build/server/assets/crystal-DPZnAA5c.js                          32.91 kB Γöé gzip:   4.61 kB
build/server/assets/authentication-B855E2oP.js                   32.93 kB Γöé gzip:   9.25 kB
build/server/assets/multi-app-workspace-C-NzQ5jQ.js              32.93 kB Γöé gzip:   9.95 kB
build/server/assets/harness-agents-BZ-RlfcU.js                   32.96 kB Γöé gzip:   8.34 kB
build/server/assets/plan-plugin-CbQ-owMJ.js                      32.97 kB Γöé gzip:   8.12 kB
build/server/assets/key-concepts-BUPsEivh.js                     32.99 kB Γöé gzip:  10.52 kB
build/server/assets/a2a-protocol-VmT-Zh9u.js                     33.11 kB Γöé gzip:  10.95 kB
build/server/assets/pr-visual-recap-DBc0Adgl.js                  33.19 kB Γöé gzip:  12.17 kB
build/server/assets/mermaid-r7OoIYpE.js                          33.20 kB Γöé gzip:   3.76 kB
build/server/assets/real-time-collaboration-Dr8ajXEQ.js          33.21 kB Γöé gzip:  11.02 kB
build/server/assets/julia-uhPe4oOa.js                            33.22 kB Γöé gzip:   4.47 kB
build/server/assets/stylus-ZZDn1yUO.js                           33.22 kB Γöé gzip:   8.11 kB
build/server/assets/template-assets-B6vSuKJ1.js                  33.30 kB Γöé gzip:   8.88 kB
build/server/assets/pr-visual-recap-jnrbMPWQ.js                  33.30 kB Γöé gzip:  12.19 kB
build/server/assets/template-content-Ct1VJnin.js                 33.32 kB Γöé gzip:  10.13 kB
build/server/assets/template-slides-B-KbjYYS.js                  33.33 kB Γöé gzip:   7.66 kB
build/server/assets/mcp-clients-dI5kBljV.js                      33.36 kB Γöé gzip:   9.91 kB
build/server/assets/template-content-rG4Ay0xV.js                 33.36 kB Γöé gzip:  10.01 kB
build/server/assets/tracking-BC9hnrOM.js                         33.40 kB Γöé gzip:   9.10 kB
build/server/assets/a2a-protocol-BP0u0KV7.js                     33.41 kB Γöé gzip:  11.55 kB
build/server/assets/components-BqqyyJfw.js                       33.44 kB Γöé gzip:   8.94 kB
build/server/assets/real-time-collaboration-CYWf3v0E.js          33.51 kB Γöé gzip:  12.80 kB
build/server/assets/ku-TR-6OUDTVRD-BqopMMG7.js                   33.54 kB Γöé gzip:  10.06 kB
build/server/assets/key-concepts-CWQsIvAx.js                     33.57 kB Γöé gzip:  10.26 kB
build/server/assets/template-assets-1Uu-82A3.js                  33.59 kB Γöé gzip:  10.37 kB
build/server/assets/real-time-collaboration-CvDVYOMY.js          33.67 kB Γöé gzip:  12.82 kB
build/server/assets/context-awareness-DC7QpYby.js                33.71 kB Γöé gzip:  10.40 kB
build/server/assets/extensions-gVLohogz.js                       33.73 kB Γöé gzip:  10.93 kB
build/server/assets/kanban-definition-UN3LZRKU-B6buJrJd.js       33.84 kB Γöé gzip:   9.06 kB
build/server/assets/embedding-sdk-sBdImjy1.js                    33.85 kB Γöé gzip:  10.18 kB
build/server/assets/a2a-protocol-h41tyN8R.js                     33.91 kB Γöé gzip:  11.30 kB
build/server/assets/template-mail-CE_zbB7b.js                    34.17 kB Γöé gzip:   7.97 kB
build/server/assets/data-programs-Jl2CeGtx.js                    34.18 kB Γöé gzip:  10.97 kB
build/server/assets/cross-app-sso-CfAews0i.js                    34.21 kB Γöé gzip:   7.64 kB
build/server/assets/context-awareness-BRZ5fJvL.js                34.36 kB Γöé gzip:  10.17 kB
build/server/assets/actions-DgQDg_zE.js                          34.39 kB Γöé gzip:  13.29 kB
build/server/assets/actions-D9x8wfjv.js                          34.40 kB Γöé gzip:  13.26 kB
build/server/assets/extensions-DqOU6_-g.js                       34.48 kB Γöé gzip:  11.00 kB
build/server/assets/actions-BPklhyIF.js                          34.55 kB Γöé gzip:  11.76 kB
build/server/assets/template-dispatch-DoUhoXQA.js                34.59 kB Γöé gzip:  10.14 kB
build/server/assets/el-GR-BZB4AONW-BPjJ9rlH.js                   34.59 kB Γöé gzip:  10.52 kB
build/server/assets/creating-templates-EqNYkU-Z.js               34.62 kB Γöé gzip:   9.54 kB
build/server/assets/uk-UA-QMV73CPH--NnUJ759.js                   34.79 kB Γöé gzip:  10.74 kB
build/server/assets/hi-IN-IWLTKZ5I-BxV7PhxT.js                   34.82 kB Γöé gzip:   9.62 kB
build/server/assets/bsl-C86lDlce.js                              34.95 kB Γöé gzip:   8.49 kB
build/server/assets/ru-RU-B4JR7IUQ-DDTijiqr.js                   35.23 kB Γöé gzip:  10.67 kB
build/server/assets/data-programs-BUf05_kK.js                    35.41 kB Γöé gzip:  10.62 kB
build/server/assets/observability-D-n64R4n.js                    35.47 kB Γöé gzip:   9.05 kB
build/server/assets/template-clips-DLcdEf_I.js                   35.91 kB Γöé gzip:  11.28 kB
build/server/assets/messaging-CZTUO5nt.js                        35.95 kB Γöé gzip:  14.09 kB
build/server/assets/extensions-BX11BjpW.js                       36.02 kB Γöé gzip:  10.97 kB
build/server/assets/messaging-DouoTtEB.js                        36.06 kB Γöé gzip:  14.11 kB
build/server/assets/workspace-B4Tl2OEY.js                        36.12 kB Γöé gzip:  10.41 kB
build/server/assets/embedding-sdk-0a8TKVTw.js                    36.16 kB Γöé gzip:  10.82 kB
build/server/assets/template-clips-DJW2TNp-.js                   36.24 kB Γöé gzip:  11.85 kB
build/server/assets/client-C2knMGSm.js                           36.26 kB Γöé gzip:   9.27 kB
build/server/assets/pr-visual-recap-COmCjov6.js                  36.34 kB Γöé gzip:  11.44 kB
build/server/assets/code-agents-ui-D3B7FzdN.js                   36.35 kB Γöé gzip:  10.49 kB
build/server/assets/template-clips-CnM5i2qJ.js                   36.35 kB Γöé gzip:  11.71 kB
build/server/assets/template-clips-DNFVaKyH.js                   36.55 kB Γöé gzip:  11.38 kB
build/server/assets/template-clips-pBQwXZux.js                   36.58 kB Γöé gzip:  11.50 kB
build/server/assets/poimandres-DXMh5jNf.js                       36.74 kB Γöé gzip:   5.66 kB
build/server/assets/code-agents-ui-C13mZuE9.js                   36.82 kB Γöé gzip:  10.35 kB
build/server/assets/workspace-yvmEp47i.js                        36.92 kB Γöé gzip:  10.16 kB
build/server/assets/a2a-protocol-Br88fEn0.js                     37.17 kB Γöé gzip:  11.90 kB
build/server/assets/template-content-ObWYWfYq.js                 37.27 kB Γöé gzip:  10.55 kB
build/server/assets/embedding-sdk-BDFQeC13.js                    37.34 kB Γöé gzip:  10.96 kB
build/server/assets/template-analytics-DYA6nYws.js               37.36 kB Γöé gzip:   8.80 kB
build/server/assets/template-design-CLz947ux.js                  37.38 kB Γöé gzip:   9.27 kB
build/server/assets/one-dark-pro-C9Cg6vou.js                     37.42 kB Γöé gzip:   5.67 kB
build/server/assets/template-clips-Dn7iNAJk.js                   37.44 kB Γöé gzip:  11.66 kB
build/server/assets/embedding-sdk-OJZpwGWQ.js                    37.52 kB Γöé gzip:  11.36 kB
build/server/assets/embedding-sdk-D1SY4fru.js                    37.67 kB Γöé gzip:  11.43 kB
build/server/assets/local-file-mode-DnAk7efa.js                  37.78 kB Γöé gzip:   8.57 kB
build/server/assets/template-content-Bi_4P_c1.js                 37.90 kB Γöé gzip:  10.39 kB
build/server/assets/embedding-sdk-f7L0Jc4m.js                    38.13 kB Γöé gzip:  11.23 kB
build/server/assets/skills-guide-vfLwoLUu.js                     38.24 kB Γöé gzip:   9.45 kB
build/server/assets/a2a-protocol-D_xV6U9y.js                     38.29 kB Γöé gzip:  11.85 kB
build/server/assets/rough.esm-B_qrOdsm.js                        38.36 kB Γöé gzip:  10.45 kB
build/server/assets/actions-C6lVPSg3.js                          38.42 kB Γöé gzip:  12.88 kB
build/server/assets/mindmap-definition-RKZ34NQL-Dcc8tpHH.js      38.70 kB Γöé gzip:  10.28 kB
build/server/assets/ta-IN-2NMHFXQM-xjSsB4Wk.js                   38.72 kB Γöé gzip:   9.18 kB
build/server/assets/actions-C4k7vpwM.js                          38.88 kB Γöé gzip:  13.47 kB
build/server/assets/tokyo-night-UvDgn0xP.js                      38.95 kB Γöé gzip:   6.42 kB
build/server/assets/actions-DselRLaj.js                          38.97 kB Γöé gzip:  13.65 kB
build/server/assets/real-time-collaboration-LjJvoNnr.js          39.01 kB Γöé gzip:  12.40 kB
build/server/assets/actions-DdQDmvwI.js                          39.11 kB Γöé gzip:  13.04 kB
build/server/assets/houston-ByeCKx63.js                          39.13 kB Γöé gzip:   5.94 kB
build/server/assets/pr-visual-recap-JNJxVSFj.js                  39.16 kB Γöé gzip:  11.97 kB
build/server/assets/real-time-collaboration-CK6_daS2.js          39.21 kB Γöé gzip:  13.07 kB
build/server/assets/agent-surfaces-B6Qv0YmO.js                   39.21 kB Γöé gzip:   9.74 kB
build/server/assets/real-time-collaboration-BvBlXyIc.js          39.22 kB Γöé gzip:  13.12 kB
build/server/assets/pr-visual-recap-CG7Q3fSL.js                  39.31 kB Γöé gzip:  12.21 kB
build/server/assets/haxe-B0odltAZ.js                             39.37 kB Γöé gzip:   6.03 kB
build/server/assets/nginx-R8FE0uig.js                            39.44 kB Γöé gzip:   4.66 kB
build/server/assets/actions-BqgZrgI0.js                          39.67 kB Γöé gzip:  13.31 kB
build/server/assets/pr-visual-recap-DYCSxFUT.js                  39.80 kB Γöé gzip:  12.79 kB
build/server/assets/messaging-DaY9UdpY.js                        39.81 kB Γöé gzip:  13.41 kB
build/server/assets/pr-visual-recap-CVvwQVuq.js                  40.07 kB Γöé gzip:  11.97 kB
build/server/assets/journeyDiagram-JHISSGLW-mnkNy1EZ.js          40.11 kB Γöé gzip:  10.68 kB
build/server/assets/real-time-collaboration-Bgc8GQvx.js          40.17 kB Γöé gzip:  12.48 kB
build/server/assets/workspace-connections-DTYdIYR2.js            40.25 kB Γöé gzip:   8.49 kB
build/server/assets/what-is-jami-DCXAf4JZ.js                     40.42 kB Γöé gzip:   9.75 kB
build/server/assets/pr-visual-recap-15ZaDgdv.js                  40.64 kB Γöé gzip:  12.52 kB
build/server/assets/km-KH-HSX4SM5Z-U2gif1gi.js                   40.72 kB Γöé gzip:  10.08 kB
build/server/assets/messaging-Bl7GtTBk.js                        40.76 kB Γöé gzip:  13.51 kB
build/server/assets/components-DaKXlmGb.js                       40.93 kB Γöé gzip:   9.15 kB
build/server/assets/messaging-COUYeh2g.js                        41.17 kB Γöé gzip:  14.32 kB
build/server/assets/messaging-DLAO2mNX.js                        41.28 kB Γöé gzip:  14.14 kB
build/server/assets/dispatch-AC_mXXT1.js                         41.31 kB Γöé gzip:   9.19 kB
build/server/assets/real-time-collaboration-a6vZDmvT.js          41.43 kB Γöé gzip:  12.99 kB
build/server/assets/cobol-Ds4qF9fp.js                            41.47 kB Γöé gzip:  11.05 kB
build/server/assets/template-clips-C8VqXKxI.js                   41.67 kB Γöé gzip:  12.50 kB
build/server/assets/erlang-BrVlB-kI.js                           41.69 kB Γöé gzip:   4.56 kB
build/server/assets/deployment-CuQ6HFJ_.js                       41.90 kB Γöé gzip:   9.76 kB
build/server/assets/embedding-sdk-D8izhGFq.js                    42.01 kB Γöé gzip:  11.97 kB
build/server/assets/sankeyDiagram-5OEKKPKP-BLWSRp6h.js           42.23 kB Γöé gzip:  11.30 kB
build/server/assets/messaging-Bu7ZkboP.js                        42.24 kB Γöé gzip:  14.04 kB
build/server/assets/wardleyDiagram-YWT4CUSO-ClBmVmHf.js          42.29 kB Γöé gzip:   8.71 kB
build/server/assets/authentication-iKenR6fn.js                   42.39 kB Γöé gzip:   9.59 kB
build/server/assets/security-CnWDtSrM.js                         42.61 kB Γöé gzip:  10.44 kB
build/server/assets/messaging-DV-_VoDa.js                        42.79 kB Γöé gzip:  13.92 kB
build/server/assets/template-brain-B3uYlxRR.js                   42.81 kB Γöé gzip:   9.63 kB
build/server/assets/template-clips-BelaLnbC.js                   42.96 kB Γöé gzip:  12.20 kB
build/server/assets/template-assets-BsuoQxp6.js                  43.00 kB Γöé gzip:   9.41 kB
build/server/assets/mcp-apps-Bz4vNVZ0.js                         43.25 kB Γöé gzip:   9.97 kB
build/server/assets/embedding-sdk-337UhUcd.js                    43.55 kB Γöé gzip:  11.77 kB
build/server/assets/asm-wBDSgBbA.js                              43.88 kB Γöé gzip:   8.27 kB
build/server/assets/actions-kwsXrK9G.js                          44.32 kB Γöé gzip:  14.15 kB
build/server/assets/multi-app-workspace-CfDbzej7.js              44.35 kB Γöé gzip:  10.45 kB
build/server/assets/real-time-collaboration-Ba2uxQgA.js          44.58 kB Γöé gzip:  13.93 kB
build/server/assets/actions-CcutEZB6.js                          44.60 kB Γöé gzip:  13.94 kB
build/server/assets/key-concepts-BhcSMeZq.js                     44.80 kB Γöé gzip:  11.08 kB
build/server/assets/context-awareness-B1PIv95p.js                44.98 kB Γöé gzip:  10.89 kB
build/server/assets/erDiagram-TEJ5UH35-JrchhQCm.js               45.15 kB Γöé gzip:  11.76 kB
build/server/assets/haskell-CfGsE1Cf.js                          45.57 kB Γöé gzip:   6.55 kB
build/server/assets/template-plan-Dn-0rA0D.js                    45.67 kB Γöé gzip:  15.42 kB
build/server/assets/shellscript-xyzccwYE.js                      45.75 kB Γöé gzip:   6.40 kB
build/server/assets/template-plan-DlaXTj0J.js                    45.81 kB Γöé gzip:  15.40 kB
build/server/assets/real-time-collaboration-C1g4it1l.js          45.98 kB Γöé gzip:  13.44 kB
build/server/assets/mcp-clients-CEw9TGHX.js                      46.13 kB Γöé gzip:  10.62 kB
build/server/assets/pr-visual-recap-sdUeGrgY.js                  46.25 kB Γöé gzip:  13.09 kB
build/server/assets/messaging-BdiJW7CM.js                        46.36 kB Γöé gzip:  14.71 kB
build/server/assets/mr-IN-CRQNXWMA-DPn3l_lL.js                   46.80 kB Γöé gzip:  11.70 kB
build/server/assets/template-plan-D_lapR5t.js                    47.29 kB Γöé gzip:  13.93 kB
build/server/assets/template-dispatch-BzGG-nVv.js                47.38 kB Γöé gzip:  10.75 kB
build/server/assets/pr-visual-recap-k43vq3Wn.js                  47.51 kB Γöé gzip:  13.19 kB
build/server/assets/code-agents-ui-Dt6aVH4G.js                   48.47 kB Γöé gzip:  11.09 kB
build/server/assets/perl-CNQ9dlr_.js                             48.57 kB Γöé gzip:   4.85 kB
build/server/assets/data-programs-DDN6Gcjh.js                    48.75 kB Γöé gzip:  11.22 kB
build/server/assets/messaging-BZ8L8Qxg.js                        48.89 kB Γöé gzip:  14.77 kB
build/server/assets/d-BQY8TDgQ.js                                48.93 kB Γöé gzip:   8.60 kB
build/server/assets/workspace-mieMZ7eb.js                        49.09 kB Γöé gzip:  10.72 kB
build/server/assets/extensions-Dke8A1ME.js                       49.50 kB Γöé gzip:  11.50 kB
build/server/assets/template-plan-Css9y7RX.js                    50.98 kB Γöé gzip:  15.02 kB
build/server/assets/template-content-BjlosrQc.js                 51.08 kB Γöé gzip:  11.08 kB
build/server/assets/template-plan-CrpWFwr3.js                    51.32 kB Γöé gzip:  15.23 kB
build/server/assets/a2a-protocol-DDcpIMey.js                     51.33 kB Γöé gzip:  12.59 kB
build/server/assets/chunk-KSCS5N6A-aU_wgr4b.js                   51.33 kB Γöé gzip:   9.05 kB
build/server/assets/requirementDiagram-4Y6WPE33-BA83OmgX.js      51.37 kB Γöé gzip:  11.96 kB
build/server/assets/go-aXtTCanQ.js                               51.85 kB Γöé gzip:   5.28 kB
build/server/assets/template-plan-CTgiUyxc.js                    52.02 kB Γöé gzip:  15.76 kB
build/server/assets/catppuccin-mocha-CYVbLROP.js                 52.24 kB Γöé gzip:   8.21 kB
build/server/assets/catppuccin-latte-BAtg_INX.js                 52.24 kB Γöé gzip:   8.21 kB
build/server/assets/catppuccin-frappe-Cna-3uVe.js                52.25 kB Γöé gzip:   8.22 kB
build/server/assets/catppuccin-macchiato-7pj-qKH0.js             52.26 kB Γöé gzip:   8.22 kB
build/server/assets/css-N-5if8E4.js                              52.49 kB Γöé gzip:  12.17 kB
build/server/assets/ruby-CFWwBgki.js                             52.51 kB Γöé gzip:   5.97 kB
build/server/assets/template-plan-IwPqwpX6.js                    52.55 kB Γöé gzip:  16.04 kB
build/server/assets/template-plan-CrMdVlOE.js                    52.80 kB Γöé gzip:  15.69 kB
build/server/assets/apex-BkQQFAhi.js                             53.08 kB Γöé gzip:   6.99 kB
build/server/assets/gitGraphDiagram-PVQCEYII-0wdgoLpc.js         53.69 kB Γöé gzip:  11.33 kB
build/server/assets/timeline-definition-PNZ67QCA-C1Js0wu6.js     54.30 kB Γöé gzip:  12.93 kB
build/server/assets/ada-twHwrVWN.js                              54.61 kB Γöé gzip:   6.15 kB
build/server/assets/imba-96qKoJCa.js                             54.85 kB Γöé gzip:   9.64 kB
build/server/assets/embedding-sdk-Df5H1b1J.js                    55.19 kB Γöé gzip:  12.27 kB
build/server/assets/template-clips-UxOR87Fk.js                   56.05 kB Γöé gzip:  12.90 kB
build/server/assets/external-agents-CrJHev5p.js                  57.38 kB Γöé gzip:  21.66 kB
build/server/assets/external-agents-D4O8rlDY.js                  57.76 kB Γöé gzip:  21.66 kB
build/server/assets/external-agents-CX-NGfJW.js                  58.04 kB Γöé gzip:  19.39 kB
build/server/assets/quadrantDiagram-W4KKPZXB-CMbGbCXr.js         58.25 kB Γöé gzip:  12.00 kB
build/server/assets/everforest-dark-B0V_5htu.js                  58.65 kB Γöé gzip:   8.58 kB
build/server/assets/everforest-light-uXzc_NVI.js                 58.65 kB Γöé gzip:   8.58 kB
build/server/assets/template-plan-FLnnq_vt.js                    58.98 kB Γöé gzip:  16.52 kB
build/server/assets/actions-CUfOQ1-g.js                          59.04 kB Γöé gzip:  14.90 kB
build/server/assets/template-plan-CfYQLmOk.js                    60.21 kB Γöé gzip:  16.32 kB
build/server/assets/real-time-collaboration-BdZ6vf6e.js          60.50 kB Γöé gzip:  14.42 kB
build/server/assets/stata-BZlDQD8e.js                            62.02 kB Γöé gzip:  12.64 kB
build/server/assets/html-Bki1QMf6.js                             62.31 kB Γöé gzip:  12.04 kB
build/server/assets/wikitext-wjhjmmzD.js                         62.35 kB Γöé gzip:   4.92 kB
build/server/assets/pica-CQzOu-bv.js                             63.45 kB Γöé gzip:  16.99 kB
build/server/assets/ballerina-DIdXD2KH.js                        64.73 kB Γöé gzip:   8.30 kB
build/server/assets/external-agents-cMOeQ7xZ.js                  65.05 kB Γöé gzip:  21.26 kB
build/server/assets/markdown-CkmxmzqY.js                         65.34 kB Γöé gzip:   5.75 kB
build/server/assets/jsx-runtime-Bt8rmzQi.js                      65.76 kB Γöé gzip:  14.56 kB
build/server/assets/chunk-AQP2D5EJ-CygVDr0f.js                   65.78 kB Γöé gzip:  16.22 kB
build/server/assets/messaging-5UhhqAax.js                        66.17 kB Γöé gzip:  15.94 kB
build/server/assets/external-agents-B-4dPpb-.js                  67.01 kB Γöé gzip:  22.71 kB
build/server/assets/external-agents-CYxQQ56N.js                  67.10 kB Γöé gzip:  21.58 kB
build/server/assets/external-agents-DeLsqd7B.js                  67.28 kB Γöé gzip:  21.76 kB
build/server/assets/ocaml-vm1Y8An6.js                            67.28 kB Γöé gzip:   5.18 kB
build/server/assets/pr-visual-recap-CQ0Cf9Rq.js                  68.03 kB Γöé gzip:  14.03 kB
build/server/assets/en-US-DVG5Isfv.js                            69.07 kB Γöé gzip:  22.44 kB
build/server/assets/external-agents-BVr_24pq.js                  69.33 kB Γöé gzip:  22.20 kB
build/server/assets/xychartDiagram-2RQKCTM6-mAAFUN-C.js          69.69 kB Γöé gzip:  14.42 kB
build/server/assets/chunk-5ZQYHXKU-BJBBBDV3.js                   74.31 kB Γöé gzip:  14.95 kB
build/server/assets/session-replay-BmPshirF.js                   75.07 kB Γöé gzip:  20.15 kB
build/server/assets/mojo-YCzvCoMT.js                             76.96 kB Γöé gzip:   9.46 kB
build/server/assets/python-BjnOIxPe.js                           77.16 kB Γöé gzip:   9.36 kB
build/server/assets/c-DwpUCsID.js                                78.39 kB Γöé gzip:  10.88 kB
build/server/assets/external-agents-DFic1eY7.js                  78.84 kB Γöé gzip:  22.94 kB
build/server/assets/chunk-O5CBEL6O-BS_mp0cL.js                   79.10 kB Γöé gzip:  22.12 kB
build/server/assets/template-plan-Dbvx0iHF.js                    80.11 kB Γöé gzip:  17.33 kB
build/server/assets/latex-BSEJatxi.js                            80.48 kB Γöé gzip:   6.94 kB
build/server/assets/external-agents-CYknD7o1.js                  81.27 kB Γöé gzip:  23.48 kB
build/server/assets/vyper-C6KGx0YU.js                            82.04 kB Γöé gzip:  10.99 kB
build/server/assets/chunk-727SXJPM-CTQFbldB.js                   83.45 kB Γöé gzip:  20.11 kB
build/server/assets/image-blob-reduce.esm-DYkNTtyN.js            85.50 kB Γöé gzip:  21.80 kB
build/server/assets/hack-DvMicP7B.js                             85.99 kB Γöé gzip:  26.70 kB
build/server/assets/src-M6Cor7lY.js                              87.77 kB Γöé gzip:  20.90 kB
build/server/assets/vennDiagram-CIIHVFJN-DO9firrj.js             88.23 kB Γöé gzip:  22.98 kB
build/server/assets/swift-BTPQlRLK.js                            93.97 kB Γöé gzip:  14.86 kB
build/server/assets/racket-DRv7j6nv.js                           95.06 kB Γöé gzip:  15.16 kB
build/server/assets/fortran-free-form-yxJ7igsv.js                98.64 kB Γöé gzip:  11.44 kB
build/server/assets/csharp-CFKaLbHg.js                           99.97 kB Γöé gzip:  11.09 kB
build/server/assets/flowDiagram-I6XJVG4X-f5O6yMl2.js            101.59 kB Γöé gzip:  23.65 kB
build/server/assets/engine-javascript-BdkMHChg.js               102.67 kB Γöé gzip:  28.34 kB
build/server/assets/less-BzbdhFUi.js                            107.13 kB Γöé gzip:  15.10 kB
build/server/assets/external-agents-CbJoyCnB.js                 111.56 kB Γöé gzip:  25.27 kB
build/server/assets/objective-c-6dJF64Dt.js                     111.92 kB Γöé gzip:  23.84 kB
build/server/assets/blade-xnbujVt3.js                           112.46 kB Γöé gzip:  28.64 kB
build/server/assets/c4Diagram-AAUBKEIU-By8yrOag.js              114.31 kB Γöé gzip:  23.57 kB
build/server/assets/dist-DKDkS7IK.js                            119.86 kB Γöé gzip:  27.11 kB
build/server/assets/php-CgEwUnaT.js                             120.71 kB Γöé gzip:  29.14 kB
build/server/assets/ganttDiagram-6RSMTGT7-5crCxCSn.js           124.29 kB Γöé gzip:  29.69 kB
build/server/assets/dagre-DLLXiM5s.js                           127.61 kB Γöé gzip:  28.91 kB
build/server/assets/blockDiagram-GPEHLZMM-Ds4dMjEH.js           131.07 kB Γöé gzip:  27.14 kB
build/server/assets/graphlib-u_DIv6hk.js                        133.60 kB Γöé gzip:  26.21 kB
build/server/assets/record-DSXW4oTm.js                          137.61 kB Γöé gzip:  31.56 kB
build/server/assets/mermaid.core-8TA4oL7O.js                    143.70 kB Γöé gzip:  34.32 kB
build/server/assets/asciidoc-Dsw6zvwf.js                        146.13 kB Γöé gzip:   9.45 kB
build/server/assets/mdx-BK9ZufRc.js                             146.32 kB Γöé gzip:  23.81 kB
build/server/assets/cose-bilkent-S5V4N54A-QL15gXbL.js           165.85 kB Γöé gzip:  33.50 kB
build/server/assets/shim-CwUtv3TU.js                            184.25 kB Γöé gzip:  42.92 kB
build/server/assets/objective-cpp-_ooRQ-PY.js                   184.45 kB Γöé gzip:  31.44 kB
build/server/assets/javascript-CRzg8oQb.js                      185.19 kB Γöé gzip:  17.21 kB
build/server/assets/tsx-BRHNXIRX.js                             185.85 kB Γöé gzip:  17.21 kB
build/server/assets/jsx-CcyE37Eu.js                             188.10 kB Γöé gzip:  17.35 kB
build/server/assets/sequenceDiagram-3UESZ5HK-26-m8o2S.js        190.00 kB Γöé gzip:  37.10 kB
build/server/assets/typescript-ZJOm81B3.js                      191.00 kB Γöé gzip:  16.81 kB
build/server/assets/angular-ts-4UU5RDr8.js                      194.58 kB Γöé gzip:  17.35 kB
build/server/assets/chunk-3OPIFGDE-CUYgppvL.js                  197.34 kB Γöé gzip:  29.49 kB
build/server/assets/vue-vine-Bvq36ReL.js                        201.20 kB Γöé gzip:  18.48 kB
build/server/assets/dist-CfC1VICU.js                            226.89 kB Γöé gzip:  51.60 kB
build/server/assets/wolfram-CcZPfnLd.js                         266.98 kB Γöé gzip:  77.80 kB
build/server/assets/architectureDiagram-3BPJPVTR-OrxGR4g7.js    313.66 kB Γöé gzip:  60.76 kB
build/server/assets/chunk-CSCIHK7Q-CtF8h8jq.js                  334.17 kB Γöé gzip:  51.81 kB
build/server/assets/katex-DiWvUwBe.js                           496.75 kB Γöé gzip: 109.62 kB
build/server/assets/wasm-DT3Z-V6Q.js                            622.55 kB Γöé gzip: 232.27 kB
build/server/assets/cpp-B7eqbDvN.js                             669.05 kB Γöé gzip:  50.44 kB
build/server/assets/prod-BO1_OTDg.js                            747.60 kB Γöé gzip: 195.74 kB
build/server/assets/chunk-K2UTITRG--4DcdWLU.js                  750.56 kB Γöé gzip: 212.32 kB
build/server/assets/emacs-lisp-DxhFFVu_.js                      782.40 kB Γöé gzip: 197.67 kB
build/server/assets/cytoscape.esm-D2g3U77F.js                   868.85 kB Γöé gzip: 199.36 kB
build/server/assets/chunk-NNHCCRGN-BG68LTU6.js                1,074.04 kB Γöé gzip: 195.29 kB
build/server/assets/docs-content-BKKmsxon.js                  1,403.32 kB Γöé gzip: 303.00 kB
build/server/assets/chunk-EIO257PC-ChkU4LzA.js                1,838.47 kB Γöé gzip: 747.89 kB
build/server/index.js                                         4,397.70 kB Γöé gzip: 958.24 kB

[INEFFECTIVE_DYNAMIC_IMPORT] app/i18n/ar-SA.ts is dynamically imported by app/i18n/index.ts but also statically imported by app/routes/skills.tsx, dynamic import will not move module into another chunk.

[INEFFECTIVE_DYNAMIC_IMPORT] app/i18n/de-DE.ts is dynamically imported by app/i18n/index.ts but also statically imported by app/routes/skills.tsx, dynamic import will not move module into another chunk.

[INEFFECTIVE_DYNAMIC_IMPORT] app/i18n/es-ES.ts is dynamically imported by app/i18n/index.ts but also statically imported by app/routes/skills.tsx, dynamic import will not move module into another chunk.

[INEFFECTIVE_DYNAMIC_IMPORT] app/i18n/fr-FR.ts is dynamically imported by app/i18n/index.ts but also statically imported by app/routes/skills.tsx, dynamic import will not move module into another chunk.

[INEFFECTIVE_DYNAMIC_IMPORT] app/i18n/hi-IN.ts is dynamically imported by app/i18n/index.ts but also statically imported by app/routes/skills.tsx, dynamic import will not move module into another chunk.

[INEFFECTIVE_DYNAMIC_IMPORT] app/i18n/ja-JP.ts is dynamically imported by app/i18n/index.ts but also statically imported by app/routes/skills.tsx, dynamic import will not move module into another chunk.

[INEFFECTIVE_DYNAMIC_IMPORT] app/i18n/ko-KR.ts is dynamically imported by app/i18n/index.ts but also statically imported by app/routes/skills.tsx, dynamic import will not move module into another chunk.

[INEFFECTIVE_DYNAMIC_IMPORT] app/i18n/pt-BR.ts is dynamically imported by app/i18n/index.ts but also statically imported by app/routes/skills.tsx, dynamic import will not move module into another chunk.

[INEFFECTIVE_DYNAMIC_IMPORT] app/i18n/zh-CN.ts is dynamically imported by app/i18n/index.ts but also statically imported by app/routes/skills.tsx, dynamic import will not move module into another chunk.

[INEFFECTIVE_DYNAMIC_IMPORT] app/i18n/zh-TW.ts is dynamically imported by app/i18n/index.ts but also statically imported by app/routes/skills.tsx, dynamic import will not move module into another chunk.

[PLUGIN_TIMINGS] Your build spent significant time in plugins. Here is a breakdown:
  - agent-native-app-changelog-raw (18%)
  - react-router:virtual-modules (16%)
  - react-router:hmr-runtime (12%)
  - react-router:inject-hmr-runtime (12%)
  - react-router:dot-server (11%)
See https://rolldown.rs/reference/InputOptions.checks#plugintimings for more details.

[32mΓ£ô built in 12.53s[39m
[plugin agent-web-surfaces] [agent-web] Generated 963 files for 959 public routes
[deploy] Building for node...
[deploy] Building for preset "node" via Nitro...
[90m[[90mnitro[90m][39m [32mΓ£ö[39m Generated public [36m.output/public[39m
[deploy] Copied client assets to .output\public
[90m[[90mnitro[90m][39m [36mΓä╣[39m Building server (builder: [36mrolldown[39m, preset: [36mnode-server[39m, compatibility date: [36m2026-08-20[39m)
PLUGIN_TIMINGS
[PLUGIN_TIMINGS] Your build spent significant time in plugins. Here is a breakdown:
  - replace (34%)
  - agent-native-browser-only-server-stub (32%)
  - nitro:server-main (17%)
  - unwasm (14%)
See https://rolldown.rs/reference/InputOptions.checks#plugintimings for more details.

[36mΓä╣[39m Generated [36m.output/nitro.json[39m
[90m[[90mnitro[90m][39m [32mΓ£ö[39m Server built in 28544ms
[90m  Γö£ΓöÇ .output/server/_...asset_.get.mjs (1.36 kB)[39m[90m (674 B gzip)[39m
[90m  Γö£ΓöÇ .output/server/_...page_.get.mjs (2.65 kB)[39m[90m (1.23 kB gzip)[39m
[90m  Γö£ΓöÇ .output/server/_...page_.head.mjs (1.68 kB)[39m[90m (859 B gzip)[39m
[90m  Γö£ΓöÇ .output/server/_agent-native.get.mjs (418 B)[39m[90m (323 B gzip)[39m
[90m  Γö£ΓöÇ .output/server/_chunks/a2a-protocol-BP0u0KV7.mjs (32.6 kB)[39m[90m (11.4 kB gzip)[39m
[90m  Γö£ΓöÇ .output/server/_chunks/a2a-protocol-Br88fEn0.mjs (36.4 kB)[39m[90m (11.8 kB gzip)[39m
[90m  Γö£ΓöÇ .output/server/_chunks/a2a-protocol-CIguAhk1.mjs (32.1 kB)[39m[90m (11.2 kB gzip)[39m
[90m  Γö£ΓöÇ .output/server/_chunks/a2a-protocol-Cl2X9q7V.mjs (59.6 kB)[39m[90m (10.6 kB gzip)[39m
[90m  Γö£ΓöÇ .output/server/_chunks/a2a-protocol-Clx84yiC.mjs (31.6 kB)[39m[90m (10.7 kB gzip)[39m
[90m  Γö£ΓöÇ .output/server/_chunks/a2a-protocol-CWHg3zlE.mjs (27.8 kB)[39m[90m (11.1 kB gzip)[39m
[90m  Γö£ΓöÇ .output/server/_chunks/a2a-protocol-D_xV6U9y.mjs (37.5 kB)[39m[90m (11.8 kB gzip)[39m
[90m  Γö£ΓöÇ .output/server/_chunks/a2a-protocol-DDcpIMey.mjs (50.5 kB)[39m[90m (12.5 kB gzip)[39m
[90m  Γö£ΓöÇ .output/server/_chunks/a2a-protocol-DGz8Z0sG.mjs (27.6 kB)[39m[90m (11.1 kB gzip)[39m
[90m  Γö£ΓöÇ .output/server/_chunks/a2a-protocol-h41tyN8R.mjs (33.1 kB)[39m[90m (11.1 kB gzip)[39m
[90m  Γö£ΓöÇ .output/server/_chunks/a2a-protocol-VmT-Zh9u.mjs (32.3 kB)[39m[90m (10.7 kB gzip)[39m
[90m  Γö£ΓöÇ .output/server/_chunks/abap-LtYK6g-v.mjs (15.8 kB)[39m[90m (5.89 kB gzip)[39m
[90m  Γö£ΓöÇ .output/server/_chunks/actions-BPklhyIF.mjs (67.8 kB)[39m[90m (21.8 kB gzip)[39m
[90m  Γö£ΓöÇ .output/server/_chunks/actions-BqgZrgI0.mjs (39.1 kB)[39m[90m (13.1 kB gzip)[39m
[90m  Γö£ΓöÇ .output/server/_chunks/actions-C4k7vpwM.mjs (38.3 kB)[39m[90m (13.4 kB gzip)[39m
[90m  Γö£ΓöÇ .output/server/_chunks/actions-C6lVPSg3.mjs (37.8 kB)[39m[90m (12.7 kB gzip)[39m
[90m  Γö£ΓöÇ .output/server/_chunks/actions-CcutEZB6.mjs (44 kB)[39m[90m (13.8 kB gzip)[39m
[90m  Γö£ΓöÇ .output/server/_chunks/actions-CUfOQ1-g.mjs (58.5 kB)[39m[90m (14.9 kB gzip)[39m
[90m  Γö£ΓöÇ .output/server/_chunks/actions-D9x8wfjv.mjs (33.8 kB)[39m[90m (13.2 kB gzip)[39m
[90m  Γö£ΓöÇ .output/server/_chunks/actions-DdQDmvwI.mjs (38.5 kB)[39m[90m (12.9 kB gzip)[39m
[90m  Γö£ΓöÇ .output/server/_chunks/actions-DgQDg_zE.mjs (33.8 kB)[39m[90m (13.2 kB gzip)[39m
[90m  Γö£ΓöÇ .output/server/_chunks/actions-DselRLaj.mjs (38.4 kB)[39m[90m (13.6 kB gzip)[39m
[90m  Γö£ΓöÇ .output/server/_chunks/actions-kwsXrK9G.mjs (43.7 kB)[39m[90m (14.1 kB gzip)[39m
[90m  Γö£ΓöÇ .output/server/_chunks/actionscript-3-Czo0lKSf.mjs (15.2 kB)[39m[90m (2.65 kB gzip)[39m
[90m  Γö£ΓöÇ .output/server/_chunks/ada-twHwrVWN.mjs (48.1 kB)[39m[90m (5.92 kB gzip)[39m
[90m  Γö£ΓöÇ .output/server/_chunks/agent-mentions-BGvNskqG.mjs (9.51 kB)[39m[90m (4.26 kB gzip)[39m
[90m  Γö£ΓöÇ .output/server/_chunks/agent-mentions-BS8P7YzU.mjs (12.7 kB)[39m[90m (4.43 kB gzip)[39m
[90m  Γö£ΓöÇ .output/server/_chunks/agent-mentions-C5L9O5NM.mjs (10.5 kB)[39m[90m (3.96 kB gzip)[39m
[90m  Γö£ΓöÇ .output/server/_chunks/agent-mentions-C5ODKi11.mjs (11.2 kB)[39m[90m (4.4 kB gzip)[39m
[90m  Γö£ΓöÇ .output/server/_chunks/agent-mentions-D3SnOQfg.mjs (16.9 kB)[39m[90m (4.67 kB gzip)[39m
[90m  Γö£ΓöÇ .output/server/_chunks/agent-mentions-D90ZYw8U.mjs (10.8 kB)[39m[90m (3.99 kB gzip)[39m
[90m  Γö£ΓöÇ .output/server/_chunks/agent-mentions-DC5ovA8l.mjs (9.57 kB)[39m[90m (4.26 kB gzip)[39m
[90m  Γö£ΓöÇ .output/server/_chunks/agent-mentions-DmYbbUtU.mjs (21.3 kB)[39m[90m (4.09 kB gzip)[39m
[90m  Γö£ΓöÇ .output/server/_chunks/agent-mentions-jCTads3e.mjs (12.8 kB)[39m[90m (4.58 kB gzip)[39m
[90m  Γö£ΓöÇ .output/server/_chunks/agent-mentions-KdBR8VeQ.mjs (11 kB)[39m[90m (4.21 kB gzip)[39m
[90m  Γö£ΓöÇ .output/server/_chunks/agent-mentions-l0Bccpg9.mjs (11.1 kB)[39m[90m (4.1 kB gzip)[39m
[90m  Γö£ΓöÇ .output/server/_chunks/agent-surfaces-B_ORGCdj.mjs (29.3 kB)[39m[90m (9.27 kB gzip)[39m
[90m  Γö£ΓöÇ .output/server/_chunks/agent-surfaces-B6Qv0YmO.mjs (38.5 kB)[39m[90m (9.64 kB gzip)[39m
[90m  Γö£ΓöÇ .output/server/_chunks/agent-surfaces-BKzvim4L.mjs (46 kB)[39m[90m (8.17 kB gzip)[39m
[90m  Γö£ΓöÇ .output/server/_chunks/agent-surfaces-BZClcJrW.mjs (22 kB)[39m[90m (8.71 kB gzip)[39m
[90m  Γö£ΓöÇ .output/server/_chunks/agent-surfaces-C1HmqEKV.mjs (25.5 kB)[39m[90m (8.7 kB gzip)[39m
[90m  Γö£ΓöÇ .output/server/_chunks/agent-surfaces-CwBOSuRX.mjs (30 kB)[39m[90m (9.26 kB gzip)[39m
[90m  Γö£ΓöÇ .output/server/_chunks/agent-surfaces-Cy6RRnCH.mjs (24.4 kB)[39m[90m (8.27 kB gzip)[39m
[90m  Γö£ΓöÇ .output/server/_chunks/agent-surfaces-Dn8vpmJU.mjs (24.8 kB)[39m[90m (8.4 kB gzip)[39m
[90m  Γö£ΓöÇ .output/server/_chunks/agent-surfaces-DUfiUOHj.mjs (24.8 kB)[39m[90m (8.93 kB gzip)[39m
[90m  Γö£ΓöÇ .output/server/_chunks/agent-surfaces-IMVSiu1J.mjs (21.9 kB)[39m[90m (8.76 kB gzip)[39m
[90m  Γö£ΓöÇ .output/server/_chunks/agent-surfaces-R_9RyJJg.mjs (24.6 kB)[39m[90m (8.72 kB gzip)[39m
[90m  Γö£ΓöÇ .output/server/_chunks/agent-teams-0pguibXq.mjs (16.4 kB)[39m[90m (5.39 kB gzip)[39m
[90m  Γö£ΓöÇ .output/server/_chunks/agent-teams-bjAsk6t8.mjs (25.5 kB)[39m[90m (6.34 kB gzip)[39m
[90m  Γö£ΓöÇ .output/server/_chunks/agent-teams-BP2NjbZ8.mjs (19.8 kB)[39m[90m (6 kB gzip)[39m
[90m  Γö£ΓöÇ .output/server/_chunks/agent-teams-BRJoVmw5.mjs (29.1 kB)[39m[90m (5.04 kB gzip)[39m
[90m  Γö£ΓöÇ .output/server/_chunks/agent-teams-C40etsYX.mjs (16.8 kB)[39m[90m (5.78 kB gzip)[39m
[90m  Γö£ΓöÇ .output/server/_chunks/agent-teams-C4sWvno8.mjs (18.9 kB)[39m[90m (6.11 kB gzip)[39m
[90m  Γö£ΓöÇ .output/server/_chunks/agent-teams-CNYJxIi7.mjs (14.2 kB)[39m[90m (5.7 kB gzip)[39m
[90m  Γö£ΓöÇ .output/server/_chunks/agent-teams-CZapGmZH.mjs (14.3 kB)[39m[90m (5.67 kB gzip)[39m
[90m  Γö£ΓöÇ .output/server/_chunks/agent-teams-DCu_Q36c.mjs (16.7 kB)[39m[90m (5.77 kB gzip)[39m
[90m  Γö£ΓöÇ .output/server/_chunks/agent-teams-DGA5KYwb.mjs (16.1 kB)[39m[90m (5.35 kB gzip)[39m
[90m  Γö£ΓöÇ .output/server/_chunks/agent-teams-DxuA__-L.mjs (16.9 kB)[39m[90m (5.63 kB gzip)[39m
[90m  Γö£ΓöÇ .output/server/_chunks/agent-web-surfaces-_hfKSm2G.mjs (11.7 kB)[39m[90m (4.19 kB gzip)[39m
[90m  Γö£ΓöÇ .output/server/_chunks/agent-web-surfaces-BblZSGS8.mjs (17.9 kB)[39m[90m (3.56 kB gzip)[39m
[90m  Γö£ΓöÇ .output/server/_chunks/agent-web-surfaces-BHC24qVV.mjs (15.9 kB)[39m[90m (4.52 kB gzip)[39m
[90m  Γö£ΓöÇ .output/server/_chunks/agent-web-surfaces-C5ANBGJU.mjs (10 kB)[39m[90m (4.11 kB gzip)[39m
[90m  Γö£ΓöÇ .output/server/_chunks/agent-web-surfaces-CuGYUMyT.mjs (8.77 kB)[39m[90m (4.01 kB gzip)[39m
[90m  Γö£ΓöÇ .output/server/_chunks/agent-web-surfaces-CWaZyNB3.mjs (11.6 kB)[39m[90m (4.39 kB gzip)[39m
[90m  Γö£ΓöÇ .output/server/_chunks/agent-web-surfaces-D_tjWTBE.mjs (10.3 kB)[39m[90m (3.95 kB gzip)[39m
[90m  Γö£ΓöÇ .output/server/_chunks/agent-web-surfaces-DcSvHLjk.mjs (8.76 kB)[39m[90m (4.02 kB gzip)[39m
[90m  Γö£ΓöÇ .output/server/_chunks/agent-web-surfaces-DeWZcD7c.mjs (10.2 kB)[39m[90m (3.83 kB gzip)[39m
[90m  Γö£ΓöÇ .output/server/_chunks/agent-web-surfaces-DQoTuXsS.mjs (10.1 kB)[39m[90m (4.01 kB gzip)[39m
[90m  Γö£ΓöÇ .output/server/_chunks/agent-web-surfaces-Dx-WR-Mf.mjs (9.88 kB)[39m[90m (3.8 kB gzip)[39m
[90m  Γö£ΓöÇ .output/server/_chunks/analytics-session-BY7JPsRk.mjs (1.35 kB)[39m[90m (658 B gzip)[39m
[90m  Γö£ΓöÇ .output/server/_chunks/andromeeda-DNBXg3Cf.mjs (9.01 kB)[39m[90m (2.35 kB gzip)[39m
[90m  Γö£ΓöÇ .output/server/_chunks/angular-html-iq_RayZ4.mjs (24.3 kB)[39m[90m (3.96 kB gzip)[39m
[90m  Γö£ΓöÇ .output/server/_chunks/angular-ts-4UU5RDr8.mjs (184 kB)[39m[90m (16.2 kB gzip)[39m
[90m  Γö£ΓöÇ .output/server/_chunks/apache-BIl2qPOf.mjs (12.4 kB)[39m[90m (3.7 kB gzip)[39m
[90m  Γö£ΓöÇ .output/server/_chunks/apex-BkQQFAhi.mjs (47.8 kB)[39m[90m (6.78 kB gzip)[39m
[90m  Γö£ΓöÇ .output/server/_chunks/apl-9nSHGFDM.mjs (24 kB)[39m[90m (4.12 kB gzip)[39m
[90m  Γö£ΓöÇ .output/server/_chunks/applescript-CJ80B5XJ.mjs (29.6 kB)[39m[90m (5.87 kB gzip)[39m
[90m  Γö£ΓöÇ .output/server/_chunks/ar-SA-G6X2FPQ2-B955PWoz.mjs (25.7 kB)[39m[90m (9.09 kB gzip)[39m
[90m  Γö£ΓöÇ .output/server/_chunks/ara-IxnQjO6j.mjs (6.36 kB)[39m[90m (1.8 kB gzip)[39m
[90m  Γö£ΓöÇ .output/server/_chunks/arc-Dxiovn8S.mjs (3.46 kB)[39m[90m (1.45 kB gzip)[39m
[90m  Γö£ΓöÇ .output/server/_chunks/architecture-7EHR7CIX-iA7xUeLu.mjs (95 B)[39m[90m (108 B gzip)[39m
[90m  Γö£ΓöÇ .output/server/_chunks/architectureDiagram-3BPJPVTR-OrxGR4g7.mjs (147 kB)[39m[90m (39.8 kB gzip)[39m
[90m  Γö£ΓöÇ .output/server/_chunks/asciidoc-Dsw6zvwf.mjs (132 kB)[39m[90m (9.26 kB gzip)[39m
[90m  Γö£ΓöÇ .output/server/_chunks/asm-wBDSgBbA.mjs (40.7 kB)[39m[90m (8.08 kB gzip)[39m
[90m  Γö£ΓöÇ .output/server/_chunks/astro-B9odNLSK.mjs (24 kB)[39m[90m (7.54 kB gzip)[39m
[90m  Γö£ΓöÇ .output/server/_chunks/audit-log-BAgvihQe.mjs (15.1 kB)[39m[90m (4.42 kB gzip)[39m
[90m  Γö£ΓöÇ .output/server/_chunks/audit-log-BGobrszC.mjs (7.61 kB)[39m[90m (3.95 kB gzip)[39m
[90m  Γö£ΓöÇ .output/server/_chunks/audit-log-BhPekzHg.mjs (9.28 kB)[39m[90m (3.85 kB gzip)[39m
[90m  Γö£ΓöÇ .output/server/_chunks/audit-log-CgStdbws.mjs (8.75 kB)[39m[90m (3.65 kB gzip)[39m
[90m  Γö£ΓöÇ .output/server/_chunks/audit-log-CqYYM0VX.mjs (10.6 kB)[39m[90m (4.02 kB gzip)[39m
[90m  Γö£ΓöÇ .output/server/_chunks/audit-log-CRirLKGH.mjs (9.06 kB)[39m[90m (4.12 kB gzip)[39m
[90m  Γö£ΓöÇ .output/server/_chunks/audit-log-D1fkucLv.mjs (8.63 kB)[39m[90m (3.58 kB gzip)[39m
[90m  Γö£ΓöÇ .output/server/_chunks/audit-log-D7_lTHOh.mjs (7.63 kB)[39m[90m (3.97 kB gzip)[39m
[90m  Γö£ΓöÇ .output/server/_chunks/audit-log-DaTuNmnx.mjs (10.8 kB)[39m[90m (4.36 kB gzip)[39m
[90m  Γö£ΓöÇ .output/server/_chunks/audit-log-DrIH2Jry.mjs (15.5 kB)[39m[90m (3.4 kB gzip)[39m
[90m  Γö£ΓöÇ .output/server/_chunks/audit-log-l014dsdl.mjs (9.18 kB)[39m[90m (3.92 kB gzip)[39m
[90m  Γö£ΓöÇ .output/server/_chunks/aurora-x-BTj5emsn.mjs (13.7 kB)[39m[90m (2.26 kB gzip)[39m
[90m  Γö£ΓöÇ .output/server/_chunks/authentication-B855E2oP.mjs (32.5 kB)[39m[90m (9.15 kB gzip)[39m
[90m  Γö£ΓöÇ .output/server/_chunks/authentication-BlqtNr6J.mjs (23 kB)[39m[90m (8.59 kB gzip)[39m
[90m  Γö£ΓöÇ .output/server/_chunks/authentication-BQhsgtqO.mjs (27 kB)[39m[90m (8.78 kB gzip)[39m
[90m  Γö£ΓöÇ .output/server/_chunks/authentication-BWzjxzyr.mjs (23.1 kB)[39m[90m (8.59 kB gzip)[39m
[90m  Γö£ΓöÇ .output/server/_chunks/authentication-C_xVbUPc.mjs (27.8 kB)[39m[90m (8.74 kB gzip)[39m
[90m  Γö£ΓöÇ .output/server/_chunks/authentication-C4J6htPF.mjs (27.3 kB)[39m[90m (8.33 kB gzip)[39m
[90m  Γö£ΓöÇ .output/server/_chunks/authentication-Cd7sKrVP.mjs (28.5 kB)[39m[90m (8.47 kB gzip)[39m
[90m  Γö£ΓöÇ .output/server/_chunks/authentication-CDeS67vG.mjs (31.1 kB)[39m[90m (9.25 kB gzip)[39m
[90m  Γö£ΓöÇ .output/server/_chunks/authentication-D1c37Z4y.mjs (48.1 kB)[39m[90m (8.06 kB gzip)[39m
[90m  Γö£ΓöÇ .output/server/_chunks/authentication-iKenR6fn.mjs (42 kB)[39m[90m (9.56 kB gzip)[39m
[90m  Γö£ΓöÇ .output/server/_chunks/authentication-ZjNNZ5bc.mjs (28.9 kB)[39m[90m (8.68 kB gzip)[39m
[90m  Γö£ΓöÇ .output/server/_chunks/automation-connectors-BjVwkAsZ.mjs (15.9 kB)[39m[90m (3.44 kB gzip)[39m
[90m  Γö£ΓöÇ .output/server/_chunks/automations-_0s2fpYX.mjs (20.4 kB)[39m[90m (6.34 kB gzip)[39m
[90m  Γö£ΓöÇ .output/server/_chunks/automations-0TEmVZj3.mjs (23.4 kB)[39m[90m (7.02 kB gzip)[39m
[90m  Γö£ΓöÇ .output/server/_chunks/automations-Be30F2hY.mjs (21 kB)[39m[90m (6.49 kB gzip)[39m
[90m  Γö£ΓöÇ .output/server/_chunks/automations-BwnHGzfR.mjs (19.9 kB)[39m[90m (6.65 kB gzip)[39m
[90m  Γö£ΓöÇ .output/server/_chunks/automations-Cdn5B35U.mjs (20.5 kB)[39m[90m (6.54 kB gzip)[39m
[90m  Γö£ΓöÇ .output/server/_chunks/automations-CNRBhV6I.mjs (38.5 kB)[39m[90m (6.33 kB gzip)[39m
[90m  Γö£ΓöÇ .output/server/_chunks/automations-CrkPIDhG.mjs (19.7 kB)[39m[90m (6.31 kB gzip)[39m
[90m  Γö£ΓöÇ .output/server/_chunks/automations-OmwXuMeC.mjs (29.9 kB)[39m[90m (7.35 kB gzip)[39m
[90m  Γö£ΓöÇ .output/server/_chunks/automations-PFBZUbdL.mjs (17.9 kB)[39m[90m (6.6 kB gzip)[39m
[90m  Γö£ΓöÇ .output/server/_chunks/automations-Pqg8oRCP.mjs (17.8 kB)[39m[90m (6.59 kB gzip)[39m
[90m  Γö£ΓöÇ .output/server/_chunks/automations-Wz5dECVZ.mjs (23 kB)[39m[90m (7.07 kB gzip)[39m
[90m  Γö£ΓöÇ .output/server/_chunks/awk-D6dA05Ye.mjs (5.45 kB)[39m[90m (1.37 kB gzip)[39m
[90m  Γö£ΓöÇ .output/server/_chunks/ayu-dark-tFrWEz-n.mjs (20.1 kB)[39m[90m (3.9 kB gzip)[39m
[90m  Γö£ΓöÇ .output/server/_chunks/ayu-light-DD8e7Nu6.mjs (20.1 kB)[39m[90m (3.88 kB gzip)[39m
[90m  Γö£ΓöÇ .output/server/_chunks/ayu-mirage-Dz65n099.mjs (20.1 kB)[39m[90m (3.88 kB gzip)[39m
[90m  Γö£ΓöÇ .output/server/_chunks/az-AZ-76LH7QW2-De2tGWCA.mjs (8.61 kB)[39m[90m (3.56 kB gzip)[39m
[90m  Γö£ΓöÇ .output/server/_chunks/ballerina-DIdXD2KH.mjs (58.7 kB)[39m[90m (7.99 kB gzip)[39m
[90m  Γö£ΓöÇ .output/server/_chunks/bash-DkmFMJGG.mjs (68 B)[39m[90m (83 B gzip)[39m
[90m  Γö£ΓöÇ .output/server/_chunks/bat-hQslfzu-.mjs (12.9 kB)[39m[90m (3.21 kB gzip)[39m
[90m  Γö£ΓöÇ .output/server/_chunks/beancount-CXtOQ8oS.mjs (10.4 kB)[39m[90m (1.42 kB gzip)[39m
[90m  Γö£ΓöÇ .output/server/_chunks/berry-CgA2ea0_.mjs (3 kB)[39m[90m (804 B gzip)[39m
[90m  Γö£ΓöÇ .output/server/_chunks/bg-BG-XCXSNQG7-CtODSju9.mjs (20.8 kB)[39m[90m (7.36 kB gzip)[39m
[90m  Γö£ΓöÇ .output/server/_chunks/bibtex-BzgdqG3s.mjs (4.79 kB)[39m[90m (829 B gzip)[39m
[90m  Γö£ΓöÇ .output/server/_chunks/bicep-CZ338dSk.mjs (5.38 kB)[39m[90m (1.15 kB gzip)[39m
[90m  Γö£ΓöÇ .output/server/_chunks/bird2-GLyzhwkD.mjs (22.9 kB)[39m[90m (4.63 kB gzip)[39m
[90m  Γö£ΓöÇ .output/server/_chunks/blade-xnbujVt3.mjs (105 kB)[39m[90m (28.1 kB gzip)[39m
[90m  Γö£ΓöÇ .output/server/_chunks/blockDiagram-GPEHLZMM-Ds4dMjEH.mjs (72.6 kB)[39m[90m (20.3 kB gzip)[39m
[90m  Γö£ΓöÇ .output/server/_chunks/blueprint-installer--I9hYnbo.mjs (8.93 kB)[39m[90m (3.17 kB gzip)[39m
[90m  Γö£ΓöÇ .output/server/_chunks/blueprint-installer-1yDBjAFa.mjs (7.72 kB)[39m[90m (3.15 kB gzip)[39m
[90m  Γö£ΓöÇ .output/server/_chunks/blueprint-installer-BPbx4IoT.mjs (13.7 kB)[39m[90m (2.79 kB gzip)[39m
[90m  Γö£ΓöÇ .output/server/_chunks/blueprint-installer-Bs6cXAtR.mjs (6.57 kB)[39m[90m (3.11 kB gzip)[39m
[90m  Γö£ΓöÇ .output/server/_chunks/blueprint-installer-bY1pGF6Q.mjs (7.75 kB)[39m[90m (3.22 kB gzip)[39m
[90m  Γö£ΓöÇ .output/server/_chunks/blueprint-installer-Chn4l1sJ.mjs (7.65 kB)[39m[90m (3.04 kB gzip)[39m
[90m  Γö£ΓöÇ .output/server/_chunks/blueprint-installer-CJeYxOdf.mjs (13.4 kB)[39m[90m (3.51 kB gzip)[39m
[90m  Γö£ΓöÇ .output/server/_chunks/blueprint-installer-CQfX1vTI.mjs (7.51 kB)[39m[90m (2.93 kB gzip)[39m
[90m  Γö£ΓöÇ .output/server/_chunks/blueprint-installer-CxgBj7fw.mjs (6.57 kB)[39m[90m (3.13 kB gzip)[39m
[90m  Γö£ΓöÇ .output/server/_chunks/blueprint-installer-DjXZR0xz.mjs (7.44 kB)[39m[90m (2.89 kB gzip)[39m
[90m  Γö£ΓöÇ .output/server/_chunks/blueprint-installer-qM0M5O44.mjs (9.1 kB)[39m[90m (3.45 kB gzip)[39m
[90m  Γö£ΓöÇ .output/server/_chunks/bn-BD-2XOGV67Q-tGfVRCMH.mjs (23.6 kB)[39m[90m (6.67 kB gzip)[39m
[90m  Γö£ΓöÇ .output/server/_chunks/bsl-C86lDlce.mjs (33.9 kB)[39m[90m (8.34 kB gzip)[39m
[90m  Γö£ΓöÇ .output/server/_chunks/c-DwpUCsID.mjs (72.2 kB)[39m[90m (10.5 kB gzip)[39m
[90m  Γö£ΓöÇ .output/server/_chunks/c3-BLXk7BLN.mjs (27 kB)[39m[90m (3.9 kB gzip)[39m
[90m  Γö£ΓöÇ .output/server/_chunks/c4Diagram-AAUBKEIU-By8yrOag.mjs (69.1 kB)[39m[90m (19.1 kB gzip)[39m
[90m  Γö£ΓöÇ .output/server/_chunks/ca-ES-6MX7JW3Y-Bgdtzd3O.mjs (19.8 kB)[39m[90m (7.86 kB gzip)[39m
[90m  Γö£ΓöÇ .output/server/_chunks/cadence-B1ELWULD.mjs (23.7 kB)[39m[90m (3.62 kB gzip)[39m
[90m  Γö£ΓöÇ .output/server/_chunks/cairo-I5nkPTh-.mjs (2.93 kB)[39m[90m (798 B gzip)[39m
[90m  Γö£ΓöÇ .output/server/_chunks/catppuccin-frappe-Cna-3uVe.mjs (47.3 kB)[39m[90m (7.94 kB gzip)[39m
[90m  Γö£ΓöÇ .output/server/_chunks/catppuccin-latte-BAtg_INX.mjs (47.3 kB)[39m[90m (7.92 kB gzip)[39m
[90m  Γö£ΓöÇ .output/server/_chunks/catppuccin-macchiato-7pj-qKH0.mjs (47.3 kB)[39m[90m (7.93 kB gzip)[39m
[90m  Γö£ΓöÇ .output/server/_chunks/catppuccin-mocha-CYVbLROP.mjs (47.3 kB)[39m[90m (7.93 kB gzip)[39m
[90m  Γö£ΓöÇ .output/server/_chunks/channel-Uky7iHSd.mjs (113 B)[39m[90m (123 B gzip)[39m
[90m  Γö£ΓöÇ .output/server/_chunks/chunk-2J33WTMH-BMZvRqFy.mjs (503 B)[39m[90m (359 B gzip)[39m
[90m  Γö£ΓöÇ .output/server/_chunks/chunk-4BX2VUAB-BIn2iR7i.mjs (223 B)[39m[90m (169 B gzip)[39m
[90m  Γö£ΓöÇ .output/server/_chunks/chunk-55IACEB6-itOkv3TH.mjs (232 B)[39m[90m (207 B gzip)[39m
[90m  Γö£ΓöÇ .output/server/_chunks/chunk-6U3AYISY-Cygkn8OP.mjs (22.4 kB)[39m[90m (8.61 kB gzip)[39m
[90m  Γö£ΓöÇ .output/server/_chunks/chunk-727SXJPM-CTQFbldB.mjs (48.5 kB)[39m[90m (15.4 kB gzip)[39m
[90m  Γö£ΓöÇ .output/server/_chunks/chunk-AQP2D5EJ-CygVDr0f.mjs (36.6 kB)[39m[90m (11.7 kB gzip)[39m
[90m  Γö£ΓöÇ .output/server/_chunks/chunk-EIO257PC-ChkU4LzA.mjs (1.82 MB)[39m[90m (736 kB gzip)[39m
[90m  Γö£ΓöÇ .output/server/_chunks/chunk-FMBD7UC4-D1-GEOC2.mjs (362 B)[39m[90m (270 B gzip)[39m
[90m  Γö£ΓöÇ .output/server/_chunks/chunk-K2UTITRG--4DcdWLU.mjs (534 kB)[39m[90m (176 kB gzip)[39m
[90m  Γö£ΓöÇ .output/server/_chunks/chunk-ND2GUHAM-BukW_d8f.mjs (1.87 kB)[39m[90m (838 B gzip)[39m
[90m  Γö£ΓöÇ .output/server/_chunks/chunk-QZHKN3VN-DjhED8kr.mjs (191 B)[39m[90m (161 B gzip)[39m
[90m  Γö£ΓöÇ .output/server/_chunks/chunk-SRAX5OIU-T3uSXHet.mjs (598 B)[39m[90m (398 B gzip)[39m
[90m  Γö£ΓöÇ .output/server/_chunks/chunk-Z3N5DIM6-B9jrzNwi.mjs (642 B)[39m[90m (428 B gzip)[39m
[90m  Γö£ΓöÇ .output/server/_chunks/clarity-2iIoRiLx.mjs (14.3 kB)[39m[90m (2.45 kB gzip)[39m
[90m  Γö£ΓöÇ .output/server/_chunks/classDiagram-4FO5ZUOK-Blxalhc8.mjs (426 B)[39m[90m (299 B gzip)[39m
[90m  Γö£ΓöÇ .output/server/_chunks/classDiagram-v2-Q7XG4LA2-n1tAHOJp.mjs (426 B)[39m[90m (299 B gzip)[39m
[90m  Γö£ΓöÇ .output/server/_chunks/cli-adapters-BiyCzEOx.mjs (6.71 kB)[39m[90m (2.58 kB gzip)[39m
[90m  Γö£ΓöÇ .output/server/_chunks/cli-adapters-BKSCB4hz.mjs (6.81 kB)[39m[90m (2.88 kB gzip)[39m
[90m  Γö£ΓöÇ .output/server/_chunks/cli-adapters-BTYaV0e6.mjs (7.27 kB)[39m[90m (2.88 kB gzip)[39m
[90m  Γö£ΓöÇ .output/server/_chunks/cli-adapters-C1NTOels.mjs (6.78 kB)[39m[90m (2.67 kB gzip)[39m
[90m  Γö£ΓöÇ .output/server/_chunks/cli-adapters-C2Yz-WDq.mjs (6.21 kB)[39m[90m (2.76 kB gzip)[39m
[90m  Γö£ΓöÇ .output/server/_chunks/cli-adapters-CfP3xTjh.mjs (9.12 kB)[39m[90m (2.99 kB gzip)[39m
[90m  Γö£ΓöÇ .output/server/_chunks/cli-adapters-CjYN73Zp.mjs (6.61 kB)[39m[90m (2.55 kB gzip)[39m
[90m  Γö£ΓöÇ .output/server/_chunks/cli-adapters-Cnh4NzDV.mjs (6.84 kB)[39m[90m (2.63 kB gzip)[39m
[90m  Γö£ΓöÇ .output/server/_chunks/cli-adapters-DFBxRcOB.mjs (12.7 kB)[39m[90m (2.53 kB gzip)[39m
[90m  Γö£ΓöÇ .output/server/_chunks/cli-adapters-Dh3m0L82.mjs (6.21 kB)[39m[90m (2.76 kB gzip)[39m
[90m  Γö£ΓöÇ .output/server/_chunks/cli-adapters-iLrHru1K.mjs (7.34 kB)[39m[90m (2.91 kB gzip)[39m
[90m  Γö£ΓöÇ .output/server/_chunks/client-1di4Xiwk.mjs (45.1 kB)[39m[90m (7.93 kB gzip)[39m
[90m  Γö£ΓöÇ .output/server/_chunks/client-AvbuNdtj.mjs (24.1 kB)[39m[90m (8.02 kB gzip)[39m
[90m  Γö£ΓöÇ .output/server/_chunks/client-B5OB_h9E.mjs (21.3 kB)[39m[90m (8.47 kB gzip)[39m
[90m  Γö£ΓöÇ .output/server/_chunks/client-Bf2jMV8x.mjs (24.8 kB)[39m[90m (8.32 kB gzip)[39m
[90m  Γö£ΓöÇ .output/server/_chunks/client-BKb8PKGa.mjs (21.3 kB)[39m[90m (8.48 kB gzip)[39m
[90m  Γö£ΓöÇ .output/server/_chunks/client-BkG5ZtrJ.mjs (23.6 kB)[39m[90m (7.98 kB gzip)[39m
[90m  Γö£ΓöÇ .output/server/_chunks/client-Buh1NYQI.mjs (24.8 kB)[39m[90m (8.5 kB gzip)[39m
[90m  Γö£ΓöÇ .output/server/_chunks/client-BYb4sxak.mjs (27.9 kB)[39m[90m (8.67 kB gzip)[39m
[90m  Γö£ΓöÇ .output/server/_chunks/client-C_LY4679.mjs (24.4 kB)[39m[90m (8.59 kB gzip)[39m
[90m  Γö£ΓöÇ .output/server/_chunks/client-C2knMGSm.mjs (35.9 kB)[39m[90m (9.26 kB gzip)[39m
[90m  Γö£ΓöÇ .output/server/_chunks/client-ZzohMLG-.mjs (27.4 kB)[39m[90m (8.91 kB gzip)[39m
[90m  Γö£ΓöÇ .output/server/_chunks/clojure-DDsQ0FaV.mjs (6.41 kB)[39m[90m (1.41 kB gzip)[39m
[90m  Γö£ΓöÇ .output/server/_chunks/cloneable-saas-BAjmYPpU.mjs (22.6 kB)[39m[90m (5.94 kB gzip)[39m
[90m  Γö£ΓöÇ .output/server/_chunks/cloneable-saas-BlCCRLBJ.mjs (17.1 kB)[39m[90m (5.53 kB gzip)[39m
[90m  Γö£ΓöÇ .output/server/_chunks/cloneable-saas-BOdD9LKB.mjs (16.1 kB)[39m[90m (5.66 kB gzip)[39m
[90m  Γö£ΓöÇ .output/server/_chunks/cloneable-saas-BpmArdCc.mjs (14.2 kB)[39m[90m (5.14 kB gzip)[39m
[90m  Γö£ΓöÇ .output/server/_chunks/cloneable-saas-Cj5j8lzF.mjs (12.1 kB)[39m[90m (5.31 kB gzip)[39m
[90m  Γö£ΓöÇ .output/server/_chunks/cloneable-saas-CkOaSs4t.mjs (14.1 kB)[39m[90m (5.47 kB gzip)[39m
[90m  Γö£ΓöÇ .output/server/_chunks/cloneable-saas-D2JYyPIv.mjs (12.2 kB)[39m[90m (5.32 kB gzip)[39m
[90m  Γö£ΓöÇ .output/server/_chunks/cloneable-saas-D7Y9nLAg.mjs (24.2 kB)[39m[90m (4.71 kB gzip)[39m
[90m  Γö£ΓöÇ .output/server/_chunks/cloneable-saas-DijN7qd9.mjs (13.3 kB)[39m[90m (4.9 kB gzip)[39m
[90m  Γö£ΓöÇ .output/server/_chunks/cloneable-saas-GX2JwlDZ.mjs (13.9 kB)[39m[90m (5.22 kB gzip)[39m
[90m  Γö£ΓöÇ .output/server/_chunks/cloneable-saas-LaPjuAo0.mjs (13.2 kB)[39m[90m (4.86 kB gzip)[39m
[90m  Γö£ΓöÇ .output/server/_chunks/cmake-DPsCB_V6.mjs (9.85 kB)[39m[90m (3.37 kB gzip)[39m
[90m  Γö£ΓöÇ .output/server/_chunks/cobol-Ds4qF9fp.mjs (39.1 kB)[39m[90m (10.8 kB gzip)[39m
[90m  Γö£ΓöÇ .output/server/_chunks/code-agents-ui-BWBeMvL2.mjs (25.6 kB)[39m[90m (9.52 kB gzip)[39m
[90m  Γö£ΓöÇ .output/server/_chunks/code-agents-ui-C13mZuE9.mjs (36.4 kB)[39m[90m (10.2 kB gzip)[39m
[90m  Γö£ΓöÇ .output/server/_chunks/code-agents-ui-CIL8nCDU.mjs (56.7 kB)[39m[90m (9.21 kB gzip)[39m
[90m  Γö£ΓöÇ .output/server/_chunks/code-agents-ui-CX6INHu9.mjs (30 kB)[39m[90m (9.37 kB gzip)[39m
[90m  Γö£ΓöÇ .output/server/_chunks/code-agents-ui-D3B7FzdN.mjs (36 kB)[39m[90m (10.4 kB gzip)[39m
[90m  Γö£ΓöÇ .output/server/_chunks/code-agents-ui-DfLCufyX.mjs (30.5 kB)[39m[90m (9.82 kB gzip)[39m
[90m  Γö£ΓöÇ .output/server/_chunks/code-agents-ui-DmI3YqLe.mjs (31.7 kB)[39m[90m (9.92 kB gzip)[39m
[90m  Γö£ΓöÇ .output/server/_chunks/code-agents-ui-DopV-ENb.mjs (30.9 kB)[39m[90m (10 kB gzip)[39m
[90m  Γö£ΓöÇ .output/server/_chunks/code-agents-ui-DsMJ5iWL.mjs (30.7 kB)[39m[90m (9.41 kB gzip)[39m
[90m  Γö£ΓöÇ .output/server/_chunks/code-agents-ui-Dt6aVH4G.mjs (48.1 kB)[39m[90m (11 kB gzip)[39m
[90m  Γö£ΓöÇ .output/server/_chunks/code-agents-ui-zEYMVDza.mjs (25.2 kB)[39m[90m (9.55 kB gzip)[39m
[90m  Γö£ΓöÇ .output/server/_chunks/codeowners-CxEKPWu0.mjs (540 B)[39m[90m (312 B gzip)[39m
[90m  Γö£ΓöÇ .output/server/_chunks/codeql-BwdvwJnv.mjs (26.9 kB)[39m[90m (3.75 kB gzip)[39m
[90m  Γö£ΓöÇ .output/server/_chunks/coffee-t7RtdtDN.mjs (27.4 kB)[39m[90m (6.32 kB gzip)[39m
[90m  Γö£ΓöÇ .output/server/_chunks/common-lisp-DJtwvW4V.mjs (22.6 kB)[39m[90m (6.04 kB gzip)[39m
[90m  Γö£ΓöÇ .output/server/_chunks/components-Bc0QMRLJ.mjs (32.5 kB)[39m[90m (8.53 kB gzip)[39m
[90m  Γö£ΓöÇ .output/server/_chunks/components-BqqyyJfw.mjs (33.1 kB)[39m[90m (8.86 kB gzip)[39m
[90m  Γö£ΓöÇ .output/server/_chunks/components-C9zOIDH0.mjs (29 kB)[39m[90m (8.45 kB gzip)[39m
[90m  Γö£ΓöÇ .output/server/_chunks/components-CJFq5M64.mjs (29.8 kB)[39m[90m (7.87 kB gzip)[39m
[90m  Γö£ΓöÇ .output/server/_chunks/components-CL1RE1s5.mjs (54.8 kB)[39m[90m (7.75 kB gzip)[39m
[90m  Γö£ΓöÇ .output/server/_chunks/components-DaKXlmGb.mjs (40.6 kB)[39m[90m (9.03 kB gzip)[39m
[90m  Γö£ΓöÇ .output/server/_chunks/components-DGGbgg09.mjs (25.8 kB)[39m[90m (8.4 kB gzip)[39m
[90m  Γö£ΓöÇ .output/server/_chunks/components-DY12EB4X.mjs (25.8 kB)[39m[90m (8.39 kB gzip)[39m
[90m  Γö£ΓöÇ .output/server/_chunks/components-pUu_x3jD.mjs (30.8 kB)[39m[90m (8.16 kB gzip)[39m
[90m  Γö£ΓöÇ .output/server/_chunks/components-URJFeGq_.mjs (30.4 kB)[39m[90m (8.26 kB gzip)[39m
[90m  Γö£ΓöÇ .output/server/_chunks/components-vdfOOMGo.mjs (30.6 kB)[39m[90m (7.97 kB gzip)[39m
[90m  Γö£ΓöÇ .output/server/_chunks/context-awareness-B1PIv95p.mjs (44.4 kB)[39m[90m (10.8 kB gzip)[39m
[90m  Γö£ΓöÇ .output/server/_chunks/context-awareness-BRZ5fJvL.mjs (33.8 kB)[39m[90m (10 kB gzip)[39m
[90m  Γö£ΓöÇ .output/server/_chunks/context-awareness-BW23OYd9.mjs (28.4 kB)[39m[90m (9.19 kB gzip)[39m
[90m  Γö£ΓöÇ .output/server/_chunks/context-awareness-C8M-9iuI.mjs (28.9 kB)[39m[90m (9.76 kB gzip)[39m
[90m  Γö£ΓöÇ .output/server/_chunks/context-awareness-CGKkydkF.mjs (27.5 kB)[39m[90m (9.1 kB gzip)[39m
[90m  Γö£ΓöÇ .output/server/_chunks/context-awareness-CKPiuvKA.mjs (24.6 kB)[39m[90m (9.69 kB gzip)[39m
[90m  Γö£ΓöÇ .output/server/_chunks/context-awareness-D7GryUty.mjs (24.5 kB)[39m[90m (9.73 kB gzip)[39m
[90m  Γö£ΓöÇ .output/server/_chunks/context-awareness-DC7QpYby.mjs (33.2 kB)[39m[90m (10.3 kB gzip)[39m
[90m  Γö£ΓöÇ .output/server/_chunks/context-awareness-DQeZAVMr.mjs (29.5 kB)[39m[90m (9.56 kB gzip)[39m
[90m  Γö£ΓöÇ .output/server/_chunks/context-awareness-hB6UJ-i-.mjs (51.6 kB)[39m[90m (8.93 kB gzip)[39m
[90m  Γö£ΓöÇ .output/server/_chunks/context-awareness-xhqyX1OI.mjs (29 kB)[39m[90m (9.86 kB gzip)[39m
[90m  Γö£ΓöÇ .output/server/_chunks/coq-Ds6Ye5el.mjs (5.55 kB)[39m[90m (1.9 kB gzip)[39m
[90m  Γö£ΓöÇ .output/server/_chunks/core-DFk718Ta.mjs (1.32 kB)[39m[90m (611 B gzip)[39m
[90m  Γö£ΓöÇ .output/server/_chunks/cose-bilkent-S5V4N54A-QL15gXbL.mjs (81.4 kB)[39m[90m (21.3 kB gzip)[39m
[90m  Γö£ΓöÇ .output/server/_chunks/cpp-B7eqbDvN.mjs (626 kB)[39m[90m (43.9 kB gzip)[39m
[90m  Γö£ΓöÇ .output/server/_chunks/creating-templates-ceUS1r5a.mjs (25.7 kB)[39m[90m (9.08 kB gzip)[39m
[90m  Γö£ΓöÇ .output/server/_chunks/creating-templates-Cj5a1m1Y.mjs (41.3 kB)[39m[90m (7.89 kB gzip)[39m
[90m  Γö£ΓöÇ .output/server/_chunks/creating-templates-ClkJOA3E.mjs (22.7 kB)[39m[90m (8.74 kB gzip)[39m
[90m  Γö£ΓöÇ .output/server/_chunks/creating-templates-CSdXkCNc.mjs (19.9 kB)[39m[90m (8.53 kB gzip)[39m
[90m  Γö£ΓöÇ .output/server/_chunks/creating-templates-CSPp4Fvm.mjs (22.2 kB)[39m[90m (8.13 kB gzip)[39m
[90m  Γö£ΓöÇ .output/server/_chunks/creating-templates-D_GQF5B-.mjs (22.7 kB)[39m[90m (8.2 kB gzip)[39m
[90m  Γö£ΓöÇ .output/server/_chunks/creating-templates-D7zcySK1.mjs (23.2 kB)[39m[90m (8.33 kB gzip)[39m
[90m  Γö£ΓöÇ .output/server/_chunks/creating-templates-DSDrF-5S.mjs (22.5 kB)[39m[90m (8.45 kB gzip)[39m
[90m  Γö£ΓöÇ .output/server/_chunks/creating-templates-Dxx542M4.mjs (26 kB)[39m[90m (8.8 kB gzip)[39m
[90m  Γö£ΓöÇ .output/server/_chunks/creating-templates-EqNYkU-Z.mjs (33.9 kB)[39m[90m (9.46 kB gzip)[39m
[90m  Γö£ΓöÇ .output/server/_chunks/creating-templates-Ivg9lRC6.mjs (19.9 kB)[39m[90m (8.51 kB gzip)[39m
[90m  Γö£ΓöÇ .output/server/_chunks/cross-app-sso--B1FwRKE.mjs (20.3 kB)[39m[90m (6.69 kB gzip)[39m
[90m  Γö£ΓöÇ .output/server/_chunks/cross-app-sso-8fuLFyCY.mjs (22.5 kB)[39m[90m (7.03 kB gzip)[39m
[90m  Γö£ΓöÇ .output/server/_chunks/cross-app-sso-B7scMfvm.mjs (17.1 kB)[39m[90m (6.67 kB gzip)[39m
[90m  Γö£ΓöÇ .output/server/_chunks/cross-app-sso-CAja69j8.mjs (19.3 kB)[39m[90m (6.34 kB gzip)[39m
[90m  Γö£ΓöÇ .output/server/_chunks/cross-app-sso-CfAews0i.mjs (33.8 kB)[39m[90m (7.56 kB gzip)[39m
[90m  Γö£ΓöÇ .output/server/_chunks/cross-app-sso-D-iVstFx.mjs (17.2 kB)[39m[90m (6.68 kB gzip)[39m
[90m  Γö£ΓöÇ .output/server/_chunks/cross-app-sso-DTdwf4Dn.mjs (19.9 kB)[39m[90m (6.8 kB gzip)[39m
[90m  Γö£ΓöÇ .output/server/_chunks/cross-app-sso-DVlfiwnD.mjs (20.1 kB)[39m[90m (6.4 kB gzip)[39m
[90m  Γö£ΓöÇ .output/server/_chunks/cross-app-sso-DwWqy_xI.mjs (33.8 kB)[39m[90m (6.04 kB gzip)[39m
[90m  Γö£ΓöÇ .output/server/_chunks/cross-app-sso-jdMf9B9n.mjs (19.5 kB)[39m[90m (6.66 kB gzip)[39m
[90m  Γö£ΓöÇ .output/server/_chunks/cross-app-sso-V4vEjlx9.mjs (25.4 kB)[39m[90m (7.22 kB gzip)[39m
[90m  Γö£ΓöÇ .output/server/_chunks/crystal-DPZnAA5c.mjs (29.4 kB)[39m[90m (4.4 kB gzip)[39m
[90m  Γö£ΓöÇ .output/server/_chunks/cs-CZ-2BRQDIVT-DpXIMteK.mjs (19.5 kB)[39m[90m (8.34 kB gzip)[39m
[90m  Γö£ΓöÇ .output/server/_chunks/csharp-CFKaLbHg.mjs (90.2 kB)[39m[90m (10.6 kB gzip)[39m
[90m  Γö£ΓöÇ .output/server/_chunks/css-CHuIO3qC.mjs (60 B)[39m[90m (75 B gzip)[39m
[90m  Γö£ΓöÇ .output/server/_chunks/css-N-5if8E4.mjs (49.2 kB)[39m[90m (11.9 kB gzip)[39m
[90m  Γö£ΓöÇ .output/server/_chunks/csv-DqIVFkK7.mjs (1.14 kB)[39m[90m (363 B gzip)[39m
[90m  Γö£ΓöÇ .output/server/_chunks/cue-B5KneM5p.mjs (16.2 kB)[39m[90m (2.03 kB gzip)[39m
[90m  Γö£ΓöÇ .output/server/_chunks/cypher-D8Bb8Cq2.mjs (5.95 kB)[39m[90m (1.72 kB gzip)[39m
[90m  Γö£ΓöÇ .output/server/_chunks/cytoscape.esm-D2g3U77F.mjs (436 kB)[39m[90m (137 kB gzip)[39m
[90m  Γö£ΓöÇ .output/server/_chunks/d-BQY8TDgQ.mjs (43.8 kB)[39m[90m (8.38 kB gzip)[39m
[90m  Γö£ΓöÇ .output/server/_chunks/da-DK-5WZEPLOC-D07uleaB.mjs (14.4 kB)[39m[90m (6.03 kB gzip)[39m
[90m  Γö£ΓöÇ .output/server/_chunks/dagre-BM42HDAG-C1LqXOOc.mjs (10.9 kB)[39m[90m (3.98 kB gzip)[39m
[90m  Γö£ΓöÇ .output/server/_chunks/dagre-DLLXiM5s.mjs (36.9 kB)[39m[90m (13.1 kB gzip)[39m
[90m  Γö£ΓöÇ .output/server/_chunks/dark-plus-BV8d9RMO.mjs (9.09 kB)[39m[90m (2.08 kB gzip)[39m
[90m  Γö£ΓöÇ .output/server/_chunks/dart-C6DUdjib.mjs (8.62 kB)[39m[90m (1.98 kB gzip)[39m
[90m  Γö£ΓöÇ .output/server/_chunks/data-programs-B70PTaNF.mjs (29.5 kB)[39m[90m (9.28 kB gzip)[39m
[90m  Γö£ΓöÇ .output/server/_chunks/data-programs-BflQOZwn.mjs (25.5 kB)[39m[90m (10 kB gzip)[39m
[90m  Γö£ΓöÇ .output/server/_chunks/data-programs-BUf05_kK.mjs (35 kB)[39m[90m (10.5 kB gzip)[39m
[90m  Γö£ΓöÇ .output/server/_chunks/data-programs-BZ5kqVGz.mjs (30.6 kB)[39m[90m (9.96 kB gzip)[39m
[90m  Γö£ΓöÇ .output/server/_chunks/data-programs-Cwo1rB8W.mjs (52.6 kB)[39m[90m (8.95 kB gzip)[39m
[90m  Γö£ΓöÇ .output/server/_chunks/data-programs-D1cgTcIr.mjs (29.8 kB)[39m[90m (9.36 kB gzip)[39m
[90m  Γö£ΓöÇ .output/server/_chunks/data-programs-DDN6Gcjh.mjs (48.4 kB)[39m[90m (11.1 kB gzip)[39m
[90m  Γö£ΓöÇ .output/server/_chunks/data-programs-Decv3qSI.mjs (25.7 kB)[39m[90m (10.1 kB gzip)[39m
[90m  Γö£ΓöÇ .output/server/_chunks/data-programs-DxsuAVYx.mjs (30.9 kB)[39m[90m (10.3 kB gzip)[39m
[90m  Γö£ΓöÇ .output/server/_chunks/data-programs-Jl2CeGtx.mjs (33.8 kB)[39m[90m (10.8 kB gzip)[39m
[90m  Γö£ΓöÇ .output/server/_chunks/data-programs-KtkAO92o.mjs (30.8 kB)[39m[90m (9.67 kB gzip)[39m
[90m  Γö£ΓöÇ .output/server/_chunks/database-Bd144omJ.mjs (16.8 kB)[39m[90m (6.11 kB gzip)[39m
[90m  Γö£ΓöÇ .output/server/_chunks/database-Bp8a5wY_.mjs (15.8 kB)[39m[90m (5.73 kB gzip)[39m
[90m  Γö£ΓöÇ .output/server/_chunks/database-C5FhjEZz.mjs (23 kB)[39m[90m (6.43 kB gzip)[39m
[90m  Γö£ΓöÇ .output/server/_chunks/database-C9Zmbvbh.mjs (17.7 kB)[39m[90m (5.99 kB gzip)[39m
[90m  Γö£ΓöÇ .output/server/_chunks/database-Ctzlomye.mjs (15.2 kB)[39m[90m (5.72 kB gzip)[39m
[90m  Γö£ΓöÇ .output/server/_chunks/database-D37e35ws.mjs (15.4 kB)[39m[90m (5.86 kB gzip)[39m
[90m  Γö£ΓöÇ .output/server/_chunks/database-D95pSCoh.mjs (15 kB)[39m[90m (5.43 kB gzip)[39m
[90m  Γö£ΓöÇ .output/server/_chunks/database-DjGkBZYc.mjs (13.4 kB)[39m[90m (5.76 kB gzip)[39m
[90m  Γö£ΓöÇ .output/server/_chunks/database-DlG-M5ap.mjs (15.1 kB)[39m[90m (5.45 kB gzip)[39m
[90m  Γö£ΓöÇ .output/server/_chunks/database-qw3I-mKD.mjs (30.8 kB)[39m[90m (5.79 kB gzip)[39m
[90m  Γö£ΓöÇ .output/server/_chunks/database-rH1BktN6.mjs (13.3 kB)[39m[90m (5.77 kB gzip)[39m
[90m  Γö£ΓöÇ .output/server/_chunks/dax-S-Noo-ku.mjs (5.36 kB)[39m[90m (2.22 kB gzip)[39m
[90m  Γö£ΓöÇ .output/server/_chunks/de-DE-XR44H4JA-BoCk65EW.mjs (23.3 kB)[39m[90m (8.94 kB gzip)[39m
[90m  Γö£ΓöÇ .output/server/_chunks/defaultLocale-5iMEeW9r.mjs (4.65 kB)[39m[90m (2.12 kB gzip)[39m
[90m  Γö£ΓöÇ .output/server/_chunks/deployment-7NBgSnjn.mjs (26.5 kB)[39m[90m (8.79 kB gzip)[39m
[90m  Γö£ΓöÇ .output/server/_chunks/deployment-BBaaugtr.mjs (26.1 kB)[39m[90m (8.26 kB gzip)[39m
[90m  Γö£ΓöÇ .output/server/_chunks/deployment-Be9dPSea.mjs (30.5 kB)[39m[90m (9.27 kB gzip)[39m
[90m  Γö£ΓöÇ .output/server/_chunks/deployment-BQ2i8n64.mjs (22.6 kB)[39m[90m (8.63 kB gzip)[39m
[90m  Γö£ΓöÇ .output/server/_chunks/deployment-CoLlfyXS.mjs (26.8 kB)[39m[90m (8.35 kB gzip)[39m
[90m  Γö£ΓöÇ .output/server/_chunks/deployment-CsQYa7EV.mjs (54.7 kB)[39m[90m (9.14 kB gzip)[39m
[90m  Γö£ΓöÇ .output/server/_chunks/deployment-CuQ6HFJ_.mjs (41.5 kB)[39m[90m (9.7 kB gzip)[39m
[90m  Γö£ΓöÇ .output/server/_chunks/deployment-DM0iEiB5.mjs (27.5 kB)[39m[90m (8.68 kB gzip)[39m
[90m  Γö£ΓöÇ .output/server/_chunks/deployment-sjCR6nag.mjs (31.1 kB)[39m[90m (9.16 kB gzip)[39m
[90m  Γö£ΓöÇ .output/server/_chunks/deployment-Vq8VhS8E.mjs (26.5 kB)[39m[90m (8.74 kB gzip)[39m
[90m  Γö£ΓöÇ .output/server/_chunks/deployment-y6KJnOVM.mjs (22.8 kB)[39m[90m (8.66 kB gzip)[39m
[90m  Γö£ΓöÇ .output/server/_chunks/desktop-BgOb7Aj4.mjs (1.83 kB)[39m[90m (755 B gzip)[39m
[90m  Γö£ΓöÇ .output/server/_chunks/desktop-latest.json.get.mjs (520 B)[39m[90m (303 B gzip)[39m
[90m  Γö£ΓöÇ .output/server/_chunks/desktop-releases.mjs (2.59 kB)[39m[90m (1.11 kB gzip)[39m
[90m  Γö£ΓöÇ .output/server/_chunks/diagram-2AECGRRQ-Du2oYbMj.mjs (5.67 kB)[39m[90m (2.33 kB gzip)[39m
[90m  Γö£ΓöÇ .output/server/_chunks/diagram-5GNKFQAL-BNl-_GzU.mjs (2.69 kB)[39m[90m (1.28 kB gzip)[39m
[90m  Γö£ΓöÇ .output/server/_chunks/diagram-KO2AKTUF-4_zxHaDS.mjs (10.5 kB)[39m[90m (4.03 kB gzip)[39m
[90m  Γö£ΓöÇ .output/server/_chunks/diagram-LMA3HP47-ChXRAi8C.mjs (4.14 kB)[39m[90m (1.77 kB gzip)[39m
[90m  Γö£ΓöÇ .output/server/_chunks/diagram-OG6HWLK6-BFEoh9M1.mjs (15.4 kB)[39m[90m (5.33 kB gzip)[39m
[90m  Γö£ΓöÇ .output/server/_chunks/diff-Blb4MjsC.mjs (2.56 kB)[39m[90m (680 B gzip)[39m
[90m  Γö£ΓöÇ .output/server/_chunks/directory-open-01563666-DgsmVoRn.mjs (583 B)[39m[90m (361 B gzip)[39m
[90m  Γö£ΓöÇ .output/server/_chunks/directory-open-4ed118d0-CF7kkI7c.mjs (1.51 kB)[39m[90m (768 B gzip)[39m
[90m  Γö£ΓöÇ .output/server/_chunks/dispatch-AC_mXXT1.mjs (40.9 kB)[39m[90m (9.11 kB gzip)[39m
[90m  Γö£ΓöÇ .output/server/_chunks/dispatch-AgWyf5m9.mjs (23.1 kB)[39m[90m (8.16 kB gzip)[39m
[90m  Γö£ΓöÇ .output/server/_chunks/dispatch-B4IPb_RK.mjs (19.6 kB)[39m[90m (7.92 kB gzip)[39m
[90m  Γö£ΓöÇ .output/server/_chunks/dispatch-CakFT1a-.mjs (19.7 kB)[39m[90m (7.92 kB gzip)[39m
[90m  Γö£ΓöÇ .output/server/_chunks/dispatch-CjPlo_0P.mjs (24.3 kB)[39m[90m (8.06 kB gzip)[39m
[90m  Γö£ΓöÇ .output/server/_chunks/dispatch-CpFDR155.mjs (39.2 kB)[39m[90m (7 kB gzip)[39m
[90m  Γö£ΓöÇ .output/server/_chunks/dispatch-CqmLdDaV.mjs (23 kB)[39m[90m (8.07 kB gzip)[39m
[90m  Γö£ΓöÇ .output/server/_chunks/dispatch-Da0bmOr5.mjs (28.3 kB)[39m[90m (8.4 kB gzip)[39m
[90m  Γö£ΓöÇ .output/server/_chunks/dispatch-DfnSIeNw.mjs (22.7 kB)[39m[90m (7.57 kB gzip)[39m
[90m  Γö£ΓöÇ .output/server/_chunks/dispatch-DHlNb-Dc.mjs (26.8 kB)[39m[90m (8.63 kB gzip)[39m
[90m  Γö£ΓöÇ .output/server/_chunks/dispatch-N6_eqt-R.mjs (23.3 kB)[39m[90m (7.58 kB gzip)[39m
[90m  Γö£ΓöÇ .output/server/_chunks/dist-CfC1VICU.mjs (106 kB)[39m[90m (32.4 kB gzip)[39m
[90m  Γö£ΓöÇ .output/server/_chunks/dist-DKDkS7IK.mjs (52.8 kB)[39m[90m (16.8 kB gzip)[39m
[90m  Γö£ΓöÇ .output/server/_chunks/docker-PC1tuYpa.mjs (1.73 kB)[39m[90m (592 B gzip)[39m
[90m  Γö£ΓöÇ .output/server/_chunks/docs-content-BKKmsxon.mjs (2.4 MB)[39m[90m (675 kB gzip)[39m
[90m  Γö£ΓöÇ .output/server/_chunks/doctor-BdQXHG32.mjs (32.8 kB)[39m[90m (5.28 kB gzip)[39m
[90m  Γö£ΓöÇ .output/server/_chunks/dotenv-Dkdv7Sm2.mjs (1.42 kB)[39m[90m (528 B gzip)[39m
[90m  Γö£ΓöÇ .output/server/_chunks/dracula-CJZjpZIM.mjs (21.1 kB)[39m[90m (3.97 kB gzip)[39m
[90m  Γö£ΓöÇ .output/server/_chunks/dracula-soft-BRosaRe8.mjs (21.1 kB)[39m[90m (4 kB gzip)[39m
[90m  Γö£ΓöÇ .output/server/_chunks/dream-maker-CngiPd8U.mjs (10.5 kB)[39m[90m (2.24 kB gzip)[39m
[90m  Γö£ΓöÇ .output/server/_chunks/drop-in-agent-5JpChRB3.mjs (18.5 kB)[39m[90m (6.59 kB gzip)[39m
[90m  Γö£ΓöÇ .output/server/_chunks/drop-in-agent-BDArkN74.mjs (15.6 kB)[39m[90m (6.74 kB gzip)[39m
[90m  Γö£ΓöÇ .output/server/_chunks/drop-in-agent-BW0ozFhI.mjs (18.2 kB)[39m[90m (6.66 kB gzip)[39m
[90m  Γö£ΓöÇ .output/server/_chunks/drop-in-agent-Bwxc5ZnI.mjs (15.6 kB)[39m[90m (6.72 kB gzip)[39m
[90m  Γö£ΓöÇ .output/server/_chunks/drop-in-agent-CAdmv-iH.mjs (17.9 kB)[39m[90m (6.75 kB gzip)[39m
[90m  Γö£ΓöÇ .output/server/_chunks/drop-in-agent-CBA0Twn8.mjs (26.4 kB)[39m[90m (7.34 kB gzip)[39m
[90m  Γö£ΓöÇ .output/server/_chunks/drop-in-agent-CH_bJkbY.mjs (20.4 kB)[39m[90m (7.07 kB gzip)[39m
[90m  Γö£ΓöÇ .output/server/_chunks/drop-in-agent-CR8bEehY.mjs (32 kB)[39m[90m (5.88 kB gzip)[39m
[90m  Γö£ΓöÇ .output/server/_chunks/drop-in-agent-Df1ny6gq.mjs (20.4 kB)[39m[90m (6.92 kB gzip)[39m
[90m  Γö£ΓöÇ .output/server/_chunks/drop-in-agent-UES5NJFX.mjs (17.9 kB)[39m[90m (6.38 kB gzip)[39m
[90m  Γö£ΓöÇ .output/server/_chunks/drop-in-agent-vsMyGDvU.mjs (17.6 kB)[39m[90m (6.35 kB gzip)[39m
[90m  Γö£ΓöÇ .output/server/_chunks/durable-background-runs-Bfgdaknq.mjs (10.4 kB)[39m[90m (4.56 kB gzip)[39m
[90m  Γö£ΓöÇ .output/server/_chunks/durable-background-runs-DN9uRxO_.mjs (21.8 kB)[39m[90m (4.26 kB gzip)[39m
[90m  Γö£ΓöÇ .output/server/_chunks/durable-resume-8ItMTflq.mjs (7.82 kB)[39m[90m (3.35 kB gzip)[39m
[90m  Γö£ΓöÇ .output/server/_chunks/durable-resume-BOWpnU15.mjs (7.46 kB)[39m[90m (3.08 kB gzip)[39m
[90m  Γö£ΓöÇ .output/server/_chunks/durable-resume-BrTyPLPv.mjs (9.4 kB)[39m[90m (3.49 kB gzip)[39m
[90m  Γö£ΓöÇ .output/server/_chunks/durable-resume-Buock0Zp.mjs (7.64 kB)[39m[90m (3.2 kB gzip)[39m
[90m  Γö£ΓöÇ .output/server/_chunks/durable-resume-CBPVWipf.mjs (6.13 kB)[39m[90m (3.23 kB gzip)[39m
[90m  Γö£ΓöÇ .output/server/_chunks/durable-resume-CU4-iM0F.mjs (6.12 kB)[39m[90m (3.23 kB gzip)[39m
[90m  Γö£ΓöÇ .output/server/_chunks/durable-resume-DB0z1yY8.mjs (8.72 kB)[39m[90m (3.64 kB gzip)[39m
[90m  Γö£ΓöÇ .output/server/_chunks/durable-resume-DIYmofJC.mjs (7.35 kB)[39m[90m (3.03 kB gzip)[39m
[90m  Γö£ΓöÇ .output/server/_chunks/durable-resume-DnNn9h9Q.mjs (13.2 kB)[39m[90m (2.86 kB gzip)[39m
[90m  Γö£ΓöÇ .output/server/_chunks/durable-resume-DRnlO6hJ.mjs (13.5 kB)[39m[90m (3.79 kB gzip)[39m
[90m  Γö£ΓöÇ .output/server/_chunks/durable-resume-wP2Jq4s5.mjs (7.6 kB)[39m[90m (3.4 kB gzip)[39m
[90m  Γö£ΓöÇ .output/server/_chunks/edge-DE7iZV8_.mjs (2.31 kB)[39m[90m (677 B gzip)[39m
[90m  Γö£ΓöÇ .output/server/_chunks/el-GR-BZB4AONW-BPjJ9rlH.mjs (29.7 kB)[39m[90m (9.58 kB gzip)[39m
[90m  Γö£ΓöÇ .output/server/_chunks/elixir-Diwfkm43.mjs (16.3 kB)[39m[90m (2.73 kB gzip)[39m
[90m  Γö£ΓöÇ .output/server/_chunks/elm-D1ROt7i-.mjs (10.9 kB)[39m[90m (2.1 kB gzip)[39m
[90m  Γö£ΓöÇ .output/server/_chunks/emacs-lisp-DxhFFVu_.mjs (780 kB)[39m[90m (196 kB gzip)[39m
[90m  Γö£ΓöÇ .output/server/_chunks/embedding-sdk-0a8TKVTw.mjs (35.4 kB)[39m[90m (10.6 kB gzip)[39m
[90m  Γö£ΓöÇ .output/server/_chunks/embedding-sdk-337UhUcd.mjs (42.8 kB)[39m[90m (11.6 kB gzip)[39m
[90m  Γö£ΓöÇ .output/server/_chunks/embedding-sdk-BDFQeC13.mjs (36.6 kB)[39m[90m (10.8 kB gzip)[39m
[90m  Γö£ΓöÇ .output/server/_chunks/embedding-sdk-BUJTwQJH.mjs (31.7 kB)[39m[90m (11 kB gzip)[39m
[90m  Γö£ΓöÇ .output/server/_chunks/embedding-sdk-CahUdkLX.mjs (32 kB)[39m[90m (10.9 kB gzip)[39m
[90m  Γö£ΓöÇ .output/server/_chunks/embedding-sdk-D1SY4fru.mjs (36.9 kB)[39m[90m (11.3 kB gzip)[39m
[90m  Γö£ΓöÇ .output/server/_chunks/embedding-sdk-D8izhGFq.mjs (41.3 kB)[39m[90m (11.8 kB gzip)[39m
[90m  Γö£ΓöÇ .output/server/_chunks/embedding-sdk-Df5H1b1J.mjs (54.5 kB)[39m[90m (12.2 kB gzip)[39m
[90m  Γö£ΓöÇ .output/server/_chunks/embedding-sdk-f7L0Jc4m.mjs (37.4 kB)[39m[90m (11 kB gzip)[39m
[90m  Γö£ΓöÇ .output/server/_chunks/embedding-sdk-OJZpwGWQ.mjs (36.8 kB)[39m[90m (11.2 kB gzip)[39m
[90m  Γö£ΓöÇ .output/server/_chunks/embedding-sdk-sBdImjy1.mjs (65.9 kB)[39m[90m (18 kB gzip)[39m
[90m  Γö£ΓöÇ .output/server/_chunks/en-B4ZKOASM-CCpnCRG9.mjs (909 B)[39m[90m (488 B gzip)[39m
[90m  Γö£ΓöÇ .output/server/_chunks/engine-javascript-BdkMHChg.mjs (57.6 kB)[39m[90m (20 kB gzip)[39m
[90m  Γö£ΓöÇ .output/server/_chunks/erb-BHE-PvBP.mjs (2.14 kB)[39m[90m (624 B gzip)[39m
[90m  Γö£ΓöÇ .output/server/_chunks/erDiagram-TEJ5UH35-JrchhQCm.mjs (26.5 kB)[39m[90m (9.11 kB gzip)[39m
[90m  Γö£ΓöÇ .output/server/_chunks/erlang-BrVlB-kI.mjs (37.5 kB)[39m[90m (4.33 kB gzip)[39m
[90m  Γö£ΓöÇ .output/server/_chunks/es-ES-U4NZUMDT-BB0EGc-s.mjs (21.4 kB)[39m[90m (8.43 kB gzip)[39m
[90m  Γö£ΓöÇ .output/server/_chunks/eu-ES-A7QVB2H4-7QHdDJLH.mjs (21.2 kB)[39m[90m (8.18 kB gzip)[39m
[90m  Γö£ΓöÇ .output/server/_chunks/evals-_NOmroNc.mjs (16.3 kB)[39m[90m (4.8 kB gzip)[39m
[90m  Γö£ΓöÇ .output/server/_chunks/evals-BH4rAxBN.mjs (11.8 kB)[39m[90m (4.51 kB gzip)[39m
[90m  Γö£ΓöÇ .output/server/_chunks/evals-C68giyBL.mjs (23.3 kB)[39m[90m (4.13 kB gzip)[39m
[90m  Γö£ΓöÇ .output/server/_chunks/evals-ChJBoVzn.mjs (13.2 kB)[39m[90m (4.64 kB gzip)[39m
[90m  Γö£ΓöÇ .output/server/_chunks/evals-CvdejXtY.mjs (11.8 kB)[39m[90m (4.14 kB gzip)[39m
[90m  Γö£ΓöÇ .output/server/_chunks/evals-CxwGXhib.mjs (10.6 kB)[39m[90m (4.48 kB gzip)[39m
[90m  Γö£ΓöÇ .output/server/_chunks/evals-D2I22caI.mjs (12 kB)[39m[90m (4.17 kB gzip)[39m
[90m  Γö£ΓöÇ .output/server/_chunks/evals-Dmz6pIy6.mjs (12 kB)[39m[90m (4.24 kB gzip)[39m
[90m  Γö£ΓöÇ .output/server/_chunks/evals-EbXS59QT.mjs (13.3 kB)[39m[90m (4.54 kB gzip)[39m
[90m  Γö£ΓöÇ .output/server/_chunks/evals-F7TIrEWw.mjs (10.6 kB)[39m[90m (4.46 kB gzip)[39m
[90m  Γö£ΓöÇ .output/server/_chunks/evals-VmTsBecI.mjs (12.1 kB)[39m[90m (4.36 kB gzip)[39m
[90m  Γö£ΓöÇ .output/server/_chunks/eventmodeling-FCH6USID-BNLUUfUv.mjs (96 B)[39m[90m (108 B gzip)[39m
[90m  Γö£ΓöÇ .output/server/_chunks/everforest-dark-B0V_5htu.mjs (53.7 kB)[39m[90m (8.34 kB gzip)[39m
[90m  Γö£ΓöÇ .output/server/_chunks/everforest-light-uXzc_NVI.mjs (53.7 kB)[39m[90m (8.34 kB gzip)[39m
[90m  Γö£ΓöÇ .output/server/_chunks/extensions-BfhAyxSj.mjs (28.8 kB)[39m[90m (9.88 kB gzip)[39m
[90m  Γö£ΓöÇ .output/server/_chunks/extensions-Bg1YNtEo.mjs (29.1 kB)[39m[90m (10.3 kB gzip)[39m
[90m  Γö£ΓöÇ .output/server/_chunks/extensions-BtdEPery.mjs (25.1 kB)[39m[90m (10.3 kB gzip)[39m
[90m  Γö£ΓöÇ .output/server/_chunks/extensions-BW1ZBHVY.mjs (29 kB)[39m[90m (10.3 kB gzip)[39m
[90m  Γö£ΓöÇ .output/server/_chunks/extensions-BX11BjpW.mjs (35.5 kB)[39m[90m (10.8 kB gzip)[39m
[90m  Γö£ΓöÇ .output/server/_chunks/extensions-DadH8UwM.mjs (27.9 kB)[39m[90m (9.78 kB gzip)[39m
[90m  Γö£ΓöÇ .output/server/_chunks/extensions-Dke8A1ME.mjs (48.9 kB)[39m[90m (11.4 kB gzip)[39m
[90m  Γö£ΓöÇ .output/server/_chunks/extensions-DqOU6_-g.mjs (66.3 kB)[39m[90m (19.7 kB gzip)[39m
[90m  Γö£ΓöÇ .output/server/_chunks/extensions-Dx4inNX1.mjs (29.8 kB)[39m[90m (10.2 kB gzip)[39m
[90m  Γö£ΓöÇ .output/server/_chunks/extensions-gVLohogz.mjs (33.2 kB)[39m[90m (10.8 kB gzip)[39m
[90m  Γö£ΓöÇ .output/server/_chunks/extensions-IzppJmD-.mjs (24.6 kB)[39m[90m (10.3 kB gzip)[39m
[90m  Γö£ΓöÇ .output/server/_chunks/external-agents-B-4dPpb-.mjs (66.5 kB)[39m[90m (22.4 kB gzip)[39m
[90m  Γö£ΓöÇ .output/server/_chunks/external-agents-BVr_24pq.mjs (69 kB)[39m[90m (21.9 kB gzip)[39m
[90m  Γö£ΓöÇ .output/server/_chunks/external-agents-CbJoyCnB.mjs (111 kB)[39m[90m (25 kB gzip)[39m
[90m  Γö£ΓöÇ .output/server/_chunks/external-agents-cMOeQ7xZ.mjs (64.6 kB)[39m[90m (20.9 kB gzip)[39m
[90m  Γö£ΓöÇ .output/server/_chunks/external-agents-CrJHev5p.mjs (56.9 kB)[39m[90m (21.4 kB gzip)[39m
[90m  Γö£ΓöÇ .output/server/_chunks/external-agents-CX-NGfJW.mjs (115 kB)[39m[90m (36.7 kB gzip)[39m
[90m  Γö£ΓöÇ .output/server/_chunks/external-agents-CYknD7o1.mjs (80.8 kB)[39m[90m (23.2 kB gzip)[39m
[90m  Γö£ΓöÇ .output/server/_chunks/external-agents-CYxQQ56N.mjs (66.6 kB)[39m[90m (21.2 kB gzip)[39m
[90m  Γö£ΓöÇ .output/server/_chunks/external-agents-D4O8rlDY.mjs (57.3 kB)[39m[90m (21.4 kB gzip)[39m
[90m  Γö£ΓöÇ .output/server/_chunks/external-agents-DeLsqd7B.mjs (66.8 kB)[39m[90m (21.5 kB gzip)[39m
[90m  Γö£ΓöÇ .output/server/_chunks/external-agents-DFic1eY7.mjs (78.4 kB)[39m[90m (22.7 kB gzip)[39m
[90m  Γö£ΓöÇ .output/server/_chunks/fa-IR-HGAKTJCU-C8bm9_TL.mjs (24.2 kB)[39m[90m (8.42 kB gzip)[39m
[90m  Γö£ΓöÇ .output/server/_chunks/faq-B_rNNX-z.mjs (27.6 kB)[39m[90m (7.07 kB gzip)[39m
[90m  Γö£ΓöÇ .output/server/_chunks/faq-B4Gc6ckQ.mjs (15.7 kB)[39m[90m (5.83 kB gzip)[39m
[90m  Γö£ΓöÇ .output/server/_chunks/faq-Bv2JLgOq.mjs (19.8 kB)[39m[90m (6.76 kB gzip)[39m
[90m  Γö£ΓöÇ .output/server/_chunks/faq-BxUSXKrN.mjs (16.8 kB)[39m[90m (6.24 kB gzip)[39m
[90m  Γö£ΓöÇ .output/server/_chunks/faq-Ca5EGl9M.mjs (15.9 kB)[39m[90m (5.86 kB gzip)[39m
[90m  Γö£ΓöÇ .output/server/_chunks/faq-CGhAFFLc.mjs (14.3 kB)[39m[90m (6.36 kB gzip)[39m
[90m  Γö£ΓöÇ .output/server/_chunks/faq-CGQaFM7K.mjs (16.2 kB)[39m[90m (6.2 kB gzip)[39m
[90m  Γö£ΓöÇ .output/server/_chunks/faq-DHZAC_KO.mjs (31.1 kB)[39m[90m (6.08 kB gzip)[39m
[90m  Γö£ΓöÇ .output/server/_chunks/faq-DOhZ0LLj.mjs (14.4 kB)[39m[90m (6.34 kB gzip)[39m
[90m  Γö£ΓöÇ .output/server/_chunks/faq-LAcr6_vC.mjs (17.2 kB)[39m[90m (6.36 kB gzip)[39m
[90m  Γö£ΓöÇ .output/server/_chunks/faq-Piy11cjp.mjs (19.8 kB)[39m[90m (6.53 kB gzip)[39m
[90m  Γö£ΓöÇ .output/server/_chunks/fennel-B3wtZRne.mjs (4.76 kB)[39m[90m (1.53 kB gzip)[39m
[90m  Γö£ΓöÇ .output/server/_chunks/fi-FI-Z5N7JZ37-ls18Te_j.mjs (18.4 kB)[39m[90m (7.49 kB gzip)[39m
[90m  Γö£ΓöÇ .output/server/_chunks/file-open-002ab408-B9WI2Pta.mjs (526 B)[39m[90m (326 B gzip)[39m
[90m  Γö£ΓöÇ .output/server/_chunks/file-open-7c801643-CDnNdXsC.mjs (445 B)[39m[90m (311 B gzip)[39m
[90m  Γö£ΓöÇ .output/server/_chunks/file-save-3189631c-D61rGFEo.mjs (692 B)[39m[90m (444 B gzip)[39m
[90m  Γö£ΓöÇ .output/server/_chunks/file-save-745eba88-CO2ghbb6.mjs (856 B)[39m[90m (492 B gzip)[39m
[90m  Γö£ΓöÇ .output/server/_chunks/file-uploads-2uti9orT.mjs (6.63 kB)[39m[90m (2.54 kB gzip)[39m
[90m  Γö£ΓöÇ .output/server/_chunks/file-uploads-2VRX8o_d.mjs (6.55 kB)[39m[90m (2.75 kB gzip)[39m
[90m  Γö£ΓöÇ .output/server/_chunks/file-uploads-B0goE7le.mjs (9.29 kB)[39m[90m (2.92 kB gzip)[39m
[90m  Γö£ΓöÇ .output/server/_chunks/file-uploads-B28kQ6Y1.mjs (7.36 kB)[39m[90m (2.89 kB gzip)[39m
[90m  Γö£ΓöÇ .output/server/_chunks/file-uploads-BB5mDurW.mjs (7.26 kB)[39m[90m (2.77 kB gzip)[39m
[90m  Γö£ΓöÇ .output/server/_chunks/file-uploads-Bqoa1NSm.mjs (6.05 kB)[39m[90m (2.68 kB gzip)[39m
[90m  Γö£ΓöÇ .output/server/_chunks/file-uploads-BSZoX3gM.mjs (6.89 kB)[39m[90m (2.56 kB gzip)[39m
[90m  Γö£ΓöÇ .output/server/_chunks/file-uploads-CCiNgr5N.mjs (6.55 kB)[39m[90m (2.48 kB gzip)[39m
[90m  Γö£ΓöÇ .output/server/_chunks/file-uploads-CSU5FQSY.mjs (14.3 kB)[39m[90m (2.81 kB gzip)[39m
[90m  Γö£ΓöÇ .output/server/_chunks/file-uploads-DubL3U3b.mjs (6.04 kB)[39m[90m (2.69 kB gzip)[39m
[90m  Γö£ΓöÇ .output/server/_chunks/file-uploads-nzKdGN8G.mjs (6.56 kB)[39m[90m (2.47 kB gzip)[39m
[90m  Γö£ΓöÇ .output/server/_chunks/fish-D7qAeWQz.mjs (13 kB)[39m[90m (1.72 kB gzip)[39m
[90m  Γö£ΓöÇ .output/server/_chunks/flowDiagram-I6XJVG4X-f5O6yMl2.mjs (59.9 kB)[39m[90m (19 kB gzip)[39m
[90m  Γö£ΓöÇ .output/server/_chunks/fluent-BjfpB34g.mjs (3.6 kB)[39m[90m (892 B gzip)[39m
[90m  Γö£ΓöÇ .output/server/_chunks/fortran-fixed-form-CmqL4lcJ.mjs (1.66 kB)[39m[90m (686 B gzip)[39m
[90m  Γö£ΓöÇ .output/server/_chunks/fortran-free-form-yxJ7igsv.mjs (89 kB)[39m[90m (11.1 kB gzip)[39m
[90m  Γö£ΓöÇ .output/server/_chunks/fr-FR-RHASNOE6-BS8fuUv4.mjs (23.5 kB)[39m[90m (8.84 kB gzip)[39m
[90m  Γö£ΓöÇ .output/server/_chunks/frames-BDRKaQfn.mjs (10 kB)[39m[90m (4.54 kB gzip)[39m
[90m  Γö£ΓöÇ .output/server/_chunks/frames-BgNK4FY9.mjs (11.6 kB)[39m[90m (4.25 kB gzip)[39m
[90m  Γö£ΓöÇ .output/server/_chunks/frames-BoxwFMxD.mjs (14.1 kB)[39m[90m (4.75 kB gzip)[39m
[90m  Γö£ΓöÇ .output/server/_chunks/frames-BWFJRMIV.mjs (11.6 kB)[39m[90m (4.3 kB gzip)[39m
[90m  Γö£ΓöÇ .output/server/_chunks/frames-C2puxlEa.mjs (11.9 kB)[39m[90m (4.45 kB gzip)[39m
[90m  Γö£ΓöÇ .output/server/_chunks/frames-C48O6GR3.mjs (18.8 kB)[39m[90m (5.01 kB gzip)[39m
[90m  Γö£ΓöÇ .output/server/_chunks/frames-C5YkcmyE.mjs (11.5 kB)[39m[90m (4.61 kB gzip)[39m
[90m  Γö£ΓöÇ .output/server/_chunks/frames-C9x9wH8R.mjs (10.2 kB)[39m[90m (4.53 kB gzip)[39m
[90m  Γö£ΓöÇ .output/server/_chunks/frames-CCZu1YMF.mjs (13.7 kB)[39m[90m (4.95 kB gzip)[39m
[90m  Γö£ΓöÇ .output/server/_chunks/frames-nxpw6dXj.mjs (12 kB)[39m[90m (4.72 kB gzip)[39m
[90m  Γö£ΓöÇ .output/server/_chunks/frames-olK24Kui.mjs (21.9 kB)[39m[90m (4.29 kB gzip)[39m
[90m  Γö£ΓöÇ .output/server/_chunks/fsharp-DX_vGYS1.mjs (25.3 kB)[39m[90m (4.1 kB gzip)[39m
[90m  Γö£ΓöÇ .output/server/_chunks/ganttDiagram-6RSMTGT7-5crCxCSn.mjs (69.2 kB)[39m[90m (22.5 kB gzip)[39m
[90m  Γö£ΓöÇ .output/server/_chunks/gdresource-BtU0ORp1.mjs (5.28 kB)[39m[90m (1.33 kB gzip)[39m
[90m  Γö£ΓöÇ .output/server/_chunks/gdscript-jjgTGGzd.mjs (19 kB)[39m[90m (3.73 kB gzip)[39m
[90m  Γö£ΓöÇ .output/server/_chunks/gdshader-D7JfdFV3.mjs (6.32 kB)[39m[90m (1.72 kB gzip)[39m
[90m  Γö£ΓöÇ .output/server/_chunks/generative-ui-BpOtwWof.mjs (22.1 kB)[39m[90m (4.4 kB gzip)[39m
[90m  Γö£ΓöÇ .output/server/_chunks/generator.mjs (9.2 kB)[39m[90m (3.65 kB gzip)[39m
[90m  Γö£ΓöÇ .output/server/_chunks/genie-DnK2KWIP.mjs (3.35 kB)[39m[90m (1.2 kB gzip)[39m
[90m  Γö£ΓöÇ .output/server/_chunks/getting-started-7M47bbrt.mjs (13.7 kB)[39m[90m (4.82 kB gzip)[39m
[90m  Γö£ΓöÇ .output/server/_chunks/getting-started-B7qS7QkR.mjs (13 kB)[39m[90m (5.22 kB gzip)[39m
[90m  Γö£ΓöÇ .output/server/_chunks/getting-started-bBBRphBb.mjs (14.5 kB)[39m[90m (5.08 kB gzip)[39m
[90m  Γö£ΓöÇ .output/server/_chunks/getting-started-BkMaXKrN.mjs (13.6 kB)[39m[90m (4.86 kB gzip)[39m
[90m  Γö£ΓöÇ .output/server/_chunks/getting-started-BRUmA6Cq.mjs (13.1 kB)[39m[90m (5.23 kB gzip)[39m
[90m  Γö£ΓöÇ .output/server/_chunks/getting-started-BZyNW6HA.mjs (16.1 kB)[39m[90m (5.05 kB gzip)[39m
[90m  Γö£ΓöÇ .output/server/_chunks/getting-started-CDmCYejX.mjs (14.4 kB)[39m[90m (5.26 kB gzip)[39m
[90m  Γö£ΓöÇ .output/server/_chunks/getting-started-D4iwUNAe.mjs (13.5 kB)[39m[90m (4.72 kB gzip)[39m
[90m  Γö£ΓöÇ .output/server/_chunks/getting-started-fHwLItZ7.mjs (13.9 kB)[39m[90m (5.16 kB gzip)[39m
[90m  Γö£ΓöÇ .output/server/_chunks/getting-started-HHz5ZN4Z.mjs (31.8 kB)[39m[90m (5.71 kB gzip)[39m
[90m  Γö£ΓöÇ .output/server/_chunks/getting-started-TNbp8mef.mjs (13.4 kB)[39m[90m (4.72 kB gzip)[39m
[90m  Γö£ΓöÇ .output/server/_chunks/gherkin-D6Lr12YQ.mjs (11.9 kB)[39m[90m (5.04 kB gzip)[39m
[90m  Γö£ΓöÇ .output/server/_chunks/git-commit-CVehMVfL.mjs (1.23 kB)[39m[90m (521 B gzip)[39m
[90m  Γö£ΓöÇ .output/server/_chunks/git-rebase-CuY0hWOs.mjs (986 B)[39m[90m (439 B gzip)[39m
[90m  Γö£ΓöÇ .output/server/_chunks/gitGraph-WXDBUCRP-CuDptQxY.mjs (91 B)[39m[90m (103 B gzip)[39m
[90m  Γö£ΓöÇ .output/server/_chunks/gitGraphDiagram-PVQCEYII-0wdgoLpc.mjs (28.9 kB)[39m[90m (8.43 kB gzip)[39m
[90m  Γö£ΓöÇ .output/server/_chunks/github-dark-default-Bj4Gyo0Z.mjs (14.4 kB)[39m[90m (3.09 kB gzip)[39m
[90m  Γö£ΓöÇ .output/server/_chunks/github-dark-default-wmy3WnWl.mjs (71 B)[39m[90m (84 B gzip)[39m
[90m  Γö£ΓöÇ .output/server/_chunks/github-dark-dimmed-C-e0ewAK.mjs (14.4 kB)[39m[90m (3.09 kB gzip)[39m
[90m  Γö£ΓöÇ .output/server/_chunks/github-dark-high-contrast-BCmZMX_L.mjs (14.6 kB)[39m[90m (3.04 kB gzip)[39m
[90m  Γö£ΓöÇ .output/server/_chunks/github-dark-wqSGKWei.mjs (11.4 kB)[39m[90m (2.52 kB gzip)[39m
[90m  Γö£ΓöÇ .output/server/_chunks/github-light-default-Dq5VTnWp.mjs (14.2 kB)[39m[90m (3 kB gzip)[39m
[90m  Γö£ΓöÇ .output/server/_chunks/github-light-default-Fx9GpWEe.mjs (72 B)[39m[90m (85 B gzip)[39m
[90m  Γö£ΓöÇ .output/server/_chunks/github-light-Dpv_LVW7.mjs (11.2 kB)[39m[90m (2.48 kB gzip)[39m
[90m  Γö£ΓöÇ .output/server/_chunks/github-light-high-contrast-B_kshfvR.mjs (14.3 kB)[39m[90m (2.98 kB gzip)[39m
[90m  Γö£ΓöÇ .output/server/_chunks/gl-ES-HMX3MZ6V-CVY5vcrW.mjs (19.4 kB)[39m[90m (7.69 kB gzip)[39m
[90m  Γö£ΓöÇ .output/server/_chunks/gleam-CTllUdfC.mjs (2.57 kB)[39m[90m (814 B gzip)[39m
[90m  Γö£ΓöÇ .output/server/_chunks/glimmer-js-BWi0vumL.mjs (20.1 kB)[39m[90m (2.93 kB gzip)[39m
[90m  Γö£ΓöÇ .output/server/_chunks/glimmer-ts-D8Z8TqIf.mjs (20.1 kB)[39m[90m (2.93 kB gzip)[39m
[90m  Γö£ΓöÇ .output/server/_chunks/glsl-DlknG1m5.mjs (3.77 kB)[39m[90m (1.47 kB gzip)[39m
[90m  Γö£ΓöÇ .output/server/_chunks/gn-DDjbVPF4.mjs (4 kB)[39m[90m (1.48 kB gzip)[39m
[90m  Γö£ΓöÇ .output/server/_chunks/gnuplot-DgWvVXI8.mjs (14.8 kB)[39m[90m (3.24 kB gzip)[39m
[90m  Γö£ΓöÇ .output/server/_chunks/go-aXtTCanQ.mjs (46.8 kB)[39m[90m (5.04 kB gzip)[39m
[90m  Γö£ΓöÇ .output/server/_chunks/graphlib-u_DIv6hk.mjs (23.9 kB)[39m[90m (8.25 kB gzip)[39m
[90m  Γö£ΓöÇ .output/server/_chunks/graphql-zDDY3B4l.mjs (18.2 kB)[39m[90m (2.54 kB gzip)[39m
[90m  Γö£ΓöÇ .output/server/_chunks/groovy-Bw2Ku4bU.mjs (19.2 kB)[39m[90m (3.57 kB gzip)[39m
[90m  Γö£ΓöÇ .output/server/_chunks/gruvbox-dark-hard-CaJiKQ1U.mjs (22.6 kB)[39m[90m (4.15 kB gzip)[39m
[90m  Γö£ΓöÇ .output/server/_chunks/gruvbox-dark-medium-C6xPL75A.mjs (22.6 kB)[39m[90m (4.15 kB gzip)[39m
[90m  Γö£ΓöÇ .output/server/_chunks/gruvbox-dark-soft-exU-pjb7.mjs (22.6 kB)[39m[90m (4.14 kB gzip)[39m
[90m  Γö£ΓöÇ .output/server/_chunks/gruvbox-light-hard-DQdxyE8k.mjs (22.6 kB)[39m[90m (4.15 kB gzip)[39m
[90m  Γö£ΓöÇ .output/server/_chunks/gruvbox-light-medium-C7U2R6bL.mjs (22.6 kB)[39m[90m (4.15 kB gzip)[39m
[90m  Γö£ΓöÇ .output/server/_chunks/gruvbox-light-soft-Cyg4K4Iu.mjs (22.6 kB)[39m[90m (4.15 kB gzip)[39m
[90m  Γö£ΓöÇ .output/server/_chunks/hack-DvMicP7B.mjs (81.1 kB)[39m[90m (26.3 kB gzip)[39m
[90m  Γö£ΓöÇ .output/server/_chunks/haml-CtKEyCdo.mjs (8.4 kB)[39m[90m (1.88 kB gzip)[39m
[90m  Γö£ΓöÇ .output/server/_chunks/handlebars-CodxTUmu.mjs (12.2 kB)[39m[90m (2.37 kB gzip)[39m
[90m  Γö£ΓöÇ .output/server/_chunks/harness-agents-1bYPc1e1.mjs (21 kB)[39m[90m (7.12 kB gzip)[39m
[90m  Γö£ΓöÇ .output/server/_chunks/harness-agents-Bb2G1ZxW.mjs (37.8 kB)[39m[90m (6.76 kB gzip)[39m
[90m  Γö£ΓöÇ .output/server/_chunks/harness-agents-BnD3RYL0.mjs (21.1 kB)[39m[90m (7.6 kB gzip)[39m
[90m  Γö£ΓöÇ .output/server/_chunks/harness-agents-BZ-RlfcU.mjs (32.6 kB)[39m[90m (8.29 kB gzip)[39m
[90m  Γö£ΓöÇ .output/server/_chunks/harness-agents-C-SToU66.mjs (21.2 kB)[39m[90m (7.37 kB gzip)[39m
[90m  Γö£ΓöÇ .output/server/_chunks/harness-agents-D0xdbnRI.mjs (24.6 kB)[39m[90m (7.87 kB gzip)[39m
[90m  Γö£ΓöÇ .output/server/_chunks/harness-agents-D8CdiPor.mjs (20.6 kB)[39m[90m (7.1 kB gzip)[39m
[90m  Γö£ΓöÇ .output/server/_chunks/harness-agents-DcJK0-TI.mjs (18.7 kB)[39m[90m (7.51 kB gzip)[39m
[90m  Γö£ΓöÇ .output/server/_chunks/harness-agents-DqGxn8Lc.mjs (21.1 kB)[39m[90m (7.49 kB gzip)[39m
[90m  Γö£ΓöÇ .output/server/_chunks/harness-agents-rg9moO8y.mjs (24.4 kB)[39m[90m (7.97 kB gzip)[39m
[90m  Γö£ΓöÇ .output/server/_chunks/harness-agents-uoCzPM3l.mjs (18.4 kB)[39m[90m (7.54 kB gzip)[39m
[90m  Γö£ΓöÇ .output/server/_chunks/haskell-CfGsE1Cf.mjs (41.5 kB)[39m[90m (6.35 kB gzip)[39m
[90m  Γö£ΓöÇ .output/server/_chunks/haxe-B0odltAZ.mjs (35.2 kB)[39m[90m (5.86 kB gzip)[39m
[90m  Γö£ΓöÇ .output/server/_chunks/hcl-DHg_Osgo.mjs (10 kB)[39m[90m (1.92 kB gzip)[39m
[90m  Γö£ΓöÇ .output/server/_chunks/he-IL-6SHJWFNN-BzRtD3S4.mjs (20.3 kB)[39m[90m (7.52 kB gzip)[39m
[90m  Γö£ΓöÇ .output/server/_chunks/hi-IN-IWLTKZ5I-BxV7PhxT.mjs (32.4 kB)[39m[90m (9.09 kB gzip)[39m
[90m  Γö£ΓöÇ .output/server/_chunks/hjson-Cuaphql8.mjs (12 kB)[39m[90m (1.63 kB gzip)[39m
[90m  Γö£ΓöÇ .output/server/_chunks/hlsl-BJLUNfne.mjs (7.26 kB)[39m[90m (2.18 kB gzip)[39m
[90m  Γö£ΓöÇ .output/server/_chunks/horizon-Bl_RvoqN.mjs (8.78 kB)[39m[90m (1.94 kB gzip)[39m
[90m  Γö£ΓöÇ .output/server/_chunks/horizon-bright-D_GJrKj3.mjs (8.78 kB)[39m[90m (1.95 kB gzip)[39m
[90m  Γö£ΓöÇ .output/server/_chunks/houston-ByeCKx63.mjs (35.4 kB)[39m[90m (5.73 kB gzip)[39m
[90m  Γö£ΓöÇ .output/server/_chunks/html-Bki1QMf6.mjs (57.4 kB)[39m[90m (11.7 kB gzip)[39m
[90m  Γö£ΓöÇ .output/server/_chunks/html-derivative-DY9DuY9P.mjs (844 B)[39m[90m (456 B gzip)[39m
[90m  Γö£ΓöÇ .output/server/_chunks/html-Do_pFHkV.mjs (61 B)[39m[90m (76 B gzip)[39m
[90m  Γö£ΓöÇ .output/server/_chunks/http-BgcmvAKf.mjs (4.42 kB)[39m[90m (1.05 kB gzip)[39m
[90m  Γö£ΓöÇ .output/server/_chunks/hu-HU-A5ZG7DT2-fTBlRoW9.mjs (18.1 kB)[39m[90m (7.55 kB gzip)[39m
[90m  Γö£ΓöÇ .output/server/_chunks/human-approval-0tBpzHlE.mjs (10.8 kB)[39m[90m (4.2 kB gzip)[39m
[90m  Γö£ΓöÇ .output/server/_chunks/human-approval-C575D8zU.mjs (8.84 kB)[39m[90m (3.54 kB gzip)[39m
[90m  Γö£ΓöÇ .output/server/_chunks/human-approval-Cbo-Nx60.mjs (7.95 kB)[39m[90m (3.92 kB gzip)[39m
[90m  Γö£ΓöÇ .output/server/_chunks/human-approval-CgFjWvu3.mjs (9.64 kB)[39m[90m (3.93 kB gzip)[39m
[90m  Γö£ΓöÇ .output/server/_chunks/human-approval-Ch2eP3rY.mjs (9.69 kB)[39m[90m (3.98 kB gzip)[39m
[90m  Γö£ΓöÇ .output/server/_chunks/human-approval-CO9WCbpO.mjs (7.94 kB)[39m[90m (3.92 kB gzip)[39m
[90m  Γö£ΓöÇ .output/server/_chunks/human-approval-CQZZiic2.mjs (9.44 kB)[39m[90m (3.82 kB gzip)[39m
[90m  Γö£ΓöÇ .output/server/_chunks/human-approval-CSjOnoNm.mjs (16.7 kB)[39m[90m (3.45 kB gzip)[39m
[90m  Γö£ΓöÇ .output/server/_chunks/human-approval-D2wURQKK.mjs (9.16 kB)[39m[90m (3.65 kB gzip)[39m
[90m  Γö£ΓöÇ .output/server/_chunks/human-approval-DJ9CyMUH.mjs (11.4 kB)[39m[90m (4.13 kB gzip)[39m
[90m  Γö£ΓöÇ .output/server/_chunks/human-approval-n174zG_W.mjs (15.7 kB)[39m[90m (4.44 kB gzip)[39m
[90m  Γö£ΓöÇ .output/server/_chunks/hurl-Dmu1H8vM.mjs (3.52 kB)[39m[90m (1.1 kB gzip)[39m
[90m  Γö£ΓöÇ .output/server/_chunks/hxml-DPGO9Qqq.mjs (1.74 kB)[39m[90m (875 B gzip)[39m
[90m  Γö£ΓöÇ .output/server/_chunks/hy-CJKxDzbh.mjs (2.64 kB)[39m[90m (1.18 kB gzip)[39m
[90m  Γö£ΓöÇ .output/server/_chunks/id-ID-SAP4L64H-C5Pl52R5.mjs (19.7 kB)[39m[90m (7.64 kB gzip)[39m
[90m  Γö£ΓöÇ .output/server/_chunks/image-blob-reduce.esm-DYkNTtyN.mjs (45.6 kB)[39m[90m (16.3 kB gzip)[39m
[90m  Γö£ΓöÇ .output/server/_chunks/image-GAAHSSAO-Ddx3NesB.mjs (151 B)[39m[90m (133 B gzip)[39m
[90m  Γö£ΓöÇ .output/server/_chunks/imba-96qKoJCa.mjs (49.9 kB)[39m[90m (9.36 kB gzip)[39m
[90m  Γö£ΓöÇ .output/server/_chunks/info-J43DQDTF-BM9IMWax.mjs (87 B)[39m[90m (102 B gzip)[39m
[90m  Γö£ΓöÇ .output/server/_chunks/infoDiagram-5YYISTIA-DB3bhoSa.mjs (546 B)[39m[90m (366 B gzip)[39m
[90m  Γö£ΓöÇ .output/server/_chunks/ini-C24lZfdM.mjs (1.52 kB)[39m[90m (493 B gzip)[39m
[90m  Γö£ΓöÇ .output/server/_chunks/init-0z_ZKhsI.mjs (146 B)[39m[90m (126 B gzip)[39m
[90m  Γö£ΓöÇ .output/server/_chunks/internationalization-B5Y2vi4p.mjs (5.62 kB)[39m[90m (2.96 kB gzip)[39m
[90m  Γö£ΓöÇ .output/server/_chunks/internationalization-BJc6IaSQ.mjs (6.44 kB)[39m[90m (2.72 kB gzip)[39m
[90m  Γö£ΓöÇ .output/server/_chunks/internationalization-BKfOXYpD.mjs (6.88 kB)[39m[90m (2.87 kB gzip)[39m
[90m  Γö£ΓöÇ .output/server/_chunks/internationalization-C9tceq20.mjs (12.2 kB)[39m[90m (2.79 kB gzip)[39m
[90m  Γö£ΓöÇ .output/server/_chunks/internationalization-CQGE8AHp.mjs (7.89 kB)[39m[90m (3.1 kB gzip)[39m
[90m  Γö£ΓöÇ .output/server/_chunks/internationalization-CU301LkR.mjs (6.71 kB)[39m[90m (2.79 kB gzip)[39m
[90m  Γö£ΓöÇ .output/server/_chunks/internationalization-DAgIhjG-.mjs (10.3 kB)[39m[90m (3.3 kB gzip)[39m
[90m  Γö£ΓöÇ .output/server/_chunks/internationalization-DavTUXXk.mjs (7.39 kB)[39m[90m (3.19 kB gzip)[39m
[90m  Γö£ΓöÇ .output/server/_chunks/internationalization-DrI8vfBp.mjs (5.63 kB)[39m[90m (2.98 kB gzip)[39m
[90m  Γö£ΓöÇ .output/server/_chunks/internationalization-R-sxEpcd.mjs (6.31 kB)[39m[90m (3.02 kB gzip)[39m
[90m  Γö£ΓöÇ .output/server/_chunks/internationalization-yc9gAUue.mjs (6.45 kB)[39m[90m (2.92 kB gzip)[39m
[90m  Γö£ΓöÇ .output/server/_chunks/ishikawaDiagram-YF4QCWOH-Bjx6UtmT.mjs (17.2 kB)[39m[90m (6.44 kB gzip)[39m
[90m  Γö£ΓöÇ .output/server/_chunks/it-IT-JPQ66NNP-C27y6-my.mjs (22.1 kB)[39m[90m (8.52 kB gzip)[39m
[90m  Γö£ΓöÇ .output/server/_chunks/ja-JP-DBVTYXUO-CcwbcqIu.mjs (23.4 kB)[39m[90m (8.78 kB gzip)[39m
[90m  Γö£ΓöÇ .output/server/_chunks/jami-studio-toolkit-B2QvFh0b.mjs (9.85 kB)[39m[90m (3.09 kB gzip)[39m
[90m  Γö£ΓöÇ .output/server/_chunks/jami-studio-toolkit-BbIP-tkj.mjs (9.85 kB)[39m[90m (3.09 kB gzip)[39m
[90m  Γö£ΓöÇ .output/server/_chunks/jami-studio-toolkit-BqIDBJbG.mjs (9.85 kB)[39m[90m (3.09 kB gzip)[39m
[90m  Γö£ΓöÇ .output/server/_chunks/jami-studio-toolkit-CCqNArV7.mjs (9.85 kB)[39m[90m (3.09 kB gzip)[39m
[90m  Γö£ΓöÇ .output/server/_chunks/jami-studio-toolkit-CexK2J_e.mjs (21.2 kB)[39m[90m (3.46 kB gzip)[39m
[90m  Γö£ΓöÇ .output/server/_chunks/jami-studio-toolkit-CpSGgXe2.mjs (9.85 kB)[39m[90m (3.09 kB gzip)[39m
[90m  Γö£ΓöÇ .output/server/_chunks/jami-studio-toolkit-DEHVta_0.mjs (9.85 kB)[39m[90m (3.09 kB gzip)[39m
[90m  Γö£ΓöÇ .output/server/_chunks/jami-studio-toolkit-DMK5jxfS.mjs (9.85 kB)[39m[90m (3.09 kB gzip)[39m
[90m  Γö£ΓöÇ .output/server/_chunks/jami-studio-toolkit-DoAIgAL4.mjs (9.85 kB)[39m[90m (3.09 kB gzip)[39m
[90m  Γö£ΓöÇ .output/server/_chunks/jami-studio-toolkit-DZd72UVx.mjs (9.85 kB)[39m[90m (3.09 kB gzip)[39m
[90m  Γö£ΓöÇ .output/server/_chunks/jami-studio-toolkit-DZy1Jjbi.mjs (9.85 kB)[39m[90m (3.09 kB gzip)[39m
[90m  Γö£ΓöÇ .output/server/_chunks/java-C416MRnI.mjs (27.3 kB)[39m[90m (4.31 kB gzip)[39m
[90m  Γö£ΓöÇ .output/server/_chunks/javascript-BSKVtFgj.mjs (67 B)[39m[90m (82 B gzip)[39m
[90m  Γö£ΓöÇ .output/server/_chunks/javascript-CRzg8oQb.mjs (175 kB)[39m[90m (16.2 kB gzip)[39m
[90m  Γö£ΓöÇ .output/server/_chunks/jinja-DVPQXMCE.mjs (5.63 kB)[39m[90m (1.36 kB gzip)[39m
[90m  Γö£ΓöÇ .output/server/_chunks/jison-DhQHC-l9.mjs (9.69 kB)[39m[90m (1.85 kB gzip)[39m
[90m  Γö£ΓöÇ .output/server/_chunks/journeyDiagram-JHISSGLW-mnkNy1EZ.mjs (23.1 kB)[39m[90m (8.1 kB gzip)[39m
[90m  Γö£ΓöÇ .output/server/_chunks/json-BMTXTdiF.mjs (61 B)[39m[90m (76 B gzip)[39m
[90m  Γö£ΓöÇ .output/server/_chunks/json-CvmcIPpb.mjs (2.95 kB)[39m[90m (849 B gzip)[39m
[90m  Γö£ΓöÇ .output/server/_chunks/json5-xULSgPQI.mjs (3.25 kB)[39m[90m (826 B gzip)[39m
[90m  Γö£ΓöÇ .output/server/_chunks/jsonc-Cu6rqcrJ.mjs (3.1 kB)[39m[90m (787 B gzip)[39m
[90m  Γö£ΓöÇ .output/server/_chunks/jsonl-Bp0qqr10.mjs (3 kB)[39m[90m (783 B gzip)[39m
[90m  Γö£ΓöÇ .output/server/_chunks/jsonnet-BafgE6cE.mjs (3.61 kB)[39m[90m (1.04 kB gzip)[39m
[90m  Γö£ΓöÇ .output/server/_chunks/jssm-Dx5A5sBR.mjs (2.23 kB)[39m[90m (607 B gzip)[39m
[90m  Γö£ΓöÇ .output/server/_chunks/jsx-C5LGkdCW.mjs (60 B)[39m[90m (75 B gzip)[39m
[90m  Γö£ΓöÇ .output/server/_chunks/jsx-CcyE37Eu.mjs (178 kB)[39m[90m (16.3 kB gzip)[39m
[90m  Γö£ΓöÇ .output/server/_chunks/jsx-runtime-Bt8rmzQi.mjs (34.4 kB)[39m[90m (9.4 kB gzip)[39m
[90m  Γö£ΓöÇ .output/server/_chunks/julia-uhPe4oOa.mjs (31 kB)[39m[90m (4.25 kB gzip)[39m
[90m  Γö£ΓöÇ .output/server/_chunks/just-BQN3MfKk.mjs (10.8 kB)[39m[90m (2.61 kB gzip)[39m
[90m  Γö£ΓöÇ .output/server/_chunks/kaa-6HZHGXH3-ISZSut7a.mjs (10.2 kB)[39m[90m (4.16 kB gzip)[39m
[90m  Γö£ΓöÇ .output/server/_chunks/kab-KAB-ZGHBKWFO-CSHK62Nw.mjs (18.8 kB)[39m[90m (7.49 kB gzip)[39m
[90m  Γö£ΓöÇ .output/server/_chunks/kanagawa-dragon-r0Z6NjW6.mjs (17.1 kB)[39m[90m (2.9 kB gzip)[39m
[90m  Γö£ΓöÇ .output/server/_chunks/kanagawa-lotus-BClNvl8Z.mjs (17.1 kB)[39m[90m (2.89 kB gzip)[39m
[90m  Γö£ΓöÇ .output/server/_chunks/kanagawa-wave-Crn2TUqT.mjs (17.1 kB)[39m[90m (2.89 kB gzip)[39m
[90m  Γö£ΓöÇ .output/server/_chunks/kanban-definition-UN3LZRKU-B6buJrJd.mjs (19.9 kB)[39m[90m (6.95 kB gzip)[39m
[90m  Γö£ΓöÇ .output/server/_chunks/katex-DiWvUwBe.mjs (259 kB)[39m[90m (76.4 kB gzip)[39m
[90m  Γö£ΓöÇ .output/server/_chunks/kdl-DkTyxPcj.mjs (3.62 kB)[39m[90m (1.03 kB gzip)[39m
[90m  Γö£ΓöÇ .output/server/_chunks/key-concepts-1LLDOiy3.mjs (26.4 kB)[39m[90m (9.24 kB gzip)[39m
[90m  Γö£ΓöÇ .output/server/_chunks/key-concepts-BhcSMeZq.mjs (44.2 kB)[39m[90m (11 kB gzip)[39m
[90m  Γö£ΓöÇ .output/server/_chunks/key-concepts-BRXH4Wiq.mjs (27.1 kB)[39m[90m (9.3 kB gzip)[39m
[90m  Γö£ΓöÇ .output/server/_chunks/key-concepts-BUPsEivh.mjs (32.4 kB)[39m[90m (10.4 kB gzip)[39m
[90m  Γö£ΓöÇ .output/server/_chunks/key-concepts-Ck5YAlbJ.mjs (26.4 kB)[39m[90m (9.59 kB gzip)[39m
[90m  Γö£ΓöÇ .output/server/_chunks/key-concepts-CRFwxiUC.mjs (23.1 kB)[39m[90m (9.7 kB gzip)[39m
[90m  Γö£ΓöÇ .output/server/_chunks/key-concepts-CvW3D-7f.mjs (23.3 kB)[39m[90m (9.7 kB gzip)[39m
[90m  Γö£ΓöÇ .output/server/_chunks/key-concepts-CWQsIvAx.mjs (32.9 kB)[39m[90m (10.1 kB gzip)[39m
[90m  Γö£ΓöÇ .output/server/_chunks/key-concepts-DPVdgPhY.mjs (46.4 kB)[39m[90m (8.6 kB gzip)[39m
[90m  Γö£ΓöÇ .output/server/_chunks/key-concepts-pjwceLnK.mjs (27.5 kB)[39m[90m (9.78 kB gzip)[39m
[90m  Γö£ΓöÇ .output/server/_chunks/key-concepts-WjgsEgrR.mjs (27.9 kB)[39m[90m (9.64 kB gzip)[39m
[90m  Γö£ΓöÇ .output/server/_chunks/kk-KZ-P5N5QNE5-DQEJp2OS.mjs (10.1 kB)[39m[90m (4.17 kB gzip)[39m
[90m  Γö£ΓöÇ .output/server/_chunks/km-KH-HSX4SM5Z-U2gif1gi.mjs (36.7 kB)[39m[90m (9.24 kB gzip)[39m
[90m  Γö£ΓöÇ .output/server/_chunks/ko-KR-MTYHY66A-HEMB8wC7.mjs (23.9 kB)[39m[90m (9.14 kB gzip)[39m
[90m  Γö£ΓöÇ .output/server/_chunks/kotlin-BHE8CoV9.mjs (8.78 kB)[39m[90m (2.12 kB gzip)[39m
[90m  Γö£ΓöÇ .output/server/_chunks/ku-TR-6OUDTVRD-BqopMMG7.mjs (29.3 kB)[39m[90m (9.24 kB gzip)[39m
[90m  Γö£ΓöÇ .output/server/_chunks/kusto-6FdaWTzR.mjs (15.2 kB)[39m[90m (3.91 kB gzip)[39m
[90m  Γö£ΓöÇ .output/server/_chunks/laserwave-BXwWHjxU.mjs (11.5 kB)[39m[90m (2.56 kB gzip)[39m
[90m  Γö£ΓöÇ .output/server/_chunks/latex-BSEJatxi.mjs (72.9 kB)[39m[90m (6.67 kB gzip)[39m
[90m  Γö£ΓöÇ .output/server/_chunks/lean-BwOKScIt.mjs (5.78 kB)[39m[90m (1.91 kB gzip)[39m
[90m  Γö£ΓöÇ .output/server/_chunks/less-BzbdhFUi.mjs (97.6 kB)[39m[90m (14.6 kB gzip)[39m
[90m  Γö£ΓöÇ .output/server/_chunks/light-plus-CIdke45j.mjs (9.94 kB)[39m[90m (2.25 kB gzip)[39m
[90m  Γö£ΓöÇ .output/server/_chunks/linear-uRCl4vXY.mjs (5.55 kB)[39m[90m (2.26 kB gzip)[39m
[90m  Γö£ΓöÇ .output/server/_chunks/liquid-iwYGDsba.mjs (18.1 kB)[39m[90m (3.14 kB gzip)[39m
[90m  Γö£ΓöÇ .output/server/_chunks/llvm-uY68ROGz.mjs (5.04 kB)[39m[90m (2 kB gzip)[39m
[90m  Γö£ΓöÇ .output/server/_chunks/local-file-mode-B1EgSkLi.mjs (18.7 kB)[39m[90m (7.48 kB gzip)[39m
[90m  Γö£ΓöÇ .output/server/_chunks/local-file-mode-BNpncXtu.mjs (22.5 kB)[39m[90m (7.4 kB gzip)[39m
[90m  Γö£ΓöÇ .output/server/_chunks/local-file-mode-C1R3_P9-.mjs (18.9 kB)[39m[90m (7.46 kB gzip)[39m
[90m  Γö£ΓöÇ .output/server/_chunks/local-file-mode-C2CPz234.mjs (23.2 kB)[39m[90m (7.52 kB gzip)[39m
[90m  Γö£ΓöÇ .output/server/_chunks/local-file-mode-Cm-j0_ql.mjs (27.2 kB)[39m[90m (8.17 kB gzip)[39m
[90m  Γö£ΓöÇ .output/server/_chunks/local-file-mode-Cs0O9LuU.mjs (39.5 kB)[39m[90m (7.11 kB gzip)[39m
[90m  Γö£ΓöÇ .output/server/_chunks/local-file-mode-DnAk7efa.mjs (37.1 kB)[39m[90m (8.47 kB gzip)[39m
[90m  Γö£ΓöÇ .output/server/_chunks/local-file-mode-DNS1Zt8_.mjs (22.3 kB)[39m[90m (7.82 kB gzip)[39m
[90m  Γö£ΓöÇ .output/server/_chunks/local-file-mode-DSp7odoO.mjs (22.7 kB)[39m[90m (7.85 kB gzip)[39m
[90m  Γö£ΓöÇ .output/server/_chunks/local-file-mode-DWMejzW6.mjs (23.5 kB)[39m[90m (7.76 kB gzip)[39m
[90m  Γö£ΓöÇ .output/server/_chunks/local-file-mode-XkNvnmAT.mjs (27.3 kB)[39m[90m (8.16 kB gzip)[39m
[90m  Γö£ΓöÇ .output/server/_chunks/log-Dad54gsi.mjs (2.85 kB)[39m[90m (890 B gzip)[39m
[90m  Γö£ΓöÇ .output/server/_chunks/logo-DTXV8SKw.mjs (3.12 kB)[39m[90m (1.46 kB gzip)[39m
[90m  Γö£ΓöÇ .output/server/_chunks/lt-LT-XHIRWOB4-1JXhk2l9.mjs (12.5 kB)[39m[90m (5.34 kB gzip)[39m
[90m  Γö£ΓöÇ .output/server/_chunks/lua-CZkjc79w.mjs (15.7 kB)[39m[90m (3.2 kB gzip)[39m
[90m  Γö£ΓöÇ .output/server/_chunks/luau-YC4aaMmR.mjs (15.6 kB)[39m[90m (3.37 kB gzip)[39m
[90m  Γö£ΓöÇ .output/server/_chunks/lv-LV-5QDEKY6T-DsxRXWxR.mjs (19.1 kB)[39m[90m (7.74 kB gzip)[39m
[90m  Γö£ΓöÇ .output/server/_chunks/make-B2ukzWs3.mjs (8.95 kB)[39m[90m (1.75 kB gzip)[39m
[90m  Γö£ΓöÇ .output/server/_chunks/markdown-CkmxmzqY.mjs (59.3 kB)[39m[90m (5.59 kB gzip)[39m
[90m  Γö£ΓöÇ .output/server/_chunks/markdown-ZUstPqru.mjs (60 B)[39m[90m (78 B gzip)[39m
[90m  Γö£ΓöÇ .output/server/_chunks/marko-CS6vQaM4.mjs (25.5 kB)[39m[90m (3.57 kB gzip)[39m
[90m  Γö£ΓöÇ .output/server/_chunks/material-theme-C57jCkSm.mjs (18.6 kB)[39m[90m (3.07 kB gzip)[39m
[90m  Γö£ΓöÇ .output/server/_chunks/material-theme-darker-B9xfi9CW.mjs (18.6 kB)[39m[90m (3.07 kB gzip)[39m
[90m  Γö£ΓöÇ .output/server/_chunks/material-theme-lighter-CQEzMtT8.mjs (18.6 kB)[39m[90m (3.07 kB gzip)[39m
[90m  Γö£ΓöÇ .output/server/_chunks/material-theme-ocean-B03HAULZ.mjs (18.6 kB)[39m[90m (3.09 kB gzip)[39m
[90m  Γö£ΓöÇ .output/server/_chunks/material-theme-palenight-B8XtnUFs.mjs (18.6 kB)[39m[90m (3.08 kB gzip)[39m
[90m  Γö£ΓöÇ .output/server/_chunks/matlab-CfRK6IMC.mjs (16.1 kB)[39m[90m (3.04 kB gzip)[39m
[90m  Γö£ΓöÇ .output/server/_chunks/mcp-apps-07zVsc0A.mjs (25 kB)[39m[90m (8.26 kB gzip)[39m
[90m  Γö£ΓöÇ .output/server/_chunks/mcp-apps-BaVhjqvX.mjs (26.8 kB)[39m[90m (8.79 kB gzip)[39m
[90m  Γö£ΓöÇ .output/server/_chunks/mcp-apps-Bz4vNVZ0.mjs (43 kB)[39m[90m (9.87 kB gzip)[39m
[90m  Γö£ΓöÇ .output/server/_chunks/mcp-apps-CMHKz-IH.mjs (30.2 kB)[39m[90m (9.31 kB gzip)[39m
[90m  Γö£ΓöÇ .output/server/_chunks/mcp-apps-DE2IrZJI.mjs (26 kB)[39m[90m (8.42 kB gzip)[39m
[90m  Γö£ΓöÇ .output/server/_chunks/mcp-apps-DrY_8kKI.mjs (25.6 kB)[39m[90m (8.65 kB gzip)[39m
[90m  Γö£ΓöÇ .output/server/_chunks/mcp-apps-e1oXWsSi.mjs (22 kB)[39m[90m (8.57 kB gzip)[39m
[90m  Γö£ΓöÇ .output/server/_chunks/mcp-apps-GVwIAg1a.mjs (30.6 kB)[39m[90m (9.17 kB gzip)[39m
[90m  Γö£ΓöÇ .output/server/_chunks/mcp-apps-rnR0N30n.mjs (25.3 kB)[39m[90m (8.74 kB gzip)[39m
[90m  Γö£ΓöÇ .output/server/_chunks/mcp-apps-XhH-h0zi.mjs (21.9 kB)[39m[90m (8.63 kB gzip)[39m
[90m  Γö£ΓöÇ .output/server/_chunks/mcp-apps-zVJRcNSn.mjs (44.1 kB)[39m[90m (7.83 kB gzip)[39m
[90m  Γö£ΓöÇ .output/server/_chunks/mcp-clients-7qA0WpOg.mjs (28.4 kB)[39m[90m (9.49 kB gzip)[39m
[90m  Γö£ΓöÇ .output/server/_chunks/mcp-clients-BCvVh1n8.mjs (52.2 kB)[39m[90m (9.1 kB gzip)[39m
[90m  Γö£ΓöÇ .output/server/_chunks/mcp-clients-BM6oKr3T.mjs (28.2 kB)[39m[90m (8.98 kB gzip)[39m
[90m  Γö£ΓöÇ .output/server/_chunks/mcp-clients-C7hYHbxf.mjs (32.2 kB)[39m[90m (9.94 kB gzip)[39m
[90m  Γö£ΓöÇ .output/server/_chunks/mcp-clients-CEw9TGHX.mjs (45.5 kB)[39m[90m (10.6 kB gzip)[39m
[90m  Γö£ΓöÇ .output/server/_chunks/mcp-clients-dI5kBljV.mjs (32.7 kB)[39m[90m (9.87 kB gzip)[39m
[90m  Γö£ΓöÇ .output/server/_chunks/mcp-clients-DZHrQ3Gn.mjs (24.8 kB)[39m[90m (9.36 kB gzip)[39m
[90m  Γö£ΓöÇ .output/server/_chunks/mcp-clients-erTECx4v.mjs (24.9 kB)[39m[90m (9.33 kB gzip)[39m
[90m  Γö£ΓöÇ .output/server/_chunks/mcp-clients-jZy1QeFQ.mjs (30 kB)[39m[90m (9.46 kB gzip)[39m
[90m  Γö£ΓöÇ .output/server/_chunks/mcp-clients-KTAZvrjx.mjs (27.9 kB)[39m[90m (9.37 kB gzip)[39m
[90m  Γö£ΓöÇ .output/server/_chunks/mcp-clients-r3tfOdVa.mjs (29.1 kB)[39m[90m (9.1 kB gzip)[39m
[90m  Γö£ΓöÇ .output/server/_chunks/mcp-protocol-B9fEJcA-.mjs (21.9 kB)[39m[90m (7.1 kB gzip)[39m
[90m  Γö£ΓöÇ .output/server/_chunks/mcp-protocol-BB3BYwhT.mjs (21.9 kB)[39m[90m (6.78 kB gzip)[39m
[90m  Γö£ΓöÇ .output/server/_chunks/mcp-protocol-BbzX6fnh.mjs (22.4 kB)[39m[90m (6.86 kB gzip)[39m
[90m  Γö£ΓöÇ .output/server/_chunks/mcp-protocol-C7rrdjI8.mjs (19.5 kB)[39m[90m (7.22 kB gzip)[39m
[90m  Γö£ΓöÇ .output/server/_chunks/mcp-protocol-CddeYhN8.mjs (19.5 kB)[39m[90m (7.25 kB gzip)[39m
[90m  Γö£ΓöÇ .output/server/_chunks/mcp-protocol-DqVc-xR2.mjs (31.7 kB)[39m[90m (7.99 kB gzip)[39m
[90m  Γö£ΓöÇ .output/server/_chunks/mcp-protocol-DryaaC2Q.mjs (24.6 kB)[39m[90m (7.55 kB gzip)[39m
[90m  Γö£ΓöÇ .output/server/_chunks/mcp-protocol-MA9kNLbP.mjs (40.7 kB)[39m[90m (6.73 kB gzip)[39m
[90m  Γö£ΓöÇ .output/server/_chunks/mcp-protocol-r5ruiMrE.mjs (24.4 kB)[39m[90m (7.6 kB gzip)[39m
[90m  Γö£ΓöÇ .output/server/_chunks/mcp-protocol-tPc1Kgvc.mjs (21.6 kB)[39m[90m (7.26 kB gzip)[39m
[90m  Γö£ΓöÇ .output/server/_chunks/mcp-protocol-YE-HUzoy.mjs (22.6 kB)[39m[90m (7.07 kB gzip)[39m
[90m  Γö£ΓöÇ .output/server/_chunks/mdc-CWRfrsED.mjs (19.6 kB)[39m[90m (6.62 kB gzip)[39m
[90m  Γö£ΓöÇ .output/server/_chunks/mdx-BK9ZufRc.mjs (136 kB)[39m[90m (23.3 kB gzip)[39m
[90m  Γö£ΓöÇ .output/server/_chunks/mermaid-parser.core-DPe6KkGy.mjs (603 kB)[39m[90m (139 kB gzip)[39m
[90m  Γö£ΓöÇ .output/server/_chunks/mermaid-r7OoIYpE.mjs (29.5 kB)[39m[90m (3.61 kB gzip)[39m
[90m  Γö£ΓöÇ .output/server/_chunks/mermaid.core-8TA4oL7O.mjs (570 kB)[39m[90m (130 kB gzip)[39m
[90m  Γö£ΓöÇ .output/server/_chunks/messaging-5UhhqAax.mjs (65.6 kB)[39m[90m (15.9 kB gzip)[39m
[90m  Γö£ΓöÇ .output/server/_chunks/messaging-BdiJW7CM.mjs (45.8 kB)[39m[90m (14.6 kB gzip)[39m
[90m  Γö£ΓöÇ .output/server/_chunks/messaging-Bl7GtTBk.mjs (40.1 kB)[39m[90m (13.4 kB gzip)[39m
[90m  Γö£ΓöÇ .output/server/_chunks/messaging-Bu7ZkboP.mjs (41.6 kB)[39m[90m (13.9 kB gzip)[39m
[90m  Γö£ΓöÇ .output/server/_chunks/messaging-BZ8L8Qxg.mjs (48.3 kB)[39m[90m (14.6 kB gzip)[39m
[90m  Γö£ΓöÇ .output/server/_chunks/messaging-COUYeh2g.mjs (40.6 kB)[39m[90m (14.2 kB gzip)[39m
[90m  Γö£ΓöÇ .output/server/_chunks/messaging-CZTUO5nt.mjs (35.4 kB)[39m[90m (14 kB gzip)[39m
[90m  Γö£ΓöÇ .output/server/_chunks/messaging-DaY9UdpY.mjs (39.2 kB)[39m[90m (13.2 kB gzip)[39m
[90m  Γö£ΓöÇ .output/server/_chunks/messaging-DLAO2mNX.mjs (40.7 kB)[39m[90m (14.1 kB gzip)[39m
[90m  Γö£ΓöÇ .output/server/_chunks/messaging-DouoTtEB.mjs (35.5 kB)[39m[90m (14 kB gzip)[39m
[90m  Γö£ΓöÇ .output/server/_chunks/messaging-DV-_VoDa.mjs (84 kB)[39m[90m (25.7 kB gzip)[39m
[90m  Γö£ΓöÇ .output/server/_chunks/min-dark-8t-S2ANr.mjs (6.29 kB)[39m[90m (1.7 kB gzip)[39m
[90m  Γö£ΓöÇ .output/server/_chunks/min-light-CDaI5faR.mjs (6.97 kB)[39m[90m (1.88 kB gzip)[39m
[90m  Γö£ΓöÇ .output/server/_chunks/mindmap-definition-RKZ34NQL-Dcc8tpHH.mjs (23.1 kB)[39m[90m (7.73 kB gzip)[39m
[90m  Γö£ΓöÇ .output/server/_chunks/mipsasm-EL46Y4Xg.mjs (3.25 kB)[39m[90m (1.17 kB gzip)[39m
[90m  Γö£ΓöÇ .output/server/_chunks/mojo-YCzvCoMT.mjs (69.8 kB)[39m[90m (9.16 kB gzip)[39m
[90m  Γö£ΓöÇ .output/server/_chunks/monokai-DQa6cyng.mjs (7.88 kB)[39m[90m (1.9 kB gzip)[39m
[90m  Γö£ΓöÇ .output/server/_chunks/moonbit-B_9L5rST.mjs (5.89 kB)[39m[90m (1.67 kB gzip)[39m
[90m  Γö£ΓöÇ .output/server/_chunks/move-Dqi5fhOb.mjs (17.5 kB)[39m[90m (3.04 kB gzip)[39m
[90m  Γö£ΓöÇ .output/server/_chunks/mr-IN-CRQNXWMA-DPn3l_lL.mjs (42.3 kB)[39m[90m (10.6 kB gzip)[39m
[90m  Γö£ΓöÇ .output/server/_chunks/multi-app-workspace-BHATmLNK.mjs (28.9 kB)[39m[90m (9.3 kB gzip)[39m
[90m  Γö£ΓöÇ .output/server/_chunks/multi-app-workspace-BHB8DVMp.mjs (26.8 kB)[39m[90m (8.87 kB gzip)[39m
[90m  Γö£ΓöÇ .output/server/_chunks/multi-app-workspace-Bwk2-oEZ.mjs (31.2 kB)[39m[90m (9.89 kB gzip)[39m
[90m  Γö£ΓöÇ .output/server/_chunks/multi-app-workspace-C-NzQ5jQ.mjs (32.5 kB)[39m[90m (9.81 kB gzip)[39m
[90m  Γö£ΓöÇ .output/server/_chunks/multi-app-workspace-CfDbzej7.mjs (43.9 kB)[39m[90m (10.4 kB gzip)[39m
[90m  Γö£ΓöÇ .output/server/_chunks/multi-app-workspace-CXtYJDkO.mjs (22.8 kB)[39m[90m (9.2 kB gzip)[39m
[90m  Γö£ΓöÇ .output/server/_chunks/multi-app-workspace-CYLr_bw5.mjs (22.8 kB)[39m[90m (9.25 kB gzip)[39m
[90m  Γö£ΓöÇ .output/server/_chunks/multi-app-workspace-D0rZdKDb.mjs (27 kB)[39m[90m (9.36 kB gzip)[39m
[90m  Γö£ΓöÇ .output/server/_chunks/multi-app-workspace-DWeM-lAB.mjs (26.4 kB)[39m[90m (9.36 kB gzip)[39m
[90m  Γö£ΓöÇ .output/server/_chunks/multi-app-workspace-DY9zSVxr.mjs (40.9 kB)[39m[90m (7.57 kB gzip)[39m
[90m  Γö£ΓöÇ .output/server/_chunks/multi-app-workspace-xMXx7tVy.mjs (27.3 kB)[39m[90m (8.97 kB gzip)[39m
[90m  Γö£ΓöÇ .output/server/_chunks/multi-tenancy-B5emCwdz.mjs (6.16 kB)[39m[90m (2.35 kB gzip)[39m
[90m  Γö£ΓöÇ .output/server/_chunks/multi-tenancy-BMJZ8byL.mjs (7.38 kB)[39m[90m (2.69 kB gzip)[39m
[90m  Γö£ΓöÇ .output/server/_chunks/multi-tenancy-BvgCJoHF.mjs (9.84 kB)[39m[90m (2.9 kB gzip)[39m
[90m  Γö£ΓöÇ .output/server/_chunks/multi-tenancy-C4Z2vyjP.mjs (6.32 kB)[39m[90m (2.48 kB gzip)[39m
[90m  Γö£ΓöÇ .output/server/_chunks/multi-tenancy-CBGtOlU0.mjs (6.32 kB)[39m[90m (2.4 kB gzip)[39m
[90m  Γö£ΓöÇ .output/server/_chunks/multi-tenancy-CrhS2cUE.mjs (5.53 kB)[39m[90m (2.58 kB gzip)[39m
[90m  Γö£ΓöÇ .output/server/_chunks/multi-tenancy-D1-c9Mnb.mjs (6.49 kB)[39m[90m (2.48 kB gzip)[39m
[90m  Γö£ΓöÇ .output/server/_chunks/multi-tenancy-DmLIM11W.mjs (11.4 kB)[39m[90m (2.29 kB gzip)[39m
[90m  Γö£ΓöÇ .output/server/_chunks/multi-tenancy-HhsSc61H.mjs (6.29 kB)[39m[90m (2.61 kB gzip)[39m
[90m  Γö£ΓöÇ .output/server/_chunks/multi-tenancy-pj3ipls1.mjs (7.2 kB)[39m[90m (2.81 kB gzip)[39m
[90m  Γö£ΓöÇ .output/server/_chunks/multi-tenancy-SYnh1q78.mjs (5.47 kB)[39m[90m (2.6 kB gzip)[39m
[90m  Γö£ΓöÇ .output/server/_chunks/my-MM-5M5IBNSE-Rf-0Obrf.mjs (17.6 kB)[39m[90m (5.29 kB gzip)[39m
[90m  Γö£ΓöÇ .output/server/_chunks/narrat-D9rrR0H5.mjs (3.67 kB)[39m[90m (1.1 kB gzip)[39m
[90m  Γö£ΓöÇ .output/server/_chunks/native-chat-ui-9igUGJ0-.mjs (19.7 kB)[39m[90m (6.28 kB gzip)[39m
[90m  Γö£ΓöÇ .output/server/_chunks/native-chat-ui-B0K5z60H.mjs (15.1 kB)[39m[90m (5.94 kB gzip)[39m
[90m  Γö£ΓöÇ .output/server/_chunks/native-chat-ui-B2cfN26E.mjs (15.1 kB)[39m[90m (5.93 kB gzip)[39m
[90m  Γö£ΓöÇ .output/server/_chunks/native-chat-ui-Bksf6Uc_.mjs (31.4 kB)[39m[90m (5.56 kB gzip)[39m
[90m  Γö£ΓöÇ .output/server/_chunks/native-chat-ui-BPbVoQu8.mjs (16.9 kB)[39m[90m (5.9 kB gzip)[39m
[90m  Γö£ΓöÇ .output/server/_chunks/native-chat-ui-BQfMakmb.mjs (16.9 kB)[39m[90m (6.05 kB gzip)[39m
[90m  Γö£ΓöÇ .output/server/_chunks/native-chat-ui-BSXyEZi9.mjs (17.2 kB)[39m[90m (5.68 kB gzip)[39m
[90m  Γö£ΓöÇ .output/server/_chunks/native-chat-ui-BzA_iGRj.mjs (17.6 kB)[39m[90m (5.85 kB gzip)[39m
[90m  Γö£ΓöÇ .output/server/_chunks/native-chat-ui-CD-Oy612.mjs (19.2 kB)[39m[90m (6.3 kB gzip)[39m
[90m  Γö£ΓöÇ .output/server/_chunks/native-chat-ui-Drm2M4ES.mjs (16.9 kB)[39m[90m (5.62 kB gzip)[39m
[90m  Γö£ΓöÇ .output/server/_chunks/native-chat-ui-XdphqrIU.mjs (24.5 kB)[39m[90m (6.48 kB gzip)[39m
[90m  Γö£ΓöÇ .output/server/_chunks/nb-NO-T6EIAALU-D4JmLnoZ.mjs (20.1 kB)[39m[90m (8.16 kB gzip)[39m
[90m  Γö£ΓöÇ .output/server/_chunks/nextflow-BgGOyLwY.mjs (4.51 kB)[39m[90m (1.16 kB gzip)[39m
[90m  Γö£ΓöÇ .output/server/_chunks/nextflow-groovy-CdFFX-gF.mjs (10.4 kB)[39m[90m (2.13 kB gzip)[39m
[90m  Γö£ΓöÇ .output/server/_chunks/nginx-R8FE0uig.mjs (35.4 kB)[39m[90m (4.4 kB gzip)[39m
[90m  Γö£ΓöÇ .output/server/_chunks/night-owl-ClmGJ_7g.mjs (28.9 kB)[39m[90m (5.11 kB gzip)[39m
[90m  Γö£ΓöÇ .output/server/_chunks/night-owl-light-Dvx9XGO1.mjs (25.9 kB)[39m[90m (4.23 kB gzip)[39m
[90m  Γö£ΓöÇ .output/server/_chunks/nim-0ezhQJH8.mjs (22.5 kB)[39m[90m (3.13 kB gzip)[39m
[90m  Γö£ΓöÇ .output/server/_chunks/nix-C2F9-pv2.mjs (15.5 kB)[39m[90m (2.46 kB gzip)[39m
[90m  Γö£ΓöÇ .output/server/_chunks/nl-NL-IS3SIHDZ-C1Yxf4X-.mjs (16.7 kB)[39m[90m (6.88 kB gzip)[39m
[90m  Γö£ΓöÇ .output/server/_chunks/nn-NO-6E72VCQL-CIozYoYy.mjs (16 kB)[39m[90m (6.68 kB gzip)[39m
[90m  Γö£ΓöÇ .output/server/_chunks/nord-CTsAlnUR.mjs (26.7 kB)[39m[90m (4.35 kB gzip)[39m
[90m  Γö£ΓöÇ .output/server/_chunks/notifications-BDRBy8Lb.mjs (16 kB)[39m[90m (5.19 kB gzip)[39m
[90m  Γö£ΓöÇ .output/server/_chunks/notifications-C5R9gJFc.mjs (15.2 kB)[39m[90m (4.99 kB gzip)[39m
[90m  Γö£ΓöÇ .output/server/_chunks/notifications-CNJdMbel.mjs (15.6 kB)[39m[90m (5.05 kB gzip)[39m
[90m  Γö£ΓöÇ .output/server/_chunks/notifications-CpjYTewx.mjs (21.6 kB)[39m[90m (5.87 kB gzip)[39m
[90m  Γö£ΓöÇ .output/server/_chunks/notifications-CvbhM5Yv.mjs (17.5 kB)[39m[90m (5.63 kB gzip)[39m
[90m  Γö£ΓöÇ .output/server/_chunks/notifications-D0nPiKdD.mjs (16.8 kB)[39m[90m (5.7 kB gzip)[39m
[90m  Γö£ΓöÇ .output/server/_chunks/notifications-DtIascRZ.mjs (14 kB)[39m[90m (5.42 kB gzip)[39m
[90m  Γö£ΓöÇ .output/server/_chunks/notifications-hxBJF3eI.mjs (29.8 kB)[39m[90m (4.9 kB gzip)[39m
[90m  Γö£ΓöÇ .output/server/_chunks/notifications-m2r8BG7R.mjs (15.9 kB)[39m[90m (5.33 kB gzip)[39m
[90m  Γö£ΓöÇ .output/server/_chunks/notifications-mVKSnxst.mjs (15.4 kB)[39m[90m (5.39 kB gzip)[39m
[90m  Γö£ΓöÇ .output/server/_chunks/notifications-x7izZdYW.mjs (14.1 kB)[39m[90m (5.42 kB gzip)[39m
[90m  Γö£ΓöÇ .output/server/_chunks/nushell-r7hBzeS_.mjs (20.4 kB)[39m[90m (5.18 kB gzip)[39m
[90m  Γö£ΓöÇ .output/server/_chunks/objective-c-6dJF64Dt.mjs (105 kB)[39m[90m (23.2 kB gzip)[39m
[90m  Γö£ΓöÇ .output/server/_chunks/objective-cpp-_ooRQ-PY.mjs (172 kB)[39m[90m (30.4 kB gzip)[39m
[90m  Γö£ΓöÇ .output/server/_chunks/observability-b07J2_9Z.mjs (22.2 kB)[39m[90m (7.96 kB gzip)[39m
[90m  Γö£ΓöÇ .output/server/_chunks/observability-B2xNHsr5.mjs (21.7 kB)[39m[90m (8.05 kB gzip)[39m
[90m  Γö£ΓöÇ .output/server/_chunks/observability-C60gtPl2.mjs (22.6 kB)[39m[90m (7.65 kB gzip)[39m
[90m  Γö£ΓöÇ .output/server/_chunks/observability-CIxutf0D.mjs (25 kB)[39m[90m (8.62 kB gzip)[39m
[90m  Γö£ΓöÇ .output/server/_chunks/observability-Cl7KUi7n.mjs (39 kB)[39m[90m (7.17 kB gzip)[39m
[90m  Γö£ΓöÇ .output/server/_chunks/observability-CMxLTrUi.mjs (19 kB)[39m[90m (8.03 kB gzip)[39m
[90m  Γö£ΓöÇ .output/server/_chunks/observability-CpNoqI3L.mjs (22.1 kB)[39m[90m (7.56 kB gzip)[39m
[90m  Γö£ΓöÇ .output/server/_chunks/observability-CSfl0d7U.mjs (18.9 kB)[39m[90m (8 kB gzip)[39m
[90m  Γö£ΓöÇ .output/server/_chunks/observability-D-n64R4n.mjs (35 kB)[39m[90m (9 kB gzip)[39m
[90m  Γö£ΓöÇ .output/server/_chunks/observability-O0uguhfA.mjs (23.2 kB)[39m[90m (7.96 kB gzip)[39m
[90m  Γö£ΓöÇ .output/server/_chunks/observability-xjY5nEfR.mjs (26.4 kB)[39m[90m (8.42 kB gzip)[39m
[90m  Γö£ΓöÇ .output/server/_chunks/observational-memory-B91DifHV.mjs (8.01 kB)[39m[90m (3.64 kB gzip)[39m
[90m  Γö£ΓöÇ .output/server/_chunks/observational-memory-BI0ridn-.mjs (11 kB)[39m[90m (4.08 kB gzip)[39m
[90m  Γö£ΓöÇ .output/server/_chunks/observational-memory-BVbzZkBf.mjs (17 kB)[39m[90m (3.21 kB gzip)[39m
[90m  Γö£ΓöÇ .output/server/_chunks/observational-memory-CBbvUzvN.mjs (9.9 kB)[39m[90m (3.67 kB gzip)[39m
[90m  Γö£ΓöÇ .output/server/_chunks/observational-memory-CeYBzkXK.mjs (9.9 kB)[39m[90m (3.6 kB gzip)[39m
[90m  Γö£ΓöÇ .output/server/_chunks/observational-memory-CFuhH0yt.mjs (9.75 kB)[39m[90m (3.43 kB gzip)[39m
[90m  Γö£ΓöÇ .output/server/_chunks/observational-memory-CJYm-osY.mjs (11.5 kB)[39m[90m (3.92 kB gzip)[39m
[90m  Γö£ΓöÇ .output/server/_chunks/observational-memory-Dq0egf8z.mjs (16.2 kB)[39m[90m (4.19 kB gzip)[39m
[90m  Γö£ΓöÇ .output/server/_chunks/observational-memory-SUb6nJpO.mjs (8.04 kB)[39m[90m (3.64 kB gzip)[39m
[90m  Γö£ΓöÇ .output/server/_chunks/observational-memory-UJdfswav.mjs (9.61 kB)[39m[90m (3.72 kB gzip)[39m
[90m  Γö£ΓöÇ .output/server/_chunks/observational-memory-xycs6o2d.mjs (9.44 kB)[39m[90m (3.38 kB gzip)[39m
[90m  Γö£ΓöÇ .output/server/_chunks/oc-FR-POXYY2M6-DNxbrsr8.mjs (19.8 kB)[39m[90m (7.79 kB gzip)[39m
[90m  Γö£ΓöÇ .output/server/_chunks/ocaml-vm1Y8An6.mjs (62.4 kB)[39m[90m (4.93 kB gzip)[39m
[90m  Γö£ΓöÇ .output/server/_chunks/odin-vjOJSyfV.mjs (16.5 kB)[39m[90m (2.92 kB gzip)[39m
[90m  Γö£ΓöÇ .output/server/_chunks/onboarding-8kIk15Sa.mjs (14.5 kB)[39m[90m (5.72 kB gzip)[39m
[90m  Γö£ΓöÇ .output/server/_chunks/onboarding-C_6-x61E.mjs (12.8 kB)[39m[90m (5.67 kB gzip)[39m
[90m  Γö£ΓöÇ .output/server/_chunks/onboarding-C8oBPGNb.mjs (16.8 kB)[39m[90m (6.06 kB gzip)[39m
[90m  Γö£ΓöÇ .output/server/_chunks/onboarding-Ci-p0H_M.mjs (17.5 kB)[39m[90m (5.9 kB gzip)[39m
[90m  Γö£ΓöÇ .output/server/_chunks/onboarding-CjzpJ1xg.mjs (15 kB)[39m[90m (5.63 kB gzip)[39m
[90m  Γö£ΓöÇ .output/server/_chunks/onboarding-CR7JXOns.mjs (14.8 kB)[39m[90m (5.38 kB gzip)[39m
[90m  Γö£ΓöÇ .output/server/_chunks/onboarding-DGowIemx.mjs (14.5 kB)[39m[90m (5.33 kB gzip)[39m
[90m  Γö£ΓöÇ .output/server/_chunks/onboarding-Du939z58.mjs (27 kB)[39m[90m (5.09 kB gzip)[39m
[90m  Γö£ΓöÇ .output/server/_chunks/onboarding-OGpl6Du0.mjs (12.8 kB)[39m[90m (5.72 kB gzip)[39m
[90m  Γö£ΓöÇ .output/server/_chunks/onboarding-Pv-2P-ig.mjs (23 kB)[39m[90m (6.3 kB gzip)[39m
[90m  Γö£ΓöÇ .output/server/_chunks/onboarding-WQ0lKm_l.mjs (15.5 kB)[39m[90m (5.67 kB gzip)[39m
[90m  Γö£ΓöÇ .output/server/_chunks/one-dark-pro-C9Cg6vou.mjs (33.8 kB)[39m[90m (5.47 kB gzip)[39m
[90m  Γö£ΓöÇ .output/server/_chunks/one-light-DZGjvus6.mjs (25.3 kB)[39m[90m (3.61 kB gzip)[39m
[90m  Γö£ΓöÇ .output/server/_chunks/openscad-jn-f1Ocl.mjs (2.82 kB)[39m[90m (1 kB gzip)[39m
[90m  Γö£ΓöÇ .output/server/_chunks/ordinal-Dwc-c6sf.mjs (1.18 kB)[39m[90m (564 B gzip)[39m
[90m  Γö£ΓöÇ .output/server/_chunks/pa-IN-N4M65BXN-B7vLpKsF.mjs (28 kB)[39m[90m (7.96 kB gzip)[39m
[90m  Γö£ΓöÇ .output/server/_chunks/package-lifecycle-BBHrw8yX.mjs (900 B)[39m[90m (492 B gzip)[39m
[90m  Γö£ΓöÇ .output/server/_chunks/package-lifecycle-C64R3gtV.mjs (829 B)[39m[90m (565 B gzip)[39m
[90m  Γö£ΓöÇ .output/server/_chunks/package-lifecycle-C81q0UHL.mjs (4.94 kB)[39m[90m (1.2 kB gzip)[39m
[90m  Γö£ΓöÇ .output/server/_chunks/package-lifecycle-CtbKzQZ3.mjs (1.13 kB)[39m[90m (598 B gzip)[39m
[90m  Γö£ΓöÇ .output/server/_chunks/package-lifecycle-CTEkfU9q.mjs (831 B)[39m[90m (562 B gzip)[39m
[90m  Γö£ΓöÇ .output/server/_chunks/package-lifecycle-cUczMuJH.mjs (1 kB)[39m[90m (595 B gzip)[39m
[90m  Γö£ΓöÇ .output/server/_chunks/package-lifecycle-D5fr-aDi.mjs (1.66 kB)[39m[90m (683 B gzip)[39m
[90m  Γö£ΓöÇ .output/server/_chunks/package-lifecycle-DBAtz6bY.mjs (1.09 kB)[39m[90m (625 B gzip)[39m
[90m  Γö£ΓöÇ .output/server/_chunks/package-lifecycle-Dl5QjmiU.mjs (989 B)[39m[90m (547 B gzip)[39m
[90m  Γö£ΓöÇ .output/server/_chunks/package-lifecycle-DtHzpBIg.mjs (931 B)[39m[90m (495 B gzip)[39m
[90m  Γö£ΓöÇ .output/server/_chunks/package-lifecycle-Xo1RDcKK.mjs (949 B)[39m[90m (515 B gzip)[39m
[90m  Γö£ΓöÇ .output/server/_chunks/packet-YPE3B663-IKoGdl95.mjs (89 B)[39m[90m (102 B gzip)[39m
[90m  Γö£ΓöÇ .output/server/_chunks/pascal-D8-gNZ2I.mjs (4.14 kB)[39m[90m (1.66 kB gzip)[39m
[90m  Γö£ΓöÇ .output/server/_chunks/percentages-BXMCSKIN-CiF-Gmij.mjs (140 B)[39m[90m (126 B gzip)[39m
[90m  Γö£ΓöÇ .output/server/_chunks/perl-CNQ9dlr_.mjs (43.2 kB)[39m[90m (4.59 kB gzip)[39m
[90m  Γö£ΓöÇ .output/server/_chunks/php-CgEwUnaT.mjs (113 kB)[39m[90m (28.6 kB gzip)[39m
[90m  Γö£ΓöÇ .output/server/_chunks/pica-CQzOu-bv.mjs (32.2 kB)[39m[90m (12.5 kB gzip)[39m
[90m  Γö£ΓöÇ .output/server/_chunks/pie-LRSECV5Y-BeOztbtb.mjs (86 B)[39m[90m (101 B gzip)[39m
[90m  Γö£ΓöÇ .output/server/_chunks/pieDiagram-4H26LBE5-C_d9TCSj.mjs (5.04 kB)[39m[90m (2.18 kB gzip)[39m
[90m  Γö£ΓöÇ .output/server/_chunks/pkl-C7lWzykI.mjs (10.4 kB)[39m[90m (1.37 kB gzip)[39m
[90m  Γö£ΓöÇ .output/server/_chunks/pl-PL-T2D74RX3-DwdGyo_1.mjs (22.5 kB)[39m[90m (9.17 kB gzip)[39m
[90m  Γö£ΓöÇ .output/server/_chunks/plan-plugin-B1H5vu1t.mjs (17.1 kB)[39m[90m (7.08 kB gzip)[39m
[90m  Γö£ΓöÇ .output/server/_chunks/plan-plugin-CbQ-owMJ.mjs (32.7 kB)[39m[90m (8.07 kB gzip)[39m
[90m  Γö£ΓöÇ .output/server/_chunks/plan-plugin-CD9F33Nh.mjs (23.8 kB)[39m[90m (7.54 kB gzip)[39m
[90m  Γö£ΓöÇ .output/server/_chunks/plan-plugin-ClinzJyH.mjs (20.3 kB)[39m[90m (7.27 kB gzip)[39m
[90m  Γö£ΓöÇ .output/server/_chunks/plan-plugin-CT1pF7R8.mjs (20 kB)[39m[90m (7.3 kB gzip)[39m
[90m  Γö£ΓöÇ .output/server/_chunks/plan-plugin-D1UZTUs7.mjs (34.7 kB)[39m[90m (6.37 kB gzip)[39m
[90m  Γö£ΓöÇ .output/server/_chunks/plan-plugin-De6e9jxW.mjs (23.4 kB)[39m[90m (7.73 kB gzip)[39m
[90m  Γö£ΓöÇ .output/server/_chunks/plan-plugin-DJCZmOJU.mjs (19.6 kB)[39m[90m (6.82 kB gzip)[39m
[90m  Γö£ΓöÇ .output/server/_chunks/plan-plugin-dORkCQzC.mjs (20.3 kB)[39m[90m (7.17 kB gzip)[39m
[90m  Γö£ΓöÇ .output/server/_chunks/plan-plugin-Dt8B7IiT.mjs (19 kB)[39m[90m (6.75 kB gzip)[39m
[90m  Γö£ΓöÇ .output/server/_chunks/plan-plugin-rwaeXOGg.mjs (17 kB)[39m[90m (7.09 kB gzip)[39m
[90m  Γö£ΓöÇ .output/server/_chunks/plastic-C1uCvfmU.mjs (9.29 kB)[39m[90m (1.97 kB gzip)[39m
[90m  Γö£ΓöÇ .output/server/_chunks/plsql-DCNXypXO.mjs (8.51 kB)[39m[90m (2.98 kB gzip)[39m
[90m  Γö£ΓöÇ .output/server/_chunks/po-IjpR1yHO.mjs (3.23 kB)[39m[90m (903 B gzip)[39m
[90m  Γö£ΓöÇ .output/server/_chunks/poimandres-DXMh5jNf.mjs (33.5 kB)[39m[90m (5.47 kB gzip)[39m
[90m  Γö£ΓöÇ .output/server/_chunks/polar-4pN1JrJ8.mjs (4.66 kB)[39m[90m (1.12 kB gzip)[39m
[90m  Γö£ΓöÇ .output/server/_chunks/postcss-D1gKt4z_.mjs (6.41 kB)[39m[90m (1.9 kB gzip)[39m
[90m  Γö£ΓöÇ .output/server/_chunks/powerquery-SrvS_NBM.mjs (5.9 kB)[39m[90m (1.51 kB gzip)[39m
[90m  Γö£ΓöÇ .output/server/_chunks/powershell-CpTLv_ai.mjs (20.1 kB)[39m[90m (4.04 kB gzip)[39m
[90m  Γö£ΓöÇ .output/server/_chunks/pr-visual-recap-15ZaDgdv.mjs (40.3 kB)[39m[90m (12.4 kB gzip)[39m
[90m  Γö£ΓöÇ .output/server/_chunks/pr-visual-recap-CG7Q3fSL.mjs (39 kB)[39m[90m (12.1 kB gzip)[39m
[90m  Γö£ΓöÇ .output/server/_chunks/pr-visual-recap-COmCjov6.mjs (71.8 kB)[39m[90m (20.8 kB gzip)[39m
[90m  Γö£ΓöÇ .output/server/_chunks/pr-visual-recap-CQ0Cf9Rq.mjs (67.7 kB)[39m[90m (14 kB gzip)[39m
[90m  Γö£ΓöÇ .output/server/_chunks/pr-visual-recap-CVvwQVuq.mjs (39.8 kB)[39m[90m (11.8 kB gzip)[39m
[90m  Γö£ΓöÇ .output/server/_chunks/pr-visual-recap-DBc0Adgl.mjs (32.9 kB)[39m[90m (12.1 kB gzip)[39m
[90m  Γö£ΓöÇ .output/server/_chunks/pr-visual-recap-DYCSxFUT.mjs (39.5 kB)[39m[90m (12.6 kB gzip)[39m
[90m  Γö£ΓöÇ .output/server/_chunks/pr-visual-recap-JNJxVSFj.mjs (38.9 kB)[39m[90m (11.8 kB gzip)[39m
[90m  Γö£ΓöÇ .output/server/_chunks/pr-visual-recap-jnrbMPWQ.mjs (33 kB)[39m[90m (12.1 kB gzip)[39m
[90m  Γö£ΓöÇ .output/server/_chunks/pr-visual-recap-k43vq3Wn.mjs (47.2 kB)[39m[90m (13.1 kB gzip)[39m
[90m  Γö£ΓöÇ .output/server/_chunks/pr-visual-recap-sdUeGrgY.mjs (46 kB)[39m[90m (13 kB gzip)[39m
[90m  Γö£ΓöÇ .output/server/_chunks/prisma-BWfa4-tI.mjs (6.32 kB)[39m[90m (1.38 kB gzip)[39m
[90m  Γö£ΓöÇ .output/server/_chunks/processors-B-LfLcFL.mjs (7.92 kB)[39m[90m (3.03 kB gzip)[39m
[90m  Γö£ΓöÇ .output/server/_chunks/processors-BivIDwc0.mjs (8.74 kB)[39m[90m (3.51 kB gzip)[39m
[90m  Γö£ΓöÇ .output/server/_chunks/processors-BNoe_nmM.mjs (6.74 kB)[39m[90m (3.26 kB gzip)[39m
[90m  Γö£ΓöÇ .output/server/_chunks/processors-BSV57O27.mjs (8.21 kB)[39m[90m (3.17 kB gzip)[39m
[90m  Γö£ΓöÇ .output/server/_chunks/processors-C9t6_Y6Y.mjs (9.29 kB)[39m[90m (3.46 kB gzip)[39m
[90m  Γö£ΓöÇ .output/server/_chunks/processors-CovaQLI2.mjs (7.9 kB)[39m[90m (3.21 kB gzip)[39m
[90m  Γö£ΓöÇ .output/server/_chunks/processors-CP4Di4ww.mjs (7.91 kB)[39m[90m (3.33 kB gzip)[39m
[90m  Γö£ΓöÇ .output/server/_chunks/processors-DLPWHz_h.mjs (8.08 kB)[39m[90m (3.04 kB gzip)[39m
[90m  Γö£ΓöÇ .output/server/_chunks/processors-DzzrSof0.mjs (14.3 kB)[39m[90m (2.9 kB gzip)[39m
[90m  Γö£ΓöÇ .output/server/_chunks/processors-iDfVH6pi.mjs (6.73 kB)[39m[90m (3.25 kB gzip)[39m
[90m  Γö£ΓöÇ .output/server/_chunks/processors-KGBfJ4O5.mjs (12.2 kB)[39m[90m (3.71 kB gzip)[39m
[90m  Γö£ΓöÇ .output/server/_chunks/prod-BO1_OTDg.mjs (525 kB)[39m[90m (157 kB gzip)[39m
[90m  Γö£ΓöÇ .output/server/_chunks/progress-0xJH_ZBb.mjs (10.5 kB)[39m[90m (4.19 kB gzip)[39m
[90m  Γö£ΓöÇ .output/server/_chunks/progress-3oZyh6hF.mjs (10.3 kB)[39m[90m (4.08 kB gzip)[39m
[90m  Γö£ΓöÇ .output/server/_chunks/progress-7ddakMQ7.mjs (15.2 kB)[39m[90m (4.74 kB gzip)[39m
[90m  Γö£ΓöÇ .output/server/_chunks/progress-BoaBn6EW.mjs (10.7 kB)[39m[90m (4.42 kB gzip)[39m
[90m  Γö£ΓöÇ .output/server/_chunks/progress-C6-IdOIH.mjs (18.8 kB)[39m[90m (3.78 kB gzip)[39m
[90m  Γö£ΓöÇ .output/server/_chunks/progress-CLjoK3d9.mjs (10.1 kB)[39m[90m (4.02 kB gzip)[39m
[90m  Γö£ΓöÇ .output/server/_chunks/progress-CPx9juGl.mjs (11.6 kB)[39m[90m (4.48 kB gzip)[39m
[90m  Γö£ΓöÇ .output/server/_chunks/progress-Df1kSz78.mjs (9.41 kB)[39m[90m (4.29 kB gzip)[39m
[90m  Γö£ΓöÇ .output/server/_chunks/progress-DlLiBeDc.mjs (10.4 kB)[39m[90m (4.23 kB gzip)[39m
[90m  Γö£ΓöÇ .output/server/_chunks/progress-K2Rwa4DP.mjs (11.6 kB)[39m[90m (4.66 kB gzip)[39m
[90m  Γö£ΓöÇ .output/server/_chunks/progress-x6Io6DIe.mjs (9.4 kB)[39m[90m (4.31 kB gzip)[39m
[90m  Γö£ΓöÇ .output/server/_chunks/prolog-Bacii3Ue.mjs (11.3 kB)[39m[90m (3.83 kB gzip)[39m
[90m  Γö£ΓöÇ .output/server/_chunks/proto-ClkOcAW0.mjs (6.54 kB)[39m[90m (1.41 kB gzip)[39m
[90m  Γö£ΓöÇ .output/server/_chunks/pt-BR-5N22H2LF-DHMEdJ4O.mjs (21 kB)[39m[90m (8.16 kB gzip)[39m
[90m  Γö£ΓöÇ .output/server/_chunks/pt-PT-UZXXM6DQ-Bpw06W3f.mjs (19.7 kB)[39m[90m (7.74 kB gzip)[39m
[90m  Γö£ΓöÇ .output/server/_chunks/pug-CFBOLEXd.mjs (13.9 kB)[39m[90m (2.57 kB gzip)[39m
[90m  Γö£ΓöÇ .output/server/_chunks/puppet-CQlPp728.mjs (11.4 kB)[39m[90m (2.1 kB gzip)[39m
[90m  Γö£ΓöÇ .output/server/_chunks/pure-agent-apps-BNV8c_pZ.mjs (5.16 kB)[39m[90m (2.13 kB gzip)[39m
[90m  Γö£ΓöÇ .output/server/_chunks/pure-agent-apps-Bp4GUsEK.mjs (4.35 kB)[39m[90m (1.84 kB gzip)[39m
[90m  Γö£ΓöÇ .output/server/_chunks/pure-agent-apps-C7DtJpYC.mjs (4.42 kB)[39m[90m (2.05 kB gzip)[39m
[90m  Γö£ΓöÇ .output/server/_chunks/pure-agent-apps-CF-7-BZZ.mjs (4.49 kB)[39m[90m (2 kB gzip)[39m
[90m  Γö£ΓöÇ .output/server/_chunks/pure-agent-apps-CJdpIh38.mjs (3.93 kB)[39m[90m (2.01 kB gzip)[39m
[90m  Γö£ΓöÇ .output/server/_chunks/pure-agent-apps-D8NjPezu.mjs (4.48 kB)[39m[90m (1.91 kB gzip)[39m
[90m  Γö£ΓöÇ .output/server/_chunks/pure-agent-apps-DDJFCUFY.mjs (4.89 kB)[39m[90m (2.22 kB gzip)[39m
[90m  Γö£ΓöÇ .output/server/_chunks/pure-agent-apps-DHv7TtWz.mjs (6.05 kB)[39m[90m (2.25 kB gzip)[39m
[90m  Γö£ΓöÇ .output/server/_chunks/pure-agent-apps-DLlQ7ht3.mjs (3.96 kB)[39m[90m (2.02 kB gzip)[39m
[90m  Γö£ΓöÇ .output/server/_chunks/pure-agent-apps-DUrwFqUr.mjs (4.57 kB)[39m[90m (1.97 kB gzip)[39m
[90m  Γö£ΓöÇ .output/server/_chunks/pure-agent-apps-v2ZxuvbD.mjs (11.1 kB)[39m[90m (2.4 kB gzip)[39m
[90m  Γö£ΓöÇ .output/server/_chunks/purescript-CLpaGMbw.mjs (24.7 kB)[39m[90m (3.22 kB gzip)[39m
[90m  Γö£ΓöÇ .output/server/_chunks/python-BjnOIxPe.mjs (69.9 kB)[39m[90m (9.03 kB gzip)[39m
[90m  Γö£ΓöÇ .output/server/_chunks/python-DFllvk05.mjs (58 B)[39m[90m (76 B gzip)[39m
[90m  Γö£ΓöÇ .output/server/_chunks/qml-B2N_4OQk.mjs (5.34 kB)[39m[90m (1.37 kB gzip)[39m
[90m  Γö£ΓöÇ .output/server/_chunks/qmldir-Dz8ttxjf.mjs (995 B)[39m[90m (445 B gzip)[39m
[90m  Γö£ΓöÇ .output/server/_chunks/qss-Iltvkn1C.mjs (7.46 kB)[39m[90m (2.57 kB gzip)[39m
[90m  Γö£ΓöÇ .output/server/_chunks/quadrantDiagram-W4KKPZXB-CMbGbCXr.mjs (33.5 kB)[39m[90m (9.66 kB gzip)[39m
[90m  Γö£ΓöÇ .output/server/_chunks/r-DgiiWyd7.mjs (6.67 kB)[39m[90m (1.84 kB gzip)[39m
[90m  Γö£ΓöÇ .output/server/_chunks/racket-DRv7j6nv.mjs (92.4 kB)[39m[90m (14.9 kB gzip)[39m
[90m  Γö£ΓöÇ .output/server/_chunks/radar-GUYGQ44K-DN26PIDj.mjs (88 B)[39m[90m (101 B gzip)[39m
[90m  Γö£ΓöÇ .output/server/_chunks/raku-DI9yGpeW.mjs (10.5 kB)[39m[90m (2.93 kB gzip)[39m
[90m  Γö£ΓöÇ .output/server/_chunks/razor-BfBtBTom.mjs (27.5 kB)[39m[90m (3.51 kB gzip)[39m
[90m  Γö£ΓöÇ .output/server/_chunks/real-time-collaboration-a6vZDmvT.mjs (40.7 kB)[39m[90m (12.8 kB gzip)[39m
[90m  Γö£ΓöÇ .output/server/_chunks/real-time-collaboration-Ba2uxQgA.mjs (43.9 kB)[39m[90m (13.8 kB gzip)[39m
[90m  Γö£ΓöÇ .output/server/_chunks/real-time-collaboration-BdZ6vf6e.mjs (59.8 kB)[39m[90m (14.3 kB gzip)[39m
[90m  Γö£ΓöÇ .output/server/_chunks/real-time-collaboration-Bgc8GQvx.mjs (39.5 kB)[39m[90m (12.3 kB gzip)[39m
[90m  Γö£ΓöÇ .output/server/_chunks/real-time-collaboration-BvBlXyIc.mjs (38.5 kB)[39m[90m (13 kB gzip)[39m
[90m  Γö£ΓöÇ .output/server/_chunks/real-time-collaboration-C1g4it1l.mjs (45.3 kB)[39m[90m (13.3 kB gzip)[39m
[90m  Γö£ΓöÇ .output/server/_chunks/real-time-collaboration-CK6_daS2.mjs (38.5 kB)[39m[90m (12.9 kB gzip)[39m
[90m  Γö£ΓöÇ .output/server/_chunks/real-time-collaboration-CvDVYOMY.mjs (33 kB)[39m[90m (12.7 kB gzip)[39m
[90m  Γö£ΓöÇ .output/server/_chunks/real-time-collaboration-CYWf3v0E.mjs (32.8 kB)[39m[90m (12.7 kB gzip)[39m
[90m  Γö£ΓöÇ .output/server/_chunks/real-time-collaboration-Dr8ajXEQ.mjs (64.8 kB)[39m[90m (11.3 kB gzip)[39m
[90m  Γö£ΓöÇ .output/server/_chunks/real-time-collaboration-LjJvoNnr.mjs (38.3 kB)[39m[90m (12.2 kB gzip)[39m
[90m  Γö£ΓöÇ .output/server/_chunks/record-DSXW4oTm.mjs (73.9 kB)[39m[90m (22.3 kB gzip)[39m
[90m  Γö£ΓöÇ .output/server/_chunks/recurring-jobs-BNEeLbbx.mjs (15.2 kB)[39m[90m (5.12 kB gzip)[39m
[90m  Γö£ΓöÇ .output/server/_chunks/recurring-jobs-BqKRmq7e.mjs (20.3 kB)[39m[90m (5.46 kB gzip)[39m
[90m  Γö£ΓöÇ .output/server/_chunks/recurring-jobs-BsVgljdn.mjs (13.1 kB)[39m[90m (4.91 kB gzip)[39m
[90m  Γö£ΓöÇ .output/server/_chunks/recurring-jobs-BtGMgzSr.mjs (13.4 kB)[39m[90m (4.85 kB gzip)[39m
[90m  Γö£ΓöÇ .output/server/_chunks/recurring-jobs-CnbcaevC.mjs (13.2 kB)[39m[90m (4.61 kB gzip)[39m
[90m  Γö£ΓöÇ .output/server/_chunks/recurring-jobs-Ct1zNMeM.mjs (13.6 kB)[39m[90m (4.77 kB gzip)[39m
[90m  Γö£ΓöÇ .output/server/_chunks/recurring-jobs-D99Wutyk.mjs (11.4 kB)[39m[90m (4.9 kB gzip)[39m
[90m  Γö£ΓöÇ .output/server/_chunks/recurring-jobs-DcvgBwYD.mjs (13 kB)[39m[90m (4.59 kB gzip)[39m
[90m  Γö£ΓöÇ .output/server/_chunks/recurring-jobs-DQANiq9p.mjs (14.8 kB)[39m[90m (5.22 kB gzip)[39m
[90m  Γö£ΓöÇ .output/server/_chunks/recurring-jobs-E9pV5uKD.mjs (11.4 kB)[39m[90m (4.89 kB gzip)[39m
[90m  Γö£ΓöÇ .output/server/_chunks/recurring-jobs-VVl55Ci0.mjs (23.5 kB)[39m[90m (4.36 kB gzip)[39m
[90m  Γö£ΓöÇ .output/server/_chunks/red-BA1bIyAh.mjs (6.26 kB)[39m[90m (1.59 kB gzip)[39m
[90m  Γö£ΓöÇ .output/server/_chunks/reg-DpJf71oO.mjs (2.34 kB)[39m[90m (689 B gzip)[39m
[90m  Γö£ΓöÇ .output/server/_chunks/regexp-2wx28OP_.mjs (8.11 kB)[39m[90m (1.48 kB gzip)[39m
[90m  Γö£ΓöÇ .output/server/_chunks/rel-BT0iIKKw.mjs (3.36 kB)[39m[90m (1.1 kB gzip)[39m
[90m  Γö£ΓöÇ .output/server/_chunks/requirementDiagram-4Y6WPE33-BA83OmgX.mjs (30.6 kB)[39m[90m (9.51 kB gzip)[39m
[90m  Γö£ΓöÇ .output/server/_chunks/riscv-CvzikGLb.mjs (6.91 kB)[39m[90m (1.97 kB gzip)[39m
[90m  Γö£ΓöÇ .output/server/_chunks/ro-RO-JPDTUUEW-DHkOHB50.mjs (23.2 kB)[39m[90m (8.89 kB gzip)[39m
[90m  Γö£ΓöÇ .output/server/_chunks/rolldown-runtime-CE-6LUnI.mjs (951 B)[39m[90m (543 B gzip)[39m
[90m  Γö£ΓöÇ .output/server/_chunks/ron-DzAo6FTJ.mjs (3.91 kB)[39m[90m (975 B gzip)[39m
[90m  Γö£ΓöÇ .output/server/_chunks/rose-pine-6nT6ADea.mjs (21.7 kB)[39m[90m (3.83 kB gzip)[39m
[90m  Γö£ΓöÇ .output/server/_chunks/rose-pine-dawn-CBRE_45S.mjs (21.8 kB)[39m[90m (3.85 kB gzip)[39m
[90m  Γö£ΓöÇ .output/server/_chunks/rose-pine-moon-1e4nqi0S.mjs (21.8 kB)[39m[90m (3.85 kB gzip)[39m
[90m  Γö£ΓöÇ .output/server/_chunks/rosmsg-CyYq6XdT.mjs (4.52 kB)[39m[90m (1.05 kB gzip)[39m
[90m  Γö£ΓöÇ .output/server/_chunks/rough.esm-B_qrOdsm.mjs (27.1 kB)[39m[90m (8.78 kB gzip)[39m
[90m  Γö£ΓöÇ .output/server/_chunks/roundRect-CCYZjIS4.mjs (2.89 kB)[39m[90m (1 kB gzip)[39m
[90m  Γö£ΓöÇ .output/server/_chunks/routing-aJrYJazG.mjs (4 kB)[39m[90m (1.79 kB gzip)[39m
[90m  Γö£ΓöÇ .output/server/_chunks/routing-BH8FQjI5.mjs (4.59 kB)[39m[90m (1.75 kB gzip)[39m
[90m  Γö£ΓöÇ .output/server/_chunks/routing-C92Uus_K.mjs (5.01 kB)[39m[90m (1.86 kB gzip)[39m
[90m  Γö£ΓöÇ .output/server/_chunks/routing-Caqb4TVp.mjs (4 kB)[39m[90m (1.79 kB gzip)[39m
[90m  Γö£ΓöÇ .output/server/_chunks/routing-CiGP2LWK.mjs (8.45 kB)[39m[90m (1.67 kB gzip)[39m
[90m  Γö£ΓöÇ .output/server/_chunks/routing-CKNCBRRW.mjs (4.55 kB)[39m[90m (1.84 kB gzip)[39m
[90m  Γö£ΓöÇ .output/server/_chunks/routing-CmjtKXVG.mjs (4.41 kB)[39m[90m (1.66 kB gzip)[39m
[90m  Γö£ΓöÇ .output/server/_chunks/routing-D2_J6PoE.mjs (4.38 kB)[39m[90m (1.7 kB gzip)[39m
[90m  Γö£ΓöÇ .output/server/_chunks/routing-DC1U_BUK.mjs (5.18 kB)[39m[90m (1.95 kB gzip)[39m
[90m  Γö£ΓöÇ .output/server/_chunks/routing-DFXWE1y5.mjs (4.49 kB)[39m[90m (1.71 kB gzip)[39m
[90m  Γö£ΓöÇ .output/server/_chunks/routing-WJNaXrlP.mjs (6.22 kB)[39m[90m (1.98 kB gzip)[39m
[90m  Γö£ΓöÇ .output/server/_chunks/rst-Dt81I3-x.mjs (10.3 kB)[39m[90m (2.23 kB gzip)[39m
[90m  Γö£ΓöÇ .output/server/_chunks/ru-RU-B4JR7IUQ-DDTijiqr.mjs (30.7 kB)[39m[90m (9.86 kB gzip)[39m
[90m  Γö£ΓöÇ .output/server/_chunks/ruby-CFWwBgki.mjs (46.6 kB)[39m[90m (5.68 kB gzip)[39m
[90m  Γö£ΓöÇ .output/server/_chunks/rust-COBzcmTx.mjs (15.1 kB)[39m[90m (2.69 kB gzip)[39m
[90m  Γö£ΓöÇ .output/server/_chunks/sandbox-adapters-BhG7tNLh.mjs (14.1 kB)[39m[90m (6.3 kB gzip)[39m
[90m  Γö£ΓöÇ .output/server/_chunks/sandbox-adapters-Br0Zdq-r.mjs (16.8 kB)[39m[90m (6.5 kB gzip)[39m
[90m  Γö£ΓöÇ .output/server/_chunks/sandbox-adapters-C1MCw0df.mjs (25.7 kB)[39m[90m (6.99 kB gzip)[39m
[90m  Γö£ΓöÇ .output/server/_chunks/sandbox-adapters-CBL_2WXP.mjs (19.3 kB)[39m[90m (6.88 kB gzip)[39m
[90m  Γö£ΓöÇ .output/server/_chunks/sandbox-adapters-CfTbmiyD.mjs (16.5 kB)[39m[90m (6.33 kB gzip)[39m
[90m  Γö£ΓöÇ .output/server/_chunks/sandbox-adapters-CMDvtKk-.mjs (19.3 kB)[39m[90m (6.67 kB gzip)[39m
[90m  Γö£ΓöÇ .output/server/_chunks/sandbox-adapters-CWTwP20_.mjs (27.8 kB)[39m[90m (5.31 kB gzip)[39m
[90m  Γö£ΓöÇ .output/server/_chunks/sandbox-adapters-CZOZHzbR.mjs (16.1 kB)[39m[90m (5.91 kB gzip)[39m
[90m  Γö£ΓöÇ .output/server/_chunks/sandbox-adapters-Dn_Dp-yd.mjs (14.1 kB)[39m[90m (6.3 kB gzip)[39m
[90m  Γö£ΓöÇ .output/server/_chunks/sandbox-adapters-Dq4Rz1Ld.mjs (16.4 kB)[39m[90m (5.97 kB gzip)[39m
[90m  Γö£ΓöÇ .output/server/_chunks/sandbox-adapters-ZT1z9rJ3.mjs (16.9 kB)[39m[90m (6.18 kB gzip)[39m
[90m  Γö£ΓöÇ .output/server/_chunks/sankeyDiagram-5OEKKPKP-BLWSRp6h.mjs (22.8 kB)[39m[90m (8.2 kB gzip)[39m
[90m  Γö£ΓöÇ .output/server/_chunks/sas-B-GOgrA1.mjs (9.06 kB)[39m[90m (3.81 kB gzip)[39m
[90m  Γö£ΓöÇ .output/server/_chunks/sass-DI2zJwx7.mjs (9.28 kB)[39m[90m (2.47 kB gzip)[39m
[90m  Γö£ΓöÇ .output/server/_chunks/scala-CtSYTRYT.mjs (28.9 kB)[39m[90m (3.89 kB gzip)[39m
[90m  Γö£ΓöÇ .output/server/_chunks/scheme-D3A2QBtM.mjs (7.16 kB)[39m[90m (2.05 kB gzip)[39m
[90m  Γö£ΓöÇ .output/server/_chunks/scss-jxT61kXv.mjs (27.3 kB)[39m[90m (4.21 kB gzip)[39m
[90m  Γö£ΓöÇ .output/server/_chunks/sdbl-CdQg5gu1.mjs (4.7 kB)[39m[90m (2 kB gzip)[39m
[90m  Γö£ΓöÇ .output/server/_chunks/SearchModal-DEPm-n7X.mjs (6.61 kB)[39m[90m (2.47 kB gzip)[39m
[90m  Γö£ΓöÇ .output/server/_chunks/security-B2cU9e_H.mjs (29.3 kB)[39m[90m (9.88 kB gzip)[39m
[90m  Γö£ΓöÇ .output/server/_chunks/security-B6DcopoZ.mjs (21.4 kB)[39m[90m (9.19 kB gzip)[39m
[90m  Γö£ΓöÇ .output/server/_chunks/security-BK92CwWV.mjs (26.4 kB)[39m[90m (9.16 kB gzip)[39m
[90m  Γö£ΓöÇ .output/server/_chunks/security-BwfCykoz.mjs (21.5 kB)[39m[90m (9.17 kB gzip)[39m
[90m  Γö£ΓöÇ .output/server/_chunks/security-C60me5fN.mjs (25.6 kB)[39m[90m (9.31 kB gzip)[39m
[90m  Γö£ΓöÇ .output/server/_chunks/security-CnWDtSrM.mjs (42.3 kB)[39m[90m (10.4 kB gzip)[39m
[90m  Γö£ΓöÇ .output/server/_chunks/security-Cr2ff9Q3.mjs (25.7 kB)[39m[90m (9.37 kB gzip)[39m
[90m  Γö£ΓöÇ .output/server/_chunks/security-DLnpdKEi.mjs (44 kB)[39m[90m (8.22 kB gzip)[39m
[90m  Γö£ΓöÇ .output/server/_chunks/security-DltiAX3F.mjs (25.5 kB)[39m[90m (8.96 kB gzip)[39m
[90m  Γö£ΓöÇ .output/server/_chunks/security-Dp2HV4Jg.mjs (30.5 kB)[39m[90m (9.76 kB gzip)[39m
[90m  Γö£ΓöÇ .output/server/_chunks/security-w8u6DY0I.mjs (25.1 kB)[39m[90m (8.86 kB gzip)[39m
[90m  Γö£ΓöÇ .output/server/_chunks/sequenceDiagram-3UESZ5HK-26-m8o2S.mjs (116 kB)[39m[90m (30.2 kB gzip)[39m
[90m  Γö£ΓöÇ .output/server/_chunks/server-0sTseqhP.mjs (21.9 kB)[39m[90m (6.89 kB gzip)[39m
[90m  Γö£ΓöÇ .output/server/_chunks/server-BdOO2UNv.mjs (24.4 kB)[39m[90m (7.31 kB gzip)[39m
[90m  Γö£ΓöÇ .output/server/_chunks/server-BH2sfViu.mjs (23.6 kB)[39m[90m (7.35 kB gzip)[39m
[90m  Γö£ΓöÇ .output/server/_chunks/server-Br9fIZ36.mjs (21.1 kB)[39m[90m (6.85 kB gzip)[39m
[90m  Γö£ΓöÇ .output/server/_chunks/server-BtVA3B_y.mjs (38.7 kB)[39m[90m (6.29 kB gzip)[39m
[90m  Γö£ΓöÇ .output/server/_chunks/server-CetxlKJZ.mjs (18.9 kB)[39m[90m (6.95 kB gzip)[39m
[90m  Γö£ΓöÇ .output/server/_chunks/server-DAmKbTBe.mjs (21.3 kB)[39m[90m (7.18 kB gzip)[39m
[90m  Γö£ΓöÇ .output/server/_chunks/server-DikgTcsl.mjs (29.3 kB)[39m[90m (7.57 kB gzip)[39m
[90m  Γö£ΓöÇ .output/server/_chunks/server-DJT27CXW.mjs (21 kB)[39m[90m (6.64 kB gzip)[39m
[90m  Γö£ΓöÇ .output/server/_chunks/server-pHk-n-4h.mjs (21.4 kB)[39m[90m (6.68 kB gzip)[39m
[90m  Γö£ΓöÇ .output/server/_chunks/server-QLAjdFdO.mjs (19 kB)[39m[90m (6.97 kB gzip)[39m
[90m  Γö£ΓöÇ .output/server/_chunks/server.mjs (2.74 MB)[39m[90m (741 kB gzip)[39m
[90m  Γö£ΓöÇ .output/server/_chunks/session-replay-BmPshirF.mjs (33.4 kB)[39m[90m (10.7 kB gzip)[39m
[90m  Γö£ΓöÇ .output/server/_chunks/shaderlab-4y4D2cDS.mjs (5.92 kB)[39m[90m (2.07 kB gzip)[39m
[90m  Γö£ΓöÇ .output/server/_chunks/sharing-1Pkc92dg.mjs (16.8 kB)[39m[90m (6.05 kB gzip)[39m
[90m  Γö£ΓöÇ .output/server/_chunks/sharing-aLi9Kaq0.mjs (30.9 kB)[39m[90m (5.52 kB gzip)[39m
[90m  Γö£ΓöÇ .output/server/_chunks/sharing-B4iw5AJr.mjs (14.6 kB)[39m[90m (6.15 kB gzip)[39m
[90m  Γö£ΓöÇ .output/server/_chunks/sharing-BIccOQcG.mjs (14.5 kB)[39m[90m (6.15 kB gzip)[39m
[90m  Γö£ΓöÇ .output/server/_chunks/sharing-BiRAYkcP.mjs (16.9 kB)[39m[90m (5.75 kB gzip)[39m
[90m  Γö£ΓöÇ .output/server/_chunks/sharing-Bk3vbQD8.mjs (16.7 kB)[39m[90m (5.66 kB gzip)[39m
[90m  Γö£ΓöÇ .output/server/_chunks/sharing-BNWDBr0I.mjs (25.2 kB)[39m[90m (6.69 kB gzip)[39m
[90m  Γö£ΓöÇ .output/server/_chunks/sharing-CuwVaHeC.mjs (19 kB)[39m[90m (6.34 kB gzip)[39m
[90m  Γö£ΓöÇ .output/server/_chunks/sharing-Cwni84hf.mjs (17.3 kB)[39m[90m (5.91 kB gzip)[39m
[90m  Γö£ΓöÇ .output/server/_chunks/sharing-NfSDp4GD.mjs (16.6 kB)[39m[90m (6.15 kB gzip)[39m
[90m  Γö£ΓöÇ .output/server/_chunks/sharing-Py7NAtP6.mjs (18.4 kB)[39m[90m (6.45 kB gzip)[39m
[90m  Γö£ΓöÇ .output/server/_chunks/shellscript-DkmFMJGG.mjs (68 B)[39m[90m (83 B gzip)[39m
[90m  Γö£ΓöÇ .output/server/_chunks/shellscript-xyzccwYE.mjs (41.6 kB)[39m[90m (6.11 kB gzip)[39m
[90m  Γö£ΓöÇ .output/server/_chunks/shellsession-Cw8G2MzR.mjs (714 B)[39m[90m (428 B gzip)[39m
[90m  Γö£ΓöÇ .output/server/_chunks/shim-CwUtv3TU.mjs (78.9 kB)[39m[90m (26.4 kB gzip)[39m
[90m  Γö£ΓöÇ .output/server/_chunks/si-LK-N5RQ5JYF-DSvxthRX.mjs (8.59 kB)[39m[90m (3.33 kB gzip)[39m
[90m  Γö£ΓöÇ .output/server/_chunks/sk-SK-C5VTKIMK-hnBqKRxt.mjs (22.3 kB)[39m[90m (9.05 kB gzip)[39m
[90m  Γö£ΓöÇ .output/server/_chunks/skills-guide--TTYksoX.mjs (24.7 kB)[39m[90m (8.61 kB gzip)[39m
[90m  Γö£ΓöÇ .output/server/_chunks/skills-guide-BIjTq_Oo.mjs (28.2 kB)[39m[90m (8.79 kB gzip)[39m
[90m  Γö£ΓöÇ .output/server/_chunks/skills-guide-BpK77VrU.mjs (21.1 kB)[39m[90m (8.47 kB gzip)[39m
[90m  Γö£ΓöÇ .output/server/_chunks/skills-guide-Ce6hB_U_.mjs (43.7 kB)[39m[90m (7.55 kB gzip)[39m
[90m  Γö£ΓöÇ .output/server/_chunks/skills-guide-CYBtkKbj.mjs (24 kB)[39m[90m (7.99 kB gzip)[39m
[90m  Γö£ΓöÇ .output/server/_chunks/skills-guide-DhG8DTKV.mjs (24.2 kB)[39m[90m (8.5 kB gzip)[39m
[90m  Γö£ΓöÇ .output/server/_chunks/skills-guide-DYsOAWGr.mjs (24.7 kB)[39m[90m (8.14 kB gzip)[39m
[90m  Γö£ΓöÇ .output/server/_chunks/skills-guide-EdyTuBlo.mjs (25.4 kB)[39m[90m (8.38 kB gzip)[39m
[90m  Γö£ΓöÇ .output/server/_chunks/skills-guide-ggPhAyj4.mjs (21.1 kB)[39m[90m (8.47 kB gzip)[39m
[90m  Γö£ΓöÇ .output/server/_chunks/skills-guide-vfLwoLUu.mjs (37.8 kB)[39m[90m (9.39 kB gzip)[39m
[90m  Γö£ΓöÇ .output/server/_chunks/skills-guide-ZQLFfS7-.mjs (28.3 kB)[39m[90m (9.11 kB gzip)[39m
[90m  Γö£ΓöÇ .output/server/_chunks/sl-SI-NN7IZMDC-Co5a8UA8.mjs (21.4 kB)[39m[90m (8.52 kB gzip)[39m
[90m  Γö£ΓöÇ .output/server/_chunks/slack-dark-sMHK0Zzp.mjs (9.11 kB)[39m[90m (1.95 kB gzip)[39m
[90m  Γö£ΓöÇ .output/server/_chunks/slack-ochin-g5IBrGDc.mjs (9.43 kB)[39m[90m (2.08 kB gzip)[39m
[90m  Γö£ΓöÇ .output/server/_chunks/smalltalk-BEQkVl4K.mjs (6.58 kB)[39m[90m (1.61 kB gzip)[39m
[90m  Γö£ΓöÇ .output/server/_chunks/snazzy-light-CJtVdMIj.mjs (20.8 kB)[39m[90m (3.79 kB gzip)[39m
[90m  Γö£ΓöÇ .output/server/_chunks/solarized-dark-B-fkqAao.mjs (6.84 kB)[39m[90m (1.78 kB gzip)[39m
[90m  Γö£ΓöÇ .output/server/_chunks/solarized-light-BlwCsfDl.mjs (6.48 kB)[39m[90m (1.71 kB gzip)[39m
[90m  Γö£ΓöÇ .output/server/_chunks/solidity-lB9VjfB9.mjs (16.1 kB)[39m[90m (3.08 kB gzip)[39m
[90m  Γö£ΓöÇ .output/server/_chunks/soy-YrWbY1Xx.mjs (6.92 kB)[39m[90m (1.61 kB gzip)[39m
[90m  Γö£ΓöÇ .output/server/_chunks/sparql-B0cTHj6q.mjs (1.48 kB)[39m[90m (814 B gzip)[39m
[90m  Γö£ΓöÇ .output/server/_chunks/splunk-xP_ZjUH2.mjs (3.43 kB)[39m[90m (1.51 kB gzip)[39m
[90m  Γö£ΓöÇ .output/server/_chunks/sql-CDhZBkiL.mjs (60 B)[39m[90m (75 B gzip)[39m
[90m  Γö£ΓöÇ .output/server/_chunks/sql-Pd-qMIuv.mjs (23.6 kB)[39m[90m (7.48 kB gzip)[39m
[90m  Γö£ΓöÇ .output/server/_chunks/ssh-config-DXFPABYp.mjs (3.61 kB)[39m[90m (1.59 kB gzip)[39m
[90m  Γö£ΓöÇ .output/server/_chunks/stata-BZlDQD8e.mjs (57 kB)[39m[90m (12.3 kB gzip)[39m
[90m  Γö£ΓöÇ .output/server/_chunks/stateDiagram-AJRCARHV-DLugm0tf.mjs (10.2 kB)[39m[90m (3.48 kB gzip)[39m
[90m  Γö£ΓöÇ .output/server/_chunks/stateDiagram-v2-BHNVJYJU-Cj3hcO38.mjs (353 B)[39m[90m (269 B gzip)[39m
[90m  Γö£ΓöÇ .output/server/_chunks/stylus-ZZDn1yUO.mjs (31.1 kB)[39m[90m (7.96 kB gzip)[39m
[90m  Γö£ΓöÇ .output/server/_chunks/subset-shared.chunk-CcBQiiKt.mjs (185 B)[39m[90m (156 B gzip)[39m
[90m  Γö£ΓöÇ .output/server/_chunks/subset-worker.chunk-CqfZ1bbR.mjs (367 B)[39m[90m (283 B gzip)[39m
[90m  Γö£ΓöÇ .output/server/_chunks/surrealql-BmyMmzNT.mjs (22.6 kB)[39m[90m (4.29 kB gzip)[39m
[90m  Γö£ΓöÇ .output/server/_chunks/sv-SE-XGPEYMSR-CQfOtFNX.mjs (21.5 kB)[39m[90m (8.51 kB gzip)[39m
[90m  Γö£ΓöÇ .output/server/_chunks/svelte-Ii-kIfQS.mjs (18.3 kB)[39m[90m (3.13 kB gzip)[39m
[90m  Γö£ΓöÇ .output/server/_chunks/swift-BTPQlRLK.mjs (86.7 kB)[39m[90m (14.6 kB gzip)[39m
[90m  Γö£ΓöÇ .output/server/_chunks/synthwave-84-Ds6SSNPY.mjs (14 kB)[39m[90m (2.84 kB gzip)[39m
[90m  Γö£ΓöÇ .output/server/_chunks/system-verilog-BEoxaBuU.mjs (26.2 kB)[39m[90m (4.81 kB gzip)[39m
[90m  Γö£ΓöÇ .output/server/_chunks/systemd-DFbUltlW.mjs (7.86 kB)[39m[90m (2.54 kB gzip)[39m
[90m  Γö£ΓöÇ .output/server/_chunks/ta-IN-2NMHFXQM-xjSsB4Wk.mjs (35.3 kB)[39m[90m (8.49 kB gzip)[39m
[90m  Γö£ΓöÇ .output/server/_chunks/talonscript-CLxaFu-b.mjs (6.75 kB)[39m[90m (1.48 kB gzip)[39m
[90m  Γö£ΓöÇ .output/server/_chunks/tasl-_AAbKiWM.mjs (3.28 kB)[39m[90m (840 B gzip)[39m
[90m  Γö£ΓöÇ .output/server/_chunks/tcl-DLe0Tsfm.mjs (4.42 kB)[39m[90m (1.5 kB gzip)[39m
[90m  Γö£ΓöÇ .output/server/_chunks/templ-B844aDmA.mjs (24.1 kB)[39m[90m (5.39 kB gzip)[39m
[90m  Γö£ΓöÇ .output/server/_chunks/template-analytics--blzvTsy.mjs (22.7 kB)[39m[90m (7.83 kB gzip)[39m
[90m  Γö£ΓöÇ .output/server/_chunks/template-analytics-BBW0fcg3.mjs (22.3 kB)[39m[90m (7.49 kB gzip)[39m
[90m  Γö£ΓöÇ .output/server/_chunks/template-analytics-BEjZr5HL.mjs (22.4 kB)[39m[90m (7.92 kB gzip)[39m
[90m  Γö£ΓöÇ .output/server/_chunks/template-analytics-Bu7PmoOv.mjs (23.6 kB)[39m[90m (7.75 kB gzip)[39m
[90m  Γö£ΓöÇ .output/server/_chunks/template-analytics-CHOVtG4u.mjs (27.7 kB)[39m[90m (8.27 kB gzip)[39m
[90m  Γö£ΓöÇ .output/server/_chunks/template-analytics-cKETXIfb.mjs (19.6 kB)[39m[90m (7.88 kB gzip)[39m
[90m  Γö£ΓöÇ .output/server/_chunks/template-analytics-ClVCvXm_.mjs (22 kB)[39m[90m (7.43 kB gzip)[39m
[90m  Γö£ΓöÇ .output/server/_chunks/template-analytics-DLew3DFw.mjs (19.5 kB)[39m[90m (7.87 kB gzip)[39m
[90m  Γö£ΓöÇ .output/server/_chunks/template-analytics-DYA6nYws.mjs (36.9 kB)[39m[90m (8.73 kB gzip)[39m
[90m  Γö£ΓöÇ .output/server/_chunks/template-analytics-DyzdGBKa.mjs (43.7 kB)[39m[90m (7.62 kB gzip)[39m
[90m  Γö£ΓöÇ .output/server/_chunks/template-analytics-Gr0SnAka.mjs (25.6 kB)[39m[90m (8.37 kB gzip)[39m
[90m  Γö£ΓöÇ .output/server/_chunks/template-assets-1Uu-82A3.mjs (64.9 kB)[39m[90m (10.6 kB gzip)[39m
[90m  Γö£ΓöÇ .output/server/_chunks/template-assets-35-ZmhUW.mjs (27.9 kB)[39m[90m (8.43 kB gzip)[39m
[90m  Γö£ΓöÇ .output/server/_chunks/template-assets-B6NzRJs3.mjs (31.7 kB)[39m[90m (8.9 kB gzip)[39m
[90m  Γö£ΓöÇ .output/server/_chunks/template-assets-B6vSuKJ1.mjs (32.4 kB)[39m[90m (8.75 kB gzip)[39m
[90m  Γö£ΓöÇ .output/server/_chunks/template-assets-BrbyC1_5.mjs (28.8 kB)[39m[90m (8.37 kB gzip)[39m
[90m  Γö£ΓöÇ .output/server/_chunks/template-assets-BsuoQxp6.mjs (42.1 kB)[39m[90m (9.33 kB gzip)[39m
[90m  Γö£ΓöÇ .output/server/_chunks/template-assets-cLjIGj__.mjs (26.8 kB)[39m[90m (7.96 kB gzip)[39m
[90m  Γö£ΓöÇ .output/server/_chunks/template-assets-CvosdZj2.mjs (27.5 kB)[39m[90m (8.03 kB gzip)[39m
[90m  Γö£ΓöÇ .output/server/_chunks/template-assets-CW1mLiOv.mjs (27.5 kB)[39m[90m (8.38 kB gzip)[39m
[90m  Γö£ΓöÇ .output/server/_chunks/template-assets-DdHTFO89.mjs (23.7 kB)[39m[90m (8.29 kB gzip)[39m
[90m  Γö£ΓöÇ .output/server/_chunks/template-assets-vU7m1Yci.mjs (23.7 kB)[39m[90m (8.33 kB gzip)[39m
[90m  Γö£ΓöÇ .output/server/_chunks/template-brain-7jBdgnMk.mjs (47.1 kB)[39m[90m (7.56 kB gzip)[39m
[90m  Γö£ΓöÇ .output/server/_chunks/template-brain-B3uYlxRR.mjs (42 kB)[39m[90m (9.5 kB gzip)[39m
[90m  Γö£ΓöÇ .output/server/_chunks/template-brain-BaHAKjBN.mjs (27.8 kB)[39m[90m (8.6 kB gzip)[39m
[90m  Γö£ΓöÇ .output/server/_chunks/template-brain-BwN7fGNd.mjs (26.7 kB)[39m[90m (8.71 kB gzip)[39m
[90m  Γö£ΓöÇ .output/server/_chunks/template-brain-CCx6Hdpj.mjs (26.2 kB)[39m[90m (8.19 kB gzip)[39m
[90m  Γö£ΓöÇ .output/server/_chunks/template-brain-CjwFF9nd.mjs (25.9 kB)[39m[90m (8.75 kB gzip)[39m
[90m  Γö£ΓöÇ .output/server/_chunks/template-brain-ClpYAIGr.mjs (26.6 kB)[39m[90m (8.2 kB gzip)[39m
[90m  Γö£ΓöÇ .output/server/_chunks/template-brain-D822WzaV.mjs (23 kB)[39m[90m (8.6 kB gzip)[39m
[90m  Γö£ΓöÇ .output/server/_chunks/template-brain-D8dDtHpQ.mjs (29 kB)[39m[90m (9.21 kB gzip)[39m
[90m  Γö£ΓöÇ .output/server/_chunks/template-brain-DDCEWAbc.mjs (31.5 kB)[39m[90m (8.98 kB gzip)[39m
[90m  Γö£ΓöÇ .output/server/_chunks/template-brain-DDqvgvIp.mjs (23 kB)[39m[90m (8.59 kB gzip)[39m
[90m  Γö£ΓöÇ .output/server/_chunks/template-calendar-BqjHnwbx.mjs (18.3 kB)[39m[90m (5.73 kB gzip)[39m
[90m  Γö£ΓöÇ .output/server/_chunks/template-calendar-BsPagPKa.mjs (17.7 kB)[39m[90m (5.56 kB gzip)[39m
[90m  Γö£ΓöÇ .output/server/_chunks/template-calendar-Bxq2iBq4.mjs (27 kB)[39m[90m (6.5 kB gzip)[39m
[90m  Γö£ΓöÇ .output/server/_chunks/template-calendar-Cf9Ze1L6.mjs (16.1 kB)[39m[90m (5.88 kB gzip)[39m
[90m  Γö£ΓöÇ .output/server/_chunks/template-calendar-CFq94BKn.mjs (20.9 kB)[39m[90m (6.14 kB gzip)[39m
[90m  Γö£ΓöÇ .output/server/_chunks/template-calendar-Chu1jkHW.mjs (17.9 kB)[39m[90m (5.8 kB gzip)[39m
[90m  Γö£ΓöÇ .output/server/_chunks/template-calendar-CTLJehkk.mjs (16.1 kB)[39m[90m (5.91 kB gzip)[39m
[90m  Γö£ΓöÇ .output/server/_chunks/template-calendar-CUSj1xaD.mjs (18 kB)[39m[90m (5.9 kB gzip)[39m
[90m  Γö£ΓöÇ .output/server/_chunks/template-calendar-CXFJiVRy.mjs (20 kB)[39m[90m (6.24 kB gzip)[39m
[90m  Γö£ΓöÇ .output/server/_chunks/template-calendar-DYQhnXBI.mjs (33.2 kB)[39m[90m (5.41 kB gzip)[39m
[90m  Γö£ΓöÇ .output/server/_chunks/template-calendar-r1vfs6qo.mjs (17.7 kB)[39m[90m (5.46 kB gzip)[39m
[90m  Γö£ΓöÇ .output/server/_chunks/template-chat-BDGzpe5U.mjs (12.4 kB)[39m[90m (4.59 kB gzip)[39m
[90m  Γö£ΓöÇ .output/server/_chunks/template-chat-Bh4ZCibv.mjs (10.6 kB)[39m[90m (4.07 kB gzip)[39m
[90m  Γö£ΓöÇ .output/server/_chunks/template-chat-BQCX2Yim.mjs (19 kB)[39m[90m (3.79 kB gzip)[39m
[90m  Γö£ΓöÇ .output/server/_chunks/template-chat-C8T8lCeS.mjs (9.39 kB)[39m[90m (4.31 kB gzip)[39m
[90m  Γö£ΓöÇ .output/server/_chunks/template-chat-CfckdXVT.mjs (9.46 kB)[39m[90m (4.29 kB gzip)[39m
[90m  Γö£ΓöÇ .output/server/_chunks/template-chat-D6gNsfY6.mjs (10.5 kB)[39m[90m (3.98 kB gzip)[39m
[90m  Γö£ΓöÇ .output/server/_chunks/template-chat-DAVvs8h_.mjs (15.8 kB)[39m[90m (4.76 kB gzip)[39m
[90m  Γö£ΓöÇ .output/server/_chunks/template-chat-DOqHPizC.mjs (10.7 kB)[39m[90m (4.35 kB gzip)[39m
[90m  Γö£ΓöÇ .output/server/_chunks/template-chat-DrWjADgC.mjs (10.6 kB)[39m[90m (4.18 kB gzip)[39m
[90m  Γö£ΓöÇ .output/server/_chunks/template-chat-JzG6279h.mjs (12.6 kB)[39m[90m (4.45 kB gzip)[39m
[90m  Γö£ΓöÇ .output/server/_chunks/template-chat-XFJCxwPr.mjs (10.9 kB)[39m[90m (4.09 kB gzip)[39m
[90m  Γö£ΓöÇ .output/server/_chunks/template-clips-BelaLnbC.mjs (42.3 kB)[39m[90m (12.1 kB gzip)[39m
[90m  Γö£ΓöÇ .output/server/_chunks/template-clips-C8VqXKxI.mjs (41.1 kB)[39m[90m (12.4 kB gzip)[39m
[90m  Γö£ΓöÇ .output/server/_chunks/template-clips-CnM5i2qJ.mjs (35.7 kB)[39m[90m (11.5 kB gzip)[39m
[90m  Γö£ΓöÇ .output/server/_chunks/template-clips-DJW2TNp-.mjs (35.6 kB)[39m[90m (11.7 kB gzip)[39m
[90m  Γö£ΓöÇ .output/server/_chunks/template-clips-DLcdEf_I.mjs (35.3 kB)[39m[90m (11.1 kB gzip)[39m
[90m  Γö£ΓöÇ .output/server/_chunks/template-clips-Dn7iNAJk.mjs (36.8 kB)[39m[90m (11.5 kB gzip)[39m
[90m  Γö£ΓöÇ .output/server/_chunks/template-clips-DNFVaKyH.mjs (35.9 kB)[39m[90m (11.2 kB gzip)[39m
[90m  Γö£ΓöÇ .output/server/_chunks/template-clips-DWJC0OTw.mjs (31 kB)[39m[90m (11.7 kB gzip)[39m
[90m  Γö£ΓöÇ .output/server/_chunks/template-clips-eTql0lpx.mjs (31.1 kB)[39m[90m (11.7 kB gzip)[39m
[90m  Γö£ΓöÇ .output/server/_chunks/template-clips-pBQwXZux.mjs (71.6 kB)[39m[90m (21.4 kB gzip)[39m
[90m  Γö£ΓöÇ .output/server/_chunks/template-clips-UxOR87Fk.mjs (55.4 kB)[39m[90m (12.8 kB gzip)[39m
[90m  Γö£ΓöÇ .output/server/_chunks/template-content-Bi_4P_c1.mjs (37 kB)[39m[90m (10.3 kB gzip)[39m
[90m  Γö£ΓöÇ .output/server/_chunks/template-content-BjlosrQc.mjs (50.2 kB)[39m[90m (11 kB gzip)[39m
[90m  Γö£ΓöÇ .output/server/_chunks/template-content-CnUy7coU.mjs (27.7 kB)[39m[90m (9.79 kB gzip)[39m
[90m  Γö£ΓöÇ .output/server/_chunks/template-content-Ct1VJnin.mjs (32.4 kB)[39m[90m (10 kB gzip)[39m
[90m  Γö£ΓöÇ .output/server/_chunks/template-content-D-2ohC1O.mjs (57.2 kB)[39m[90m (9.15 kB gzip)[39m
[90m  Γö£ΓöÇ .output/server/_chunks/template-content-DeeqpMv7.mjs (31.6 kB)[39m[90m (9.99 kB gzip)[39m
[90m  Γö£ΓöÇ .output/server/_chunks/template-content-DO9uy5gI.mjs (27.6 kB)[39m[90m (9.83 kB gzip)[39m
[90m  Γö£ΓöÇ .output/server/_chunks/template-content-DvnowNVQ.mjs (31 kB)[39m[90m (9.47 kB gzip)[39m
[90m  Γö£ΓöÇ .output/server/_chunks/template-content-DXlbS2N_.mjs (31.6 kB)[39m[90m (9.55 kB gzip)[39m
[90m  Γö£ΓöÇ .output/server/_chunks/template-content-ObWYWfYq.mjs (36.4 kB)[39m[90m (10.4 kB gzip)[39m
[90m  Γö£ΓöÇ .output/server/_chunks/template-content-rG4Ay0xV.mjs (32.4 kB)[39m[90m (9.88 kB gzip)[39m
[90m  Γö£ΓöÇ .output/server/_chunks/template-design-BJvNhuo8.mjs (23.9 kB)[39m[90m (7.84 kB gzip)[39m
[90m  Γö£ΓöÇ .output/server/_chunks/template-design-BnE-P3Be.mjs (25.1 kB)[39m[90m (8.52 kB gzip)[39m
[90m  Γö£ΓöÇ .output/server/_chunks/template-design-CeJnSqMy.mjs (21.7 kB)[39m[90m (8.41 kB gzip)[39m
[90m  Γö£ΓöÇ .output/server/_chunks/template-design-CLz947ux.mjs (36.8 kB)[39m[90m (9.2 kB gzip)[39m
[90m  Γö£ΓöÇ .output/server/_chunks/template-design-CPXm06ws.mjs (25.2 kB)[39m[90m (8.28 kB gzip)[39m
[90m  Γö£ΓöÇ .output/server/_chunks/template-design-CW51pMLW.mjs (28.7 kB)[39m[90m (9 kB gzip)[39m
[90m  Γö£ΓöÇ .output/server/_chunks/template-design-DCCOUN1j.mjs (29 kB)[39m[90m (8.63 kB gzip)[39m
[90m  Γö£ΓöÇ .output/server/_chunks/template-design-DDLcTmfI.mjs (24.8 kB)[39m[90m (8.41 kB gzip)[39m
[90m  Γö£ΓöÇ .output/server/_chunks/template-design-DeNDOpjK.mjs (21.5 kB)[39m[90m (8.33 kB gzip)[39m
[90m  Γö£ΓöÇ .output/server/_chunks/template-design-DI0Kjw5E.mjs (24.4 kB)[39m[90m (7.95 kB gzip)[39m
[90m  Γö£ΓöÇ .output/server/_chunks/template-design-DZlmf7_Y.mjs (45.3 kB)[39m[90m (7.63 kB gzip)[39m
[90m  Γö£ΓöÇ .output/server/_chunks/template-dispatch-Bee5sx3U.mjs (27.9 kB)[39m[90m (9.16 kB gzip)[39m
[90m  Γö£ΓöÇ .output/server/_chunks/template-dispatch-BmkCj4Du.mjs (27.1 kB)[39m[90m (9.09 kB gzip)[39m
[90m  Γö£ΓöÇ .output/server/_chunks/template-dispatch-BmNd3zOX.mjs (29.3 kB)[39m[90m (9.66 kB gzip)[39m
[90m  Γö£ΓöÇ .output/server/_chunks/template-dispatch-BsQ4JFNj.mjs (23.2 kB)[39m[90m (9.39 kB gzip)[39m
[90m  Γö£ΓöÇ .output/server/_chunks/template-dispatch-BzGG-nVv.mjs (46.7 kB)[39m[90m (10.7 kB gzip)[39m
[90m  Γö£ΓöÇ .output/server/_chunks/template-dispatch-CBanX3V9.mjs (47 kB)[39m[90m (8.4 kB gzip)[39m
[90m  Γö£ΓöÇ .output/server/_chunks/template-dispatch-D-_27anD.mjs (23.3 kB)[39m[90m (9.41 kB gzip)[39m
[90m  Γö£ΓöÇ .output/server/_chunks/template-dispatch-DOrosrCE.mjs (31.8 kB)[39m[90m (10.2 kB gzip)[39m
[90m  Γö£ΓöÇ .output/server/_chunks/template-dispatch-DoUhoXQA.mjs (34 kB)[39m[90m (9.98 kB gzip)[39m
[90m  Γö£ΓöÇ .output/server/_chunks/template-dispatch-DxK9pBml.mjs (27.2 kB)[39m[90m (9.46 kB gzip)[39m
[90m  Γö£ΓöÇ .output/server/_chunks/template-dispatch-zALFlvMg.mjs (27.4 kB)[39m[90m (9.66 kB gzip)[39m
[90m  Γö£ΓöÇ .output/server/_chunks/template-forms-B-ce-ydg.mjs (17.1 kB)[39m[90m (5.16 kB gzip)[39m
[90m  Γö£ΓöÇ .output/server/_chunks/template-forms-B-WsxkGL.mjs (13.3 kB)[39m[90m (5.04 kB gzip)[39m
[90m  Γö£ΓöÇ .output/server/_chunks/template-forms-BPzLytVB.mjs (14.8 kB)[39m[90m (4.65 kB gzip)[39m
[90m  Γö£ΓöÇ .output/server/_chunks/template-forms-Cc3kGWq3.mjs (22.5 kB)[39m[90m (5.47 kB gzip)[39m
[90m  Γö£ΓöÇ .output/server/_chunks/template-forms-CVh4H3W7.mjs (16.4 kB)[39m[90m (5.28 kB gzip)[39m
[90m  Γö£ΓöÇ .output/server/_chunks/template-forms-CyLIFp5U.mjs (15.1 kB)[39m[90m (4.93 kB gzip)[39m
[90m  Γö£ΓöÇ .output/server/_chunks/template-forms-D2ZafkrU.mjs (15.4 kB)[39m[90m (4.86 kB gzip)[39m
[90m  Γö£ΓöÇ .output/server/_chunks/template-forms-f0iFTd4W.mjs (14.6 kB)[39m[90m (5.01 kB gzip)[39m
[90m  Γö£ΓöÇ .output/server/_chunks/template-forms-gme6uxLm.mjs (26.8 kB)[39m[90m (4.42 kB gzip)[39m
[90m  Γö£ΓöÇ .output/server/_chunks/template-forms-j-SV4-QS.mjs (14.8 kB)[39m[90m (4.74 kB gzip)[39m
[90m  Γö£ΓöÇ .output/server/_chunks/template-forms-OXbN7ZcA.mjs (13.3 kB)[39m[90m (5.02 kB gzip)[39m
[90m  Γö£ΓöÇ .output/server/_chunks/template-mail-1-Rat-Xh.mjs (25.6 kB)[39m[90m (7.44 kB gzip)[39m
[90m  Γö£ΓöÇ .output/server/_chunks/template-mail-4Mle-hRO.mjs (37.1 kB)[39m[90m (6.33 kB gzip)[39m
[90m  Γö£ΓöÇ .output/server/_chunks/template-mail-ay7pTcBh.mjs (21.9 kB)[39m[90m (7.03 kB gzip)[39m
[90m  Γö£ΓöÇ .output/server/_chunks/template-mail-BkBbzUJP.mjs (18.9 kB)[39m[90m (7.14 kB gzip)[39m
[90m  Γö£ΓöÇ .output/server/_chunks/template-mail-C-Ep4TqM.mjs (21.4 kB)[39m[90m (7.21 kB gzip)[39m
[90m  Γö£ΓöÇ .output/server/_chunks/template-mail-cdIPexh5.mjs (21.4 kB)[39m[90m (7.14 kB gzip)[39m
[90m  Γö£ΓöÇ .output/server/_chunks/template-mail-CE_zbB7b.mjs (33.7 kB)[39m[90m (7.89 kB gzip)[39m
[90m  Γö£ΓöÇ .output/server/_chunks/template-mail-CklblELg.mjs (19 kB)[39m[90m (7.13 kB gzip)[39m
[90m  Γö£ΓöÇ .output/server/_chunks/template-mail-ckPyaQ8G.mjs (21.2 kB)[39m[90m (6.83 kB gzip)[39m
[90m  Γö£ΓöÇ .output/server/_chunks/template-mail-DW1R7BIN.mjs (24.6 kB)[39m[90m (7.65 kB gzip)[39m
[90m  Γö£ΓöÇ .output/server/_chunks/template-mail-rbzqAIG6.mjs (20.7 kB)[39m[90m (6.72 kB gzip)[39m
[90m  Γö£ΓöÇ .output/server/_chunks/template-plan-CfYQLmOk.mjs (59.1 kB)[39m[90m (16.2 kB gzip)[39m
[90m  Γö£ΓöÇ .output/server/_chunks/template-plan-CrMdVlOE.mjs (51.7 kB)[39m[90m (15.5 kB gzip)[39m
[90m  Γö£ΓöÇ .output/server/_chunks/template-plan-CrpWFwr3.mjs (50.3 kB)[39m[90m (15 kB gzip)[39m
[90m  Γö£ΓöÇ .output/server/_chunks/template-plan-Css9y7RX.mjs (49.9 kB)[39m[90m (14.8 kB gzip)[39m
[90m  Γö£ΓöÇ .output/server/_chunks/template-plan-CTgiUyxc.mjs (51 kB)[39m[90m (15.6 kB gzip)[39m
[90m  Γö£ΓöÇ .output/server/_chunks/template-plan-D_lapR5t.mjs (92.1 kB)[39m[90m (26.6 kB gzip)[39m
[90m  Γö£ΓöÇ .output/server/_chunks/template-plan-Dbvx0iHF.mjs (79 kB)[39m[90m (17.3 kB gzip)[39m
[90m  Γö£ΓöÇ .output/server/_chunks/template-plan-DlaXTj0J.mjs (44.8 kB)[39m[90m (15.3 kB gzip)[39m
[90m  Γö£ΓöÇ .output/server/_chunks/template-plan-Dn-0rA0D.mjs (44.6 kB)[39m[90m (15.3 kB gzip)[39m
[90m  Γö£ΓöÇ .output/server/_chunks/template-plan-FLnnq_vt.mjs (57.9 kB)[39m[90m (16.4 kB gzip)[39m
[90m  Γö£ΓöÇ .output/server/_chunks/template-plan-IwPqwpX6.mjs (51.5 kB)[39m[90m (15.9 kB gzip)[39m
[90m  Γö£ΓöÇ .output/server/_chunks/template-slides-B-KbjYYS.mjs (32.7 kB)[39m[90m (7.59 kB gzip)[39m
[90m  Γö£ΓöÇ .output/server/_chunks/template-slides-B-ojOhMR.mjs (20.9 kB)[39m[90m (6.9 kB gzip)[39m
[90m  Γö£ΓöÇ .output/server/_chunks/template-slides-BM1v_G3G.mjs (20.7 kB)[39m[90m (6.59 kB gzip)[39m
[90m  Γö£ΓöÇ .output/server/_chunks/template-slides-BnmsPorP.mjs (18.6 kB)[39m[90m (6.97 kB gzip)[39m
[90m  Γö£ΓöÇ .output/server/_chunks/template-slides-BvEL6Lfk.mjs (21.9 kB)[39m[90m (6.81 kB gzip)[39m
[90m  Γö£ΓöÇ .output/server/_chunks/template-slides-CBHsKnzT.mjs (21.5 kB)[39m[90m (6.73 kB gzip)[39m
[90m  Γö£ΓöÇ .output/server/_chunks/template-slides-CbS9MD_A.mjs (24.2 kB)[39m[90m (7.47 kB gzip)[39m
[90m  Γö£ΓöÇ .output/server/_chunks/template-slides-CT2QBNga.mjs (24.7 kB)[39m[90m (7.21 kB gzip)[39m
[90m  Γö£ΓöÇ .output/server/_chunks/template-slides-CUJL3WYF.mjs (39.1 kB)[39m[90m (6.46 kB gzip)[39m
[90m  Γö£ΓöÇ .output/server/_chunks/template-slides-D4_m4nJS.mjs (21.6 kB)[39m[90m (7.11 kB gzip)[39m
[90m  Γö£ΓöÇ .output/server/_chunks/template-slides-DLEdlBHa.mjs (18.7 kB)[39m[90m (6.95 kB gzip)[39m
[90m  Γö£ΓöÇ .output/server/_chunks/terraform-v0KN9QQh.mjs (11.4 kB)[39m[90m (2.49 kB gzip)[39m
[90m  Γö£ΓöÇ .output/server/_chunks/tex-DkPPYOpM.mjs (9.67 kB)[39m[90m (3.05 kB gzip)[39m
[90m  Γö£ΓöÇ .output/server/_chunks/th-TH-HPSO5L25--ICfYnIE.mjs (15.5 kB)[39m[90m (5.18 kB gzip)[39m
[90m  Γö£ΓöÇ .output/server/_chunks/timeline-definition-PNZ67QCA-C1Js0wu6.mjs (30.3 kB)[39m[90m (9.81 kB gzip)[39m
[90m  Γö£ΓöÇ .output/server/_chunks/tokyo-night-UvDgn0xP.mjs (35.7 kB)[39m[90m (6.17 kB gzip)[39m
[90m  Γö£ΓöÇ .output/server/_chunks/toml-B7BHZIqX.mjs (6.42 kB)[39m[90m (1.27 kB gzip)[39m
[90m  Γö£ΓöÇ .output/server/_chunks/toolkit-agent-ux-BLTdMGML.mjs (11 kB)[39m[90m (2.22 kB gzip)[39m
[90m  Γö£ΓöÇ .output/server/_chunks/toolkit-collaboration-D1qRJK0x.mjs (16.9 kB)[39m[90m (2.6 kB gzip)[39m
[90m  Γö£ΓöÇ .output/server/_chunks/toolkit-command-navigation-gzSqoOue.mjs (11.3 kB)[39m[90m (2.02 kB gzip)[39m
[90m  Γö£ΓöÇ .output/server/_chunks/toolkit-comments-review-Cx6T0eeU.mjs (14.5 kB)[39m[90m (2.53 kB gzip)[39m
[90m  Γö£ΓöÇ .output/server/_chunks/toolkit-history-6fH4Sn3C.mjs (13.7 kB)[39m[90m (2.46 kB gzip)[39m
[90m  Γö£ΓöÇ .output/server/_chunks/toolkit-observability-CS8zUt1H.mjs (10.8 kB)[39m[90m (2 kB gzip)[39m
[90m  Γö£ΓöÇ .output/server/_chunks/toolkit-org-team-DreZNV5F.mjs (12.8 kB)[39m[90m (2.32 kB gzip)[39m
[90m  Γö£ΓöÇ .output/server/_chunks/toolkit-resources-D6pyXZAF.mjs (12.3 kB)[39m[90m (2.13 kB gzip)[39m
[90m  Γö£ΓöÇ .output/server/_chunks/toolkit-settings-UB6ZD0kR.mjs (14.2 kB)[39m[90m (2.76 kB gzip)[39m
[90m  Γö£ΓöÇ .output/server/_chunks/toolkit-setup-connections-JXgcKWJa.mjs (11.8 kB)[39m[90m (2.19 kB gzip)[39m
[90m  Γö£ΓöÇ .output/server/_chunks/toolkit-sharing-CAxCA2yZ.mjs (19.6 kB)[39m[90m (2.95 kB gzip)[39m
[90m  Γö£ΓöÇ .output/server/_chunks/toolkit-ui-Bi8-fOMu.mjs (20.8 kB)[39m[90m (3.26 kB gzip)[39m
[90m  Γö£ΓöÇ .output/server/_chunks/tr-TR-DEFEU3FU-DclH4E0X.mjs (19.5 kB)[39m[90m (7.93 kB gzip)[39m
[90m  Γö£ΓöÇ .output/server/_chunks/tracking-B7Bw4CGM.mjs (18.4 kB)[39m[90m (8.35 kB gzip)[39m
[90m  Γö£ΓöÇ .output/server/_chunks/tracking-BC9hnrOM.mjs (33.1 kB)[39m[90m (9.06 kB gzip)[39m
[90m  Γö£ΓöÇ .output/server/_chunks/tracking-C75SLgY9.mjs (23.9 kB)[39m[90m (8.65 kB gzip)[39m
[90m  Γö£ΓöÇ .output/server/_chunks/tracking-CAaH2NQA.mjs (18.5 kB)[39m[90m (8.37 kB gzip)[39m
[90m  Γö£ΓöÇ .output/server/_chunks/tracking-Cdt0tIQr.mjs (21 kB)[39m[90m (8.29 kB gzip)[39m
[90m  Γö£ΓöÇ .output/server/_chunks/tracking-CEzQnPDa.mjs (21.1 kB)[39m[90m (7.71 kB gzip)[39m
[90m  Γö£ΓöÇ .output/server/_chunks/tracking-CHyjo-Pl.mjs (25.1 kB)[39m[90m (8.71 kB gzip)[39m
[90m  Γö£ΓöÇ .output/server/_chunks/tracking-Dna2KHo7.mjs (36.7 kB)[39m[90m (7.08 kB gzip)[39m
[90m  Γö£ΓöÇ .output/server/_chunks/tracking-DO9tKGmA.mjs (20.5 kB)[39m[90m (7.74 kB gzip)[39m
[90m  Γö£ΓöÇ .output/server/_chunks/tracking-DW5gW62Z.mjs (21.6 kB)[39m[90m (7.98 kB gzip)[39m
[90m  Γö£ΓöÇ .output/server/_chunks/tracking-YqkNY87D.mjs (20.7 kB)[39m[90m (8.02 kB gzip)[39m
[90m  Γö£ΓöÇ .output/server/_chunks/treemap-LRROVOQU-CKy5Qnzh.mjs (90 B)[39m[90m (103 B gzip)[39m
[90m  Γö£ΓöÇ .output/server/_chunks/treeView-BLDUP644-X4VMaz9c.mjs (91 B)[39m[90m (104 B gzip)[39m
[90m  Γö£ΓöÇ .output/server/_chunks/ts-tags-Dv70ckg6.mjs (16.6 kB)[39m[90m (2.02 kB gzip)[39m
[90m  Γö£ΓöÇ .output/server/_chunks/tsv-BorGVq2Z.mjs (732 B)[39m[90m (335 B gzip)[39m
[90m  Γö£ΓöÇ .output/server/_chunks/tsx-BRHNXIRX.mjs (176 kB)[39m[90m (16.2 kB gzip)[39m
[90m  Γö£ΓöÇ .output/server/_chunks/tsx-nWku-tE-.mjs (60 B)[39m[90m (75 B gzip)[39m
[90m  Γö£ΓöÇ .output/server/_chunks/turtle-BEG5g_eT.mjs (3.69 kB)[39m[90m (966 B gzip)[39m
[90m  Γö£ΓöÇ .output/server/_chunks/twig-CsuJE5uW.mjs (20.9 kB)[39m[90m (3.65 kB gzip)[39m
[90m  Γö£ΓöÇ .output/server/_chunks/typescript-Bqnb3xU2.mjs (67 B)[39m[90m (82 B gzip)[39m
[90m  Γö£ΓöÇ .output/server/_chunks/typescript-ZJOm81B3.mjs (181 kB)[39m[90m (15.8 kB gzip)[39m
[90m  Γö£ΓöÇ .output/server/_chunks/typespec-C_R5TbvO.mjs (25 kB)[39m[90m (2.61 kB gzip)[39m
[90m  Γö£ΓöÇ .output/server/_chunks/typst-BV9w0z8-.mjs (8.38 kB)[39m[90m (1.66 kB gzip)[39m
[90m  Γö£ΓöÇ .output/server/_chunks/uk-UA-QMV73CPH--NnUJ759.mjs (31.6 kB)[39m[90m (10.1 kB gzip)[39m
[90m  Γö£ΓöÇ .output/server/_chunks/using-your-agent-B0xKEWa4.mjs (6.61 kB)[39m[90m (2.73 kB gzip)[39m
[90m  Γö£ΓöÇ .output/server/_chunks/using-your-agent-BFJE0lK4.mjs (11.9 kB)[39m[90m (3.39 kB gzip)[39m
[90m  Γö£ΓöÇ .output/server/_chunks/using-your-agent-C0i7uR-a.mjs (7.11 kB)[39m[90m (3.1 kB gzip)[39m
[90m  Γö£ΓöÇ .output/server/_chunks/using-your-agent-CBL9DD7z.mjs (8.02 kB)[39m[90m (3.06 kB gzip)[39m
[90m  Γö£ΓöÇ .output/server/_chunks/using-your-agent-CrwOkOi6.mjs (11.7 kB)[39m[90m (2.49 kB gzip)[39m
[90m  Γö£ΓöÇ .output/server/_chunks/using-your-agent-D5AO-6Nb.mjs (6.16 kB)[39m[90m (3.1 kB gzip)[39m
[90m  Γö£ΓöÇ .output/server/_chunks/using-your-agent-DeDX53Bf.mjs (6.63 kB)[39m[90m (2.74 kB gzip)[39m
[90m  Γö£ΓöÇ .output/server/_chunks/using-your-agent-DfOh6kQh.mjs (8.23 kB)[39m[90m (3.31 kB gzip)[39m
[90m  Γö£ΓöÇ .output/server/_chunks/using-your-agent-kN8uPyD_.mjs (6.14 kB)[39m[90m (3.09 kB gzip)[39m
[90m  Γö£ΓöÇ .output/server/_chunks/using-your-agent-MELmN0cM.mjs (7.04 kB)[39m[90m (2.99 kB gzip)[39m
[90m  Γö£ΓöÇ .output/server/_chunks/using-your-agent-QqMiwFdj.mjs (7.07 kB)[39m[90m (2.89 kB gzip)[39m
[90m  Γö£ΓöÇ .output/server/_chunks/v-DfbeXLo8.mjs (13.2 kB)[39m[90m (2.72 kB gzip)[39m
[90m  Γö£ΓöÇ .output/server/_chunks/vala-BnnASFsX.mjs (3.36 kB)[39m[90m (1.18 kB gzip)[39m
[90m  Γö£ΓöÇ .output/server/_chunks/vb-DU29mvss.mjs (6.09 kB)[39m[90m (2.33 kB gzip)[39m
[90m  Γö£ΓöÇ .output/server/_chunks/vennDiagram-CIIHVFJN-DO9firrj.mjs (40.5 kB)[39m[90m (14.7 kB gzip)[39m
[90m  Γö£ΓöÇ .output/server/_chunks/verilog-BW5U03XW.mjs (5.92 kB)[39m[90m (1.89 kB gzip)[39m
[90m  Γö£ΓöÇ .output/server/_chunks/vesper-B1_8OxTj.mjs (12.7 kB)[39m[90m (1.96 kB gzip)[39m
[90m  Γö£ΓöÇ .output/server/_chunks/vhdl-Co2XFKY7.mjs (24.3 kB)[39m[90m (3.84 kB gzip)[39m
[90m  Γö£ΓöÇ .output/server/_chunks/vi-VN-M7AON7JQ-CmKdymBK.mjs (13.9 kB)[39m[90m (5.76 kB gzip)[39m
[90m  Γö£ΓöÇ .output/server/_chunks/viml-BReTXeDA.mjs (20.4 kB)[39m[90m (6.7 kB gzip)[39m
[90m  Γö£ΓöÇ .output/server/_chunks/vitesse-black-CBEAmYDv.mjs (13.7 kB)[39m[90m (3.04 kB gzip)[39m
[90m  Γö£ΓöÇ .output/server/_chunks/vitesse-dark-DZUyO5Zh.mjs (13.8 kB)[39m[90m (3.04 kB gzip)[39m
[90m  Γö£ΓöÇ .output/server/_chunks/vitesse-light-B7AfjFlt.mjs (13.6 kB)[39m[90m (3.01 kB gzip)[39m
[90m  Γö£ΓöÇ .output/server/_chunks/voice-input-BqJpXuiZ.mjs (8.96 kB)[39m[90m (3.77 kB gzip)[39m
[90m  Γö£ΓöÇ .output/server/_chunks/voice-input-BslIpjx5.mjs (10.1 kB)[39m[90m (4.16 kB gzip)[39m
[90m  Γö£ΓöÇ .output/server/_chunks/voice-input-CidCleBA.mjs (15.9 kB)[39m[90m (3.39 kB gzip)[39m
[90m  Γö£ΓöÇ .output/server/_chunks/voice-input-CycUnUPA.mjs (15.4 kB)[39m[90m (4.36 kB gzip)[39m
[90m  Γö£ΓöÇ .output/server/_chunks/voice-input-DaQ9tvOh.mjs (9.06 kB)[39m[90m (3.72 kB gzip)[39m
[90m  Γö£ΓöÇ .output/server/_chunks/voice-input-DidWIStW.mjs (7.68 kB)[39m[90m (3.9 kB gzip)[39m
[90m  Γö£ΓöÇ .output/server/_chunks/voice-input-Dl-Kihik.mjs (8.91 kB)[39m[90m (3.9 kB gzip)[39m
[90m  Γö£ΓöÇ .output/server/_chunks/voice-input-DQCYEmCG.mjs (10.4 kB)[39m[90m (3.99 kB gzip)[39m
[90m  Γö£ΓöÇ .output/server/_chunks/voice-input-DQDbmRQq.mjs (8.64 kB)[39m[90m (3.56 kB gzip)[39m
[90m  Γö£ΓöÇ .output/server/_chunks/voice-input-LJNPqliS.mjs (8.67 kB)[39m[90m (3.57 kB gzip)[39m
[90m  Γö£ΓöÇ .output/server/_chunks/voice-input-ZxpAw97q.mjs (7.74 kB)[39m[90m (3.88 kB gzip)[39m
[90m  Γö£ΓöÇ .output/server/_chunks/vue-BVwm3AR4.mjs (24.5 kB)[39m[90m (2.95 kB gzip)[39m
[90m  Γö£ΓöÇ .output/server/_chunks/vue-html-BI7VFaOy.mjs (8.47 kB)[39m[90m (1.67 kB gzip)[39m
[90m  Γö£ΓöÇ .output/server/_chunks/vue-vine-Bvq36ReL.mjs (190 kB)[39m[90m (17.6 kB gzip)[39m
[90m  Γö£ΓöÇ .output/server/_chunks/vyper-C6KGx0YU.mjs (74.6 kB)[39m[90m (10.6 kB gzip)[39m
[90m  Γö£ΓöÇ .output/server/_chunks/wardley-L42UT6IY-Dww4X11N.mjs (90 B)[39m[90m (103 B gzip)[39m
[90m  Γö£ΓöÇ .output/server/_chunks/wardleyDiagram-YWT4CUSO-ClBmVmHf.mjs (25.1 kB)[39m[90m (6.43 kB gzip)[39m
[90m  Γö£ΓöÇ .output/server/_chunks/wasm-DT3Z-V6Q.mjs (622 kB)[39m[90m (230 kB gzip)[39m
[90m  Γö£ΓöÇ .output/server/_chunks/wasm-gNIKwGlD.mjs (12 kB)[39m[90m (2.17 kB gzip)[39m
[90m  Γö£ΓöÇ .output/server/_chunks/wenyan-BeysbCrW.mjs (2.15 kB)[39m[90m (1.08 kB gzip)[39m
[90m  Γö£ΓöÇ .output/server/_chunks/wgsl-1s5rV5xS.mjs (5.14 kB)[39m[90m (1.38 kB gzip)[39m
[90m  Γö£ΓöÇ .output/server/_chunks/what-is-agent-native-Csg4SJL0.mjs (45.3 kB)[39m[90m (8.54 kB gzip)[39m
[90m  Γö£ΓöÇ .output/server/_chunks/what-is-jami-BmaU6NA6.mjs (23.3 kB)[39m[90m (8.49 kB gzip)[39m
[90m  Γö£ΓöÇ .output/server/_chunks/what-is-jami-C24LmRpS.mjs (21.4 kB)[39m[90m (7.94 kB gzip)[39m
[90m  Γö£ΓöÇ .output/server/_chunks/what-is-jami-CCrWEbPc.mjs (22.4 kB)[39m[90m (8.49 kB gzip)[39m
[90m  Γö£ΓöÇ .output/server/_chunks/what-is-jami-CDIYUeUz.mjs (23 kB)[39m[90m (8.52 kB gzip)[39m
[90m  Γö£ΓöÇ .output/server/_chunks/what-is-jami-CE8cRYIo.mjs (18.9 kB)[39m[90m (8.5 kB gzip)[39m
[90m  Γö£ΓöÇ .output/server/_chunks/what-is-jami-D90W2RZ2.mjs (26.5 kB)[39m[90m (9.1 kB gzip)[39m
[90m  Γö£ΓöÇ .output/server/_chunks/what-is-jami-DCXAf4JZ.mjs (39.9 kB)[39m[90m (9.63 kB gzip)[39m
[90m  Γö£ΓöÇ .output/server/_chunks/what-is-jami-DfrIiF5M.mjs (19 kB)[39m[90m (8.46 kB gzip)[39m
[90m  Γö£ΓöÇ .output/server/_chunks/what-is-jami-DW4PojqE.mjs (27.8 kB)[39m[90m (8.96 kB gzip)[39m
[90m  Γö£ΓöÇ .output/server/_chunks/what-is-jami-mtBjx77s.mjs (45.3 kB)[39m[90m (8.54 kB gzip)[39m
[90m  Γö£ΓöÇ .output/server/_chunks/what-is-jami-UU4urEGl.mjs (21.8 kB)[39m[90m (8.01 kB gzip)[39m
[90m  Γö£ΓöÇ .output/server/_chunks/wikitext-wjhjmmzD.mjs (55.9 kB)[39m[90m (4.71 kB gzip)[39m
[90m  Γö£ΓöÇ .output/server/_chunks/wit-CeQiCbz_.mjs (21.5 kB)[39m[90m (2.86 kB gzip)[39m
[90m  Γö£ΓöÇ .output/server/_chunks/wolfram-CcZPfnLd.mjs (262 kB)[39m[90m (77.1 kB gzip)[39m
[90m  Γö£ΓöÇ .output/server/_chunks/workspace-AORCPTQ2.mjs (25.3 kB)[39m[90m (9.46 kB gzip)[39m
[90m  Γö£ΓöÇ .output/server/_chunks/workspace-B4Tl2OEY.mjs (35.6 kB)[39m[90m (10.3 kB gzip)[39m
[90m  Γö£ΓöÇ .output/server/_chunks/workspace-B5ELilNg.mjs (25.3 kB)[39m[90m (9.51 kB gzip)[39m
[90m  Γö£ΓöÇ .output/server/_chunks/workspace-C7pe1H1u.mjs (30 kB)[39m[90m (9.62 kB gzip)[39m
[90m  Γö£ΓöÇ .output/server/_chunks/workspace-Cf7Nra2P.mjs (51.5 kB)[39m[90m (8.62 kB gzip)[39m
[90m  Γö£ΓöÇ .output/server/_chunks/workspace-CmOvPz5V.mjs (30.7 kB)[39m[90m (9.32 kB gzip)[39m
[90m  Γö£ΓöÇ .output/server/_chunks/workspace-connections-B61gCd2m.mjs (43.6 kB)[39m[90m (6.63 kB gzip)[39m
[90m  Γö£ΓöÇ .output/server/_chunks/workspace-connections-Bv-WOwkk.mjs (22.3 kB)[39m[90m (7.58 kB gzip)[39m
[90m  Γö£ΓöÇ .output/server/_chunks/workspace-connections-Bw_Ym-cy.mjs (25.1 kB)[39m[90m (7.69 kB gzip)[39m
[90m  Γö£ΓöÇ .output/server/_chunks/workspace-connections-BWcCgxGr.mjs (28.8 kB)[39m[90m (8.19 kB gzip)[39m
[90m  Γö£ΓöÇ .output/server/_chunks/workspace-connections-c3Ts2MfJ.mjs (27.8 kB)[39m[90m (7.76 kB gzip)[39m
[90m  Γö£ΓöÇ .output/server/_chunks/workspace-connections-DSks2FgP.mjs (25.6 kB)[39m[90m (7.29 kB gzip)[39m
[90m  Γö£ΓöÇ .output/server/_chunks/workspace-connections-DsV3Okw7.mjs (30.4 kB)[39m[90m (7.99 kB gzip)[39m
[90m  Γö£ΓöÇ .output/server/_chunks/workspace-connections-DT3QA6rE.mjs (22.4 kB)[39m[90m (7.51 kB gzip)[39m
[90m  Γö£ΓöÇ .output/server/_chunks/workspace-connections-DTYdIYR2.mjs (39.5 kB)[39m[90m (8.42 kB gzip)[39m
[90m  Γö£ΓöÇ .output/server/_chunks/workspace-connections-kBGWFbet.mjs (26.2 kB)[39m[90m (7.32 kB gzip)[39m
[90m  Γö£ΓöÇ .output/server/_chunks/workspace-connections-lZ5Ssice.mjs (25.6 kB)[39m[90m (7.73 kB gzip)[39m
[90m  Γö£ΓöÇ .output/server/_chunks/workspace-dcWBxGeq.mjs (30 kB)[39m[90m (9.59 kB gzip)[39m
[90m  Γö£ΓöÇ .output/server/_chunks/workspace-DQflgH9t.mjs (29.9 kB)[39m[90m (9.16 kB gzip)[39m
[90m  Γö£ΓöÇ .output/server/_chunks/workspace-m3gccJAa.mjs (31.9 kB)[39m[90m (9.65 kB gzip)[39m
[90m  Γö£ΓöÇ .output/server/_chunks/workspace-management-387mPDXH.mjs (16.2 kB)[39m[90m (5.6 kB gzip)[39m
[90m  Γö£ΓöÇ .output/server/_chunks/workspace-management-BMI8Qttj.mjs (22.1 kB)[39m[90m (5.78 kB gzip)[39m
[90m  Γö£ΓöÇ .output/server/_chunks/workspace-management-BoSIEB19.mjs (14.1 kB)[39m[90m (5.2 kB gzip)[39m
[90m  Γö£ΓöÇ .output/server/_chunks/workspace-management-BYYlAI3T.mjs (12.1 kB)[39m[90m (5.21 kB gzip)[39m
[90m  Γö£ΓöÇ .output/server/_chunks/workspace-management-CUWwSgiV.mjs (12.1 kB)[39m[90m (5.19 kB gzip)[39m
[90m  Γö£ΓöÇ .output/server/_chunks/workspace-management-DBpWXOHH.mjs (14.8 kB)[39m[90m (4.98 kB gzip)[39m
[90m  Γö£ΓöÇ .output/server/_chunks/workspace-management-Dc9h2eIe.mjs (17 kB)[39m[90m (5.48 kB gzip)[39m
[90m  Γö£ΓöÇ .output/server/_chunks/workspace-management-DnzCchD6.mjs (15.5 kB)[39m[90m (5.23 kB gzip)[39m
[90m  Γö£ΓöÇ .output/server/_chunks/workspace-management-DOGnttab.mjs (14.7 kB)[39m[90m (5.01 kB gzip)[39m
[90m  Γö£ΓöÇ .output/server/_chunks/workspace-management-DVOSquIE.mjs (26.1 kB)[39m[90m (4.67 kB gzip)[39m
[90m  Γö£ΓöÇ .output/server/_chunks/workspace-management-TsPwsEim.mjs (13.9 kB)[39m[90m (5.41 kB gzip)[39m
[90m  Γö£ΓöÇ .output/server/_chunks/workspace-mieMZ7eb.mjs (48.6 kB)[39m[90m (10.7 kB gzip)[39m
[90m  Γö£ΓöÇ .output/server/_chunks/workspace-yvmEp47i.mjs (36.4 kB)[39m[90m (10.1 kB gzip)[39m
[90m  Γö£ΓöÇ .output/server/_chunks/writing-agent-instructions-B5kwRMBh.mjs (24 kB)[39m[90m (4.69 kB gzip)[39m
[90m  Γö£ΓöÇ .output/server/_chunks/writing-agent-instructions-BQAxGPcG.mjs (16.8 kB)[39m[90m (5.7 kB gzip)[39m
[90m  Γö£ΓöÇ .output/server/_chunks/writing-agent-instructions-BqCR5JJ4.mjs (14.2 kB)[39m[90m (5.14 kB gzip)[39m
[90m  Γö£ΓöÇ .output/server/_chunks/writing-agent-instructions-CAjk_qDv.mjs (11.4 kB)[39m[90m (5.38 kB gzip)[39m
[90m  Γö£ΓöÇ .output/server/_chunks/writing-agent-instructions-DbfLi_3o.mjs (13.7 kB)[39m[90m (5.05 kB gzip)[39m
[90m  Γö£ΓöÇ .output/server/_chunks/writing-agent-instructions-DEgX_fjn.mjs (14.3 kB)[39m[90m (5.46 kB gzip)[39m
[90m  Γö£ΓöÇ .output/server/_chunks/writing-agent-instructions-Dg82Tusf.mjs (23.5 kB)[39m[90m (6.19 kB gzip)[39m
[90m  Γö£ΓöÇ .output/server/_chunks/writing-agent-instructions-Dn3Dk7ew.mjs (11.5 kB)[39m[90m (5.42 kB gzip)[39m
[90m  Γö£ΓöÇ .output/server/_chunks/writing-agent-instructions-Omnnn7pA.mjs (16.5 kB)[39m[90m (5.96 kB gzip)[39m
[90m  Γö£ΓöÇ .output/server/_chunks/writing-agent-instructions-WcmS3F_I.mjs (14.6 kB)[39m[90m (5.33 kB gzip)[39m
[90m  Γö£ΓöÇ .output/server/_chunks/writing-agent-instructions-XjQljw5A.mjs (13.7 kB)[39m[90m (5.52 kB gzip)[39m
[90m  Γö£ΓöÇ .output/server/_chunks/xml-BhmleR2b.mjs (5.51 kB)[39m[90m (1.26 kB gzip)[39m
[90m  Γö£ΓöÇ .output/server/_chunks/xsl-b3zAHDaJ.mjs (1.36 kB)[39m[90m (495 B gzip)[39m
[90m  Γö£ΓöÇ .output/server/_chunks/xychartDiagram-2RQKCTM6-mAAFUN-C.mjs (39.9 kB)[39m[90m (11.1 kB gzip)[39m
[90m  Γö£ΓöÇ .output/server/_chunks/yaml-b6RMGuq0.mjs (61 B)[39m[90m (76 B gzip)[39m
[90m  Γö£ΓöÇ .output/server/_chunks/yaml-D2asx46c.mjs (10.6 kB)[39m[90m (2.33 kB gzip)[39m
[90m  Γö£ΓöÇ .output/server/_chunks/zenscript-BoijL7rl.mjs (3.9 kB)[39m[90m (1.27 kB gzip)[39m
[90m  Γö£ΓöÇ .output/server/_chunks/zh-CN-LNUGB5OW-_b9u20Ou.mjs (19.1 kB)[39m[90m (8.84 kB gzip)[39m
[90m  Γö£ΓöÇ .output/server/_chunks/zh-HK-E62DVLB3-BN8JpEwA.mjs (9.09 kB)[39m[90m (4.07 kB gzip)[39m
[90m  Γö£ΓöÇ .output/server/_chunks/zh-TW-RAJ6MFWO-BMykDr43.mjs (19 kB)[39m[90m (8.82 kB gzip)[39m
[90m  Γö£ΓöÇ .output/server/_chunks/zig-lTQvxhLD.mjs (5.33 kB)[39m[90m (1.54 kB gzip)[39m
[90m  Γö£ΓöÇ .output/server/_chunks/zwitch-BRZDEjKP.mjs (5.61 kB)[39m[90m (2.96 kB gzip)[39m
[90m  Γö£ΓöÇ .output/server/_libs/cookie-es.mjs (483 B)[39m[90m (288 B gzip)[39m
[90m  Γö£ΓöÇ .output/server/_libs/h3+rou3+srvx.mjs (23.5 kB)[39m[90m (8.43 kB gzip)[39m
[90m  Γö£ΓöÇ .output/server/_libs/hookable.mjs (616 B)[39m[90m (347 B gzip)[39m
[90m  Γö£ΓöÇ .output/server/_libs/react-router.mjs (60 kB)[39m[90m (18.2 kB gzip)[39m
[90m  Γö£ΓöÇ .output/server/_libs/react.mjs (28.1 kB)[39m[90m (8.47 kB gzip)[39m
[90m  Γö£ΓöÇ .output/server/_libs/ufo.mjs (1 kB)[39m[90m (483 B gzip)[39m
[90m  ΓööΓöÇ .output/server/index.mjs (1.02 MB)[39m[90m (161 kB gzip)[39m
[36m╬ú Total size:[39m 45.3 MB (12.7 MB gzip)
[90m[[90mnitro[90m][39m [32mΓ£ö[39m You can preview this build using [36mnpx nitro preview[39m
[deploy] Nitro build complete for preset "node".

Build complete.
